rs369427_C,rs16831558_A,rs7515895_G,rs832179_C,rs17005517_A,rs2085261_G,rs2841390_C,rs4669490_A,rs12621371_C,rs16867226_C,rs6707887_A,rs12479251_G,rs4669492_A,rs12714281_T,rs441869_G,rs10182136_C,rs7591203_C,rs4074801_G,rs7605583_T,rs17407839_C,rs10197090_C,rs12621037_A,rs11900637_A,rs6744132_A,rs6442737_T,rs1065344_C,rs4684284_A,rs17042365_T,rs13093250_A,rs13097853_A,rs9820239_T,rs1866929_G,rs11716698_C,rs660239_T,rs4859269_G,rs4859271_A,rs865808_T,rs12641981_A,rs7666063_C,rs7672648_C,rs11729190_A,rs10856993_T,rs6533371_G,rs648166_T,rs4499805_A,rs152557_C,rs152556_A,rs9371019_G,rs41384449_A,rs9396803_A,rs17621900_C,rs4716185_C,rs6904469_A,rs12214770_G,rs965323_G,rs9354423_G,rs9294702_A,rs1355801_C,rs9345833_T,rs13203062_A,rs2927915_C,rs319088_G,rs319107_G,rs12203851_A,rs10241452_T,rs3887998_T,rs10866925_C,rs1434763_C,rs12549798_A,rs1434764_T,rs2450219_C,rs6577988_A,rs41509045_C,rs16930933_C,rs17818373_A,rs7873448_A,rs10509551_A,rs10887831_T,rs17674469_G,rs12303898_A,rs17009751_T,rs11829155_G,rs579540_G,rs9670668_G,rs9573672_T,rs9513199_T,rs11620144_T,rs12436661_A,rs7176538_G,rs12929879_G,rs1508966_C,rs736528_C,rs9282554_T,rs627144_A,rs686117_G,rs632848_A,rs2854510_G,rs2207121_T,rs2832081_A,rs2065261_A,target
0.0,0.0,0.0,0.0,1.0,0.0,1.0,1.0,1.0,1,1.0,1.0,1,,0.0,0.0,0,2.0,0.0,0.0,0.0,0.0,0.0,1.0,0.0,1.0,0,0.0,0,0,1.0,0,0,0.0,0.0,0.0,1.0,0.0,2.0,1.0,1,1.0,1.0,0.0,0.0,0,1.0,1,1.0,1.0,1.0,1.0,1.0,0.0,0.0,0.0,0.0,0.0,0.0,1.0,1,1.0,1.0,1.0,1.0,1,0.0,1.0,1.0,1.0,2.0,0.0,0,0.0,,1.0,,0,0.0,1.0,1.0,1.0,0.0,0,0.0,1.0,2.0,0.0,0.0,1,2.0,0.0,0,0,0.0,0.0,1.0,1.0,0.0,0.0,0.0
0.0,0.0,1.0,2.0,0.0,2.0,0.0,1.0,1.0,1,1.0,1.0,1,1.0,0.0,0.0,0,2.0,0.0,0.0,0.0,0.0,0.0,2.0,0.0,1.0,0,1.0,0,0,1.0,0,0,1.0,0.0,0.0,2.0,1.0,0.0,0.0,0,0.0,0.0,0.0,0.0,1,1.0,0,0.0,0.0,0.0,0.0,0.0,2.0,1.0,0.0,0.0,0.0,0.0,0.0,0,0.0,0.0,0.0,0.0,0,0.0,0.0,0.0,0.0,1.0,1.0,2,2.0,,1.0,0.0,0,0.0,2.0,1.0,1.0,0.0,0,0.0,0.0,0.0,0.0,0.0,0,2.0,,1,0,0.0,0.0,0.0,0.0,0.0,0.0,0.0
1.0,0.0,1.0,0.0,1.0,0.0,1.0,0.0,0.0,0,0.0,0.0,0,0.0,0.0,1.0,1,1.0,0.0,0.0,0.0,0.0,0.0,0.0,0.0,1.0,0,0.0,0,0,0.0,1,0,2.0,0.0,0.0,2.0,2.0,1.0,1.0,1,1.0,1.0,0.0,0.0,1,1.0,0,0.0,0.0,0.0,0.0,0.0,2.0,1.0,0.0,0.0,,0.0,0.0,0,0.0,0.0,1.0,2.0,2,0.0,0.0,0.0,0.0,0.0,1.0,0,0.0,0.0,1.0,1.0,1,0.0,1.0,0.0,0.0,0.0,0,0.0,2.0,,1.0,0.0,1,1.0,0.0,0,1,1.0,1.0,0.0,1.0,1.0,1.0,1.0
1.0,0.0,0.0,1.0,0.0,0.0,0.0,0.0,0.0,0,0.0,0.0,0,0.0,0.0,0.0,0,0.0,0.0,1.0,1.0,1.0,1.0,1.0,0.0,1.0,0,0.0,0,0,0.0,0,0,1.0,0.0,0.0,0.0,0.0,0.0,0.0,0,0.0,0.0,1.0,0.0,1,1.0,0,0.0,0.0,0.0,0.0,0.0,2.0,1.0,2.0,2.0,2.0,2.0,1.0,2,2.0,2.0,2.0,1.0,1,0.0,1.0,1.0,1.0,0.0,1.0,0,0.0,0.0,1.0,0.0,0,0.0,1.0,0.0,0.0,0.0,0,0.0,2.0,,2.0,0.0,0,0.0,0.0,0,0,0.0,0.0,0.0,0.0,0.0,0.0,0.0
1.0,1.0,2.0,0.0,1.0,1.0,0.0,0.0,0.0,0,0.0,0.0,0,0.0,1.0,0.0,0,0.0,1.0,0.0,0.0,0.0,0.0,1.0,0.0,2.0,1,1.0,1,1,2.0,0,0,1.0,0.0,0.0,0.0,2.0,2.0,2.0,2,2.0,2.0,1.0,0.0,0,2.0,0,0.0,0.0,0.0,0.0,0.0,0.0,0.0,1.0,1.0,1.0,1.0,0.0,0,0.0,0.0,0.0,2.0,1,1.0,1.0,1.0,1.0,1.0,0.0,0,0.0,0.0,2.0,0.0,0,0.0,1.0,0.0,0.0,0.0,0,0.0,0.0,0.0,1.0,0.0,0,1.0,1.0,1,0,0.0,0.0,0.0,2.0,0.0,0.0,1.0
1.0,0.0,0.0,0.0,1.0,1.0,0.0,0.0,0.0,0,0.0,0.0,0,0.0,0.0,0.0,0,1.0,1.0,1.0,1.0,1.0,1.0,1.0,0.0,0.0,1,1.0,1,1,0.0,0,1,0.0,0.0,0.0,1.0,1.0,1.0,1.0,1,1.0,1.0,1.0,0.0,2,0.0,0,0.0,0.0,0.0,0.0,0.0,1.0,0.0,1.0,0.0,1.0,0.0,1.0,1,1.0,1.0,1.0,0.0,0,1.0,0.0,0.0,0.0,0.0,1.0,0,0.0,0.0,2.0,0.0,0,0.0,0.0,0.0,0.0,0.0,0,0.0,0.0,0.0,0.0,1.0,0,1.0,0.0,0,0,0.0,0.0,0.0,1.0,0.0,0.0,1.0
2.0,0.0,2.0,0.0,0.0,0.0,0.0,1.0,1.0,1,1.0,1.0,1,0.0,0.0,0.0,0,0.0,1.0,2.0,2.0,2.0,2.0,2.0,1.0,0.0,1,1.0,1,1,0.0,0,0,1.0,0.0,0.0,0.0,1.0,0.0,0.0,0,0.0,0.0,0.0,0.0,1,0.0,0,0.0,0.0,0.0,0.0,0.0,2.0,1.0,0.0,0.0,0.0,0.0,0.0,1,1.0,1.0,1.0,1.0,1,0.0,2.0,2.0,2.0,0.0,0.0,0,0.0,0.0,1.0,1.0,1,0.0,0.0,0.0,0.0,1.0,1,1.0,0.0,0.0,0.0,1.0,0,1.0,0.0,0,0,0.0,0.0,0.0,2.0,1.0,1.0,1.0
1.0,0.0,1.0,0.0,0.0,1.0,1.0,0.0,0.0,0,0.0,0.0,0,0.0,0.0,0.0,0,1.0,0.0,0.0,0.0,0.0,0.0,1.0,0.0,0.0,0,0.0,0,0,1.0,0,1,2.0,0.0,0.0,1.0,2.0,1.0,1.0,1,1.0,1.0,1.0,0.0,1,0.0,0,0.0,0.0,0.0,0.0,0.0,0.0,0.0,0.0,0.0,0.0,0.0,0.0,1,1.0,1.0,1.0,1.0,1,1.0,0.0,0.0,0.0,1.0,0.0,0,0.0,0.0,0.0,,0,1.0,0.0,0.0,0.0,0.0,0,0.0,1.0,1.0,0.0,1.0,1,0.0,0.0,0,0,0.0,0.0,1.0,,,2.0,0.0
1.0,1.0,0.0,0.0,2.0,,1.0,1.0,1.0,1,1.0,1.0,1,1.0,0.0,0.0,0,0.0,0.0,0.0,1.0,0.0,0.0,1.0,0.0,0.0,1,1.0,1,1,0.0,0,1,1.0,0.0,0.0,1.0,1.0,0.0,0.0,0,0.0,0.0,1.0,0.0,1,1.0,0,0.0,0.0,0.0,0.0,0.0,1.0,1.0,1.0,1.0,1.0,1.0,1.0,1,1.0,1.0,1.0,2.0,2,1.0,2.0,2.0,2.0,0.0,0.0,0,0.0,0.0,1.0,1.0,1,0.0,1.0,0.0,0.0,0.0,0,0.0,0.0,0.0,0.0,0.0,0,0.0,0.0,0,0,0.0,0.0,0.0,0.0,1.0,1.0,1.0
0.0,0.0,1.0,0.0,2.0,0.0,1.0,1.0,1.0,1,1.0,,1,0.0,0.0,1.0,1,1.0,0.0,0.0,0.0,0.0,0.0,1.0,0.0,0.0,0,0.0,0,0,1.0,1,0,2.0,1.0,1.0,1.0,2.0,2.0,2.0,2,2.0,2.0,0.0,1.0,0,0.0,0,0.0,0.0,0.0,0.0,0.0,0.0,1.0,1.0,0.0,1.0,0.0,0.0,0,0.0,0.0,0.0,1.0,1,1.0,1.0,1.0,1.0,2.0,1.0,0,0.0,0.0,1.0,0.0,0,1.0,,0.0,0.0,0.0,0,0.0,0.0,0.0,0.0,0.0,0,1.0,0.0,0,0,0.0,0.0,1.0,1.0,1.0,1.0,1.0
1.0,1.0,1.0,1.0,1.0,,1.0,0.0,,0,0.0,0.0,0,0.0,0.0,0.0,0,2.0,0.0,0.0,0.0,0.0,0.0,1.0,0.0,1.0,0,0.0,0,0,0.0,0,1,1.0,0.0,0.0,1.0,2.0,1.0,1.0,1,1.0,1.0,0.0,1.0,0,1.0,0,0.0,0.0,0.0,0.0,0.0,1.0,1.0,1.0,0.0,1.0,0.0,0.0,2,2.0,2.0,2.0,1.0,1,0.0,0.0,0.0,1.0,2.0,0.0,0,0.0,0.0,0.0,0.0,0,0.0,1.0,0.0,0.0,0.0,0,0.0,1.0,0.0,0.0,,0,0.0,0.0,0,1,1.0,1.0,1.0,0.0,1.0,1.0,1.0
2.0,1.0,0.0,1.0,1.0,1.0,1.0,0.0,0.0,0,0.0,0.0,0,0.0,0.0,0.0,0,2.0,0.0,0.0,0.0,0.0,0.0,0.0,0.0,0.0,1,1.0,1,1,1.0,0,0,2.0,1.0,1.0,2.0,1.0,0.0,0.0,0,0.0,0.0,1.0,0.0,0,1.0,0,0.0,0.0,0.0,0.0,0.0,0.0,0.0,0.0,0.0,0.0,0.0,0.0,1,1.0,1.0,1.0,0.0,0,1.0,2.0,2.0,2.0,1.0,1.0,0,0.0,0.0,0.0,1.0,1,1.0,1.0,0.0,0.0,0.0,0,0.0,2.0,2.0,1.0,0.0,1,0.0,0.0,0,1,1.0,1.0,0.0,0.0,1.0,1.0,0.0
1.0,1.0,0.0,1.0,0.0,,0.0,0.0,0.0,0,0.0,0.0,0,0.0,0.0,1.0,1,2.0,0.0,1.0,1.0,1.0,1.0,2.0,1.0,2.0,0,0.0,0,0,0.0,1,0,1.0,0.0,0.0,1.0,0.0,0.0,0.0,0,0.0,0.0,1.0,1.0,2,0.0,0,0.0,0.0,0.0,0.0,0.0,0.0,0.0,0.0,0.0,0.0,0.0,1.0,1,1.0,1.0,1.0,0.0,0,0.0,0.0,0.0,0.0,2.0,0.0,0,0.0,0.0,0.0,0.0,0,0.0,0.0,0.0,0.0,0.0,0,0.0,1.0,0.0,1.0,1.0,0,1.0,0.0,0,1,1.0,1.0,0.0,1.0,0.0,0.0,1.0
1.0,0.0,1.0,1.0,0.0,1.0,2.0,1.0,1.0,1,1.0,1.0,1,0.0,0.0,0.0,0,2.0,0.0,0.0,0.0,0.0,0.0,1.0,0.0,0.0,0,0.0,0,0,1.0,0,0,0.0,0.0,0.0,1.0,1.0,1.0,1.0,1,1.0,1.0,1.0,0.0,1,0.0,0,0.0,0.0,0.0,0.0,0.0,2.0,0.0,0.0,0.0,0.0,0.0,0.0,0,0.0,0.0,0.0,1.0,1,0.0,1.0,1.0,1.0,1.0,0.0,0,0.0,0.0,1.0,0.0,0,0.0,1.0,1.0,1.0,1.0,1,1.0,2.0,2.0,1.0,,0,1.0,0.0,0,1,1.0,1.0,1.0,2.0,0.0,0.0,0.0
1.0,1.0,1.0,1.0,1.0,0.0,1.0,1.0,1.0,1,1.0,1.0,1,0.0,0.0,0.0,0,1.0,0.0,0.0,0.0,0.0,0.0,1.0,0.0,1.0,0,0.0,0,0,1.0,0,1,1.0,0.0,0.0,2.0,1.0,1.0,1.0,1,1.0,1.0,1.0,0.0,0,1.0,0,0.0,0.0,0.0,0.0,0.0,1.0,0.0,0.0,0.0,0.0,0.0,1.0,0,0.0,0.0,0.0,0.0,0,1.0,1.0,1.0,1.0,0.0,0.0,0,0.0,0.0,0.0,2.0,2,0.0,2.0,1.0,1.0,0.0,0,0.0,1.0,1.0,0.0,0.0,0,1.0,0.0,0,1,1.0,1.0,,0.0,0.0,0.0,0.0
2.0,0.0,1.0,1.0,0.0,1.0,0.0,0.0,0.0,0,0.0,0.0,0,0.0,0.0,1.0,1,1.0,1.0,1.0,1.0,1.0,1.0,2.0,0.0,1.0,1,1.0,1,1,2.0,0,0,0.0,1.0,1.0,0.0,2.0,0.0,0.0,0,0.0,0.0,0.0,1.0,1,0.0,0,0.0,0.0,0.0,0.0,0.0,2.0,1.0,0.0,0.0,1.0,0.0,0.0,2,2.0,2.0,2.0,1.0,1,2.0,2.0,2.0,2.0,1.0,0.0,0,0.0,1.0,1.0,0.0,0,0.0,0.0,1.0,1.0,1.0,1,1.0,1.0,1.0,0.0,0.0,0,0.0,0.0,0,1,1.0,1.0,0.0,2.0,0.0,1.0,1.0
0.0,2.0,0.0,2.0,0.0,1.0,0.0,0.0,0.0,0,0.0,0.0,0,0.0,1.0,0.0,0,1.0,0.0,0.0,0.0,0.0,0.0,1.0,0.0,1.0,2,2.0,2,2,1.0,0,0,1.0,1.0,1.0,2.0,0.0,0.0,0.0,0,0.0,0.0,1.0,1.0,1,1.0,0,0.0,0.0,0.0,0.0,0.0,1.0,0.0,1.0,0.0,1.0,,0.0,1,1.0,1.0,1.0,2.0,2,0.0,0.0,0.0,0.0,1.0,0.0,0,0.0,0.0,0.0,0.0,0,1.0,0.0,0.0,0.0,1.0,1,1.0,1.0,1.0,0.0,0.0,0,0.0,0.0,0,1,1.0,1.0,0.0,0.0,1.0,1.0,1.0
1.0,0.0,0.0,0.0,0.0,1.0,0.0,1.0,1.0,1,1.0,1.0,1,0.0,0.0,0.0,0,2.0,0.0,0.0,0.0,0.0,0.0,0.0,1.0,0.0,1,1.0,1,1,0.0,1,0,1.0,0.0,0.0,0.0,1.0,1.0,1.0,1,1.0,1.0,1.0,0.0,1,1.0,1,1.0,1.0,1.0,1.0,1.0,1.0,1.0,0.0,0.0,0.0,0.0,0.0,1,1.0,1.0,1.0,1.0,1,0.0,0.0,0.0,0.0,0.0,0.0,0,0.0,0.0,1.0,,0,0.0,2.0,1.0,1.0,1.0,1,1.0,1.0,1.0,0.0,1.0,0,1.0,0.0,0,1,1.0,1.0,1.0,0.0,0.0,,0.0
1.0,1.0,0.0,0.0,1.0,1.0,1.0,2.0,2.0,2,2.0,2.0,2,0.0,0.0,0.0,0,2.0,0.0,0.0,0.0,0.0,0.0,2.0,1.0,0.0,1,1.0,1,1,0.0,0,1,0.0,0.0,0.0,0.0,1.0,1.0,1.0,1,1.0,1.0,1.0,0.0,1,1.0,0,0.0,0.0,0.0,0.0,0.0,1.0,0.0,1.0,1.0,1.0,1.0,0.0,0,0.0,0.0,0.0,2.0,2,1.0,1.0,1.0,1.0,1.0,1.0,0,0.0,0.0,1.0,0.0,0,1.0,0.0,0.0,0.0,0.0,0,0.0,1.0,1.0,0.0,0.0,1,0.0,1.0,0,0,0.0,0.0,1.0,0.0,1.0,1.0,0.0
1.0,0.0,0.0,0.0,,0.0,0.0,0.0,0.0,0,0.0,0.0,0,0.0,0.0,0.0,0,0.0,1.0,0.0,0.0,0.0,0.0,0.0,0.0,1.0,1,1.0,1,1,1.0,0,0,1.0,0.0,0.0,0.0,2.0,1.0,1.0,1,1.0,1.0,0.0,0.0,2,0.0,0,0.0,0.0,0.0,0.0,0.0,1.0,0.0,2.0,2.0,2.0,2.0,0.0,1,2.0,2.0,2.0,1.0,1,2.0,0.0,0.0,0.0,1.0,0.0,0,0.0,0.0,0.0,0.0,0,0.0,1.0,0.0,0.0,0.0,0,0.0,2.0,2.0,1.0,0.0,0,0.0,0.0,0,1,1.0,1.0,0.0,1.0,1.0,1.0,1.0
2.0,0.0,0.0,0.0,0.0,1.0,0.0,1.0,1.0,1,1.0,1.0,1,0.0,0.0,1.0,1,0.0,1.0,1.0,1.0,1.0,1.0,1.0,0.0,2.0,1,1.0,1,1,0.0,0,0,1.0,0.0,0.0,0.0,1.0,2.0,2.0,2,2.0,2.0,0.0,0.0,0,2.0,0,0.0,0.0,0.0,0.0,0.0,0.0,0.0,1.0,1.0,1.0,1.0,1.0,1,1.0,1.0,1.0,2.0,2,1.0,1.0,1.0,1.0,1.0,1.0,0,0.0,0.0,0.0,1.0,1,1.0,2.0,0.0,0.0,0.0,0,0.0,0.0,0.0,1.0,2.0,0,0.0,0.0,0,1,1.0,2.0,0.0,0.0,0.0,0.0,0.0
1.0,0.0,1.0,1.0,0.0,0.0,0.0,0.0,0.0,0,0.0,,0,0.0,0.0,1.0,0,2.0,1.0,0.0,0.0,0.0,0.0,2.0,0.0,0.0,0,0.0,0,0,1.0,0,0,0.0,0.0,0.0,0.0,1.0,0.0,0.0,0,0.0,0.0,0.0,0.0,1,1.0,0,0.0,0.0,0.0,0.0,0.0,0.0,0.0,1.0,1.0,1.0,1.0,0.0,1,1.0,1.0,1.0,1.0,1,0.0,1.0,1.0,1.0,2.0,0.0,0,0.0,0.0,2.0,0.0,0,0.0,1.0,0.0,0.0,0.0,0,0.0,0.0,0.0,1.0,1.0,1,0.0,0.0,0,1,1.0,1.0,0.0,1.0,1.0,1.0,1.0
0.0,0.0,0.0,1.0,0.0,1.0,0.0,2.0,2.0,2,2.0,2.0,2,0.0,0.0,0.0,0,1.0,0.0,0.0,0.0,1.0,0.0,2.0,1.0,1.0,1,1.0,1,1,0.0,0,0,1.0,0.0,0.0,2.0,1.0,2.0,2.0,2,2.0,2.0,2.0,1.0,1,0.0,1,1.0,1.0,1.0,1.0,1.0,1.0,0.0,1.0,1.0,1.0,1.0,0.0,1,1.0,1.0,1.0,0.0,0,0.0,0.0,0.0,0.0,2.0,0.0,0,0.0,0.0,0.0,0.0,0,1.0,2.0,1.0,1.0,0.0,0,0.0,0.0,0.0,1.0,1.0,1,2.0,0.0,0,0,0.0,0.0,0.0,2.0,0.0,0.0,0.0
2.0,0.0,2.0,0.0,1.0,0.0,0.0,0.0,0.0,0,0.0,0.0,0,1.0,0.0,1.0,1,1.0,0.0,0.0,0.0,0.0,0.0,1.0,1.0,0.0,0,0.0,0,0,0.0,1,0,1.0,0.0,0.0,2.0,1.0,1.0,1.0,1,1.0,1.0,0.0,0.0,0,1.0,0,0.0,0.0,0.0,0.0,0.0,0.0,1.0,1.0,1.0,1.0,1.0,0.0,0,0.0,0.0,0.0,1.0,1,0.0,0.0,0.0,0.0,2.0,0.0,0,0.0,0.0,1.0,1.0,1,0.0,1.0,0.0,0.0,1.0,1,1.0,1.0,1.0,0.0,0.0,0,1.0,0.0,0,0,0.0,0.0,0.0,0.0,1.0,1.0,1.0
2.0,0.0,1.0,2.0,1.0,1.0,1.0,0.0,0.0,0,0.0,0.0,0,0.0,0.0,0.0,0,1.0,1.0,1.0,1.0,1.0,1.0,0.0,0.0,1.0,1,1.0,1,1,0.0,0,0,0.0,1.0,1.0,1.0,0.0,0.0,0.0,0,0.0,0.0,1.0,0.0,1,1.0,0,0.0,0.0,0.0,0.0,0.0,0.0,0.0,0.0,0.0,0.0,0.0,1.0,2,2.0,2.0,2.0,1.0,1,1.0,0.0,0.0,0.0,1.0,1.0,0,0.0,0.0,1.0,0.0,0,0.0,0.0,0.0,0.0,0.0,0,0.0,0.0,0.0,1.0,0.0,1,1.0,0.0,0,2,2.0,2.0,0.0,2.0,0.0,0.0,1.0
1.0,0.0,1.0,1.0,1.0,1.0,1.0,0.0,0.0,0,0.0,0.0,0,0.0,1.0,0.0,0,1.0,0.0,0.0,0.0,0.0,0.0,0.0,0.0,1.0,0,1.0,1,0,1.0,0,0,1.0,0.0,0.0,2.0,1.0,0.0,0.0,0,0.0,0.0,0.0,0.0,0,1.0,1,1.0,1.0,1.0,1.0,1.0,0.0,1.0,1.0,1.0,1.0,1.0,0.0,1,1.0,1.0,1.0,1.0,1,1.0,1.0,1.0,1.0,1.0,0.0,0,0.0,0.0,2.0,0.0,0,0.0,2.0,0.0,0.0,0.0,0,0.0,2.0,2.0,0.0,1.0,0,0.0,0.0,0,1,1.0,2.0,1.0,1.0,0.0,0.0,1.0
0.0,0.0,0.0,1.0,0.0,0.0,,0.0,0.0,0,0.0,0.0,0,0.0,0.0,0.0,0,1.0,1.0,1.0,1.0,1.0,2.0,2.0,1.0,1.0,0,0.0,0,0,0.0,0,0,0.0,0.0,0.0,1.0,0.0,0.0,0.0,0,0.0,0.0,1.0,0.0,0,,0,0.0,0.0,0.0,0.0,0.0,2.0,0.0,1.0,1.0,1.0,1.0,1.0,1,1.0,1.0,1.0,1.0,1,0.0,0.0,0.0,0.0,1.0,1.0,0,0.0,0.0,1.0,0.0,0,0.0,1.0,0.0,0.0,0.0,0,0.0,1.0,1.0,0.0,1.0,0,0.0,0.0,0,0,0.0,1.0,0.0,0.0,0.0,,0.0
1.0,1.0,1.0,0.0,1.0,0.0,0.0,0.0,0.0,0,0.0,0.0,0,2.0,0.0,2.0,2,1.0,1.0,1.0,1.0,1.0,1.0,1.0,0.0,2.0,1,1.0,1,1,0.0,0,0,0.0,1.0,1.0,0.0,1.0,1.0,1.0,1,1.0,1.0,0.0,0.0,0,1.0,0,0.0,0.0,0.0,0.0,0.0,0.0,0.0,0.0,0.0,1.0,0.0,0.0,1,1.0,1.0,1.0,2.0,2,0.0,1.0,1.0,1.0,1.0,0.0,0,0.0,0.0,1.0,0.0,0,0.0,0.0,0.0,0.0,0.0,0,0.0,0.0,0.0,1.0,1.0,0,1.0,0.0,0,0,0.0,0.0,1.0,0.0,0.0,0.0,1.0
1.0,0.0,0.0,0.0,1.0,1.0,0.0,0.0,0.0,0,0.0,0.0,0,2.0,0.0,1.0,1,0.0,1.0,1.0,1.0,1.0,1.0,2.0,0.0,0.0,1,1.0,1,1,0.0,1,0,0.0,0.0,0.0,1.0,1.0,2.0,2.0,2,2.0,2.0,0.0,0.0,1,0.0,0,0.0,0.0,0.0,0.0,0.0,1.0,0.0,1.0,1.0,1.0,1.0,0.0,0,0.0,0.0,0.0,1.0,1,0.0,2.0,2.0,2.0,1.0,0.0,1,1.0,1.0,1.0,0.0,0,0.0,1.0,0.0,0.0,0.0,0,0.0,1.0,1.0,0.0,1.0,0,1.0,0.0,0,1,1.0,1.0,1.0,0.0,0.0,1.0,1.0
0.0,0.0,0.0,1.0,0.0,1.0,0.0,1.0,1.0,1,1.0,1.0,1,0.0,0.0,0.0,0,0.0,0.0,0.0,0.0,0.0,0.0,2.0,0.0,1.0,1,1.0,1,1,0.0,0,0,1.0,0.0,0.0,1.0,0.0,1.0,1.0,1,1.0,1.0,0.0,1.0,1,1.0,0,0.0,0.0,0.0,0.0,0.0,2.0,0.0,0.0,0.0,0.0,0.0,1.0,1,1.0,1.0,1.0,0.0,0,0.0,0.0,0.0,0.0,1.0,0.0,0,0.0,0.0,1.0,0.0,0,1.0,0.0,0.0,0.0,0.0,0,0.0,0.0,0.0,0.0,1.0,0,0.0,0.0,0,1,1.0,1.0,1.0,1.0,1.0,2.0,1.0
0.0,0.0,0.0,1.0,0.0,1.0,1.0,1.0,1.0,1,1.0,1.0,1,,0.0,1.0,1,1.0,0.0,0.0,0.0,0.0,0.0,2.0,1.0,0.0,0,0.0,0,0,0.0,0,1,1.0,0.0,0.0,0.0,2.0,0.0,0.0,0,1.0,1.0,0.0,0.0,0,1.0,0,0.0,0.0,0.0,0.0,0.0,0.0,1.0,1.0,1.0,1.0,1.0,0.0,1,1.0,1.0,1.0,1.0,0,2.0,0.0,0.0,0.0,1.0,0.0,0,0.0,1.0,1.0,1.0,1,0.0,1.0,0.0,0.0,0.0,0,0.0,2.0,2.0,0.0,0.0,0,1.0,0.0,0,2,2.0,2.0,0.0,0.0,0.0,0.0,0.0
1.0,1.0,0.0,1.0,1.0,0.0,,1.0,1.0,1,1.0,1.0,1,0.0,0.0,0.0,0,1.0,0.0,0.0,0.0,0.0,0.0,1.0,0.0,1.0,0,0.0,0,0,0.0,0,0,0.0,0.0,0.0,0.0,1.0,1.0,1.0,1,1.0,1.0,0.0,1.0,1,1.0,0,0.0,0.0,0.0,0.0,0.0,0.0,0.0,0.0,0.0,0.0,0.0,1.0,0,0.0,0.0,0.0,1.0,1,0.0,0.0,0.0,0.0,2.0,0.0,1,1.0,1.0,1.0,0.0,0,0.0,1.0,0.0,0.0,0.0,0,0.0,1.0,1.0,2.0,0.0,0,1.0,0.0,0,0,0.0,0.0,0.0,1.0,0.0,0.0,1.0
1.0,0.0,0.0,1.0,1.0,0.0,1.0,1.0,1.0,1,1.0,1.0,1,0.0,0.0,0.0,0,1.0,0.0,0.0,0.0,0.0,0.0,1.0,0.0,1.0,1,1.0,1,1,0.0,0,0,0.0,0.0,0.0,1.0,0.0,1.0,1.0,1,2.0,2.0,0.0,0.0,2,0.0,0,0.0,0.0,0.0,0.0,0.0,1.0,2.0,1.0,1.0,1.0,1.0,1.0,0,0.0,0.0,0.0,,2,1.0,1.0,1.0,1.0,1.0,0.0,0,0.0,0.0,1.0,0.0,0,0.0,1.0,0.0,0.0,0.0,0,0.0,2.0,2.0,0.0,1.0,0,0.0,0.0,0,0,0.0,0.0,,1.0,0.0,0.0,1.0
0.0,1.0,1.0,1.0,0.0,1.0,1.0,0.0,0.0,0,0.0,0.0,0,0.0,0.0,0.0,0,0.0,0.0,0.0,0.0,0.0,0.0,2.0,0.0,0.0,1,1.0,1,1,1.0,1,0,0.0,0.0,0.0,0.0,1.0,2.0,2.0,2,2.0,2.0,0.0,0.0,1,1.0,0,0.0,0.0,0.0,0.0,0.0,,2.0,1.0,1.0,1.0,1.0,0.0,1,1.0,1.0,1.0,2.0,2,0.0,1.0,1.0,1.0,2.0,1.0,0,0.0,0.0,1.0,1.0,1,0.0,1.0,0.0,0.0,1.0,1,1.0,1.0,1.0,0.0,1.0,0,1.0,0.0,0,1,1.0,1.0,1.0,1.0,0.0,0.0,1.0
2.0,0.0,1.0,2.0,0.0,0.0,0.0,1.0,1.0,1,1.0,1.0,1,0.0,0.0,1.0,1,0.0,0.0,0.0,0.0,0.0,0.0,0.0,1.0,0.0,1,1.0,1,1,1.0,0,0,0.0,0.0,0.0,1.0,1.0,2.0,2.0,2,2.0,2.0,0.0,2.0,1,0.0,0,0.0,0.0,0.0,0.0,0.0,1.0,2.0,1.0,1.0,1.0,1.0,1.0,0,0.0,0.0,0.0,1.0,1,1.0,0.0,0.0,0.0,1.0,0.0,0,0.0,0.0,2.0,0.0,0,0.0,0.0,0.0,0.0,0.0,0,0.0,1.0,1.0,2.0,2.0,0,1.0,0.0,0,0,0.0,0.0,0.0,0.0,1.0,1.0,1.0
1.0,0.0,0.0,0.0,1.0,1.0,1.0,1.0,1.0,1,1.0,1.0,1,1.0,0.0,1.0,1,0.0,0.0,0.0,0.0,0.0,0.0,1.0,1.0,1.0,1,1.0,1,1,1.0,0,0,0.0,0.0,0.0,2.0,1.0,2.0,1.0,1,1.0,1.0,1.0,0.0,1,1.0,0,0.0,0.0,0.0,0.0,0.0,1.0,2.0,0.0,0.0,0.0,0.0,2.0,1,1.0,1.0,1.0,0.0,0,1.0,0.0,0.0,0.0,0.0,0.0,0,0.0,0.0,1.0,1.0,1,0.0,1.0,1.0,1.0,0.0,0,0.0,1.0,1.0,0.0,0.0,0,0.0,0.0,0,1,1.0,1.0,0.0,1.0,0.0,0.0,0.0
1.0,0.0,0.0,2.0,1.0,0.0,1.0,0.0,0.0,0,0.0,0.0,0,0.0,0.0,1.0,1,1.0,0.0,0.0,0.0,0.0,0.0,0.0,0.0,1.0,0,0.0,0,0,1.0,0,0,0.0,0.0,0.0,1.0,0.0,1.0,1.0,1,1.0,1.0,0.0,0.0,1,0.0,0,0.0,0.0,0.0,0.0,0.0,1.0,1.0,1.0,1.0,1.0,1.0,0.0,0,0.0,0.0,0.0,1.0,1,1.0,0.0,0.0,0.0,2.0,1.0,0,0.0,1.0,1.0,0.0,0,1.0,1.0,1.0,1.0,0.0,0,0.0,2.0,1.0,2.0,0.0,0,1.0,0.0,0,1,1.0,1.0,0.0,0.0,1.0,1.0,0.0
0.0,0.0,1.0,1.0,0.0,1.0,1.0,0.0,0.0,0,0.0,0.0,0,0.0,0.0,0.0,0,2.0,0.0,0.0,0.0,0.0,0.0,,0.0,0.0,0,0.0,0,0,1.0,0,0,2.0,0.0,0.0,1.0,0.0,0.0,0.0,0,0.0,0.0,0.0,1.0,1,1.0,0,0.0,0.0,0.0,0.0,0.0,2.0,0.0,0.0,0.0,0.0,0.0,0.0,2,2.0,2.0,2.0,0.0,0,0.0,0.0,0.0,0.0,1.0,0.0,0,0.0,0.0,0.0,,0,1.0,1.0,0.0,0.0,0.0,0,0.0,2.0,2.0,2.0,1.0,0,1.0,0.0,0,1,1.0,1.0,0.0,0.0,0.0,0.0,0.0
1.0,0.0,1.0,1.0,1.0,0.0,1.0,0.0,0.0,0,0.0,0.0,0,1.0,0.0,0.0,0,2.0,0.0,1.0,1.0,1.0,1.0,0.0,0.0,1.0,1,1.0,1,1,0.0,1,0,1.0,1.0,1.0,1.0,1.0,1.0,1.0,1,1.0,1.0,0.0,0.0,1,0.0,0,0.0,0.0,0.0,0.0,0.0,1.0,0.0,1.0,1.0,1.0,0.0,0.0,2,2.0,2.0,2.0,2.0,2,0.0,2.0,2.0,2.0,1.0,0.0,0,0.0,0.0,1.0,0.0,0,0.0,1.0,0.0,0.0,0.0,0,0.0,2.0,2.0,1.0,0.0,0,0.0,0.0,0,0,0.0,0.0,0.0,2.0,0.0,0.0,1.0
1.0,0.0,0.0,0.0,0.0,0.0,2.0,2.0,2.0,2,2.0,2.0,2,0.0,0.0,0.0,0,1.0,0.0,0.0,0.0,0.0,0.0,2.0,0.0,0.0,0,0.0,0,0,0.0,0,1,0.0,0.0,0.0,1.0,2.0,1.0,1.0,1,1.0,1.0,0.0,1.0,1,0.0,0,0.0,0.0,0.0,0.0,0.0,0.0,2.0,0.0,0.0,0.0,0.0,0.0,2,2.0,2.0,2.0,1.0,1,0.0,1.0,1.0,1.0,1.0,0.0,0,0.0,0.0,1.0,1.0,1,0.0,2.0,1.0,1.0,0.0,0,0.0,2.0,2.0,0.0,0.0,1,1.0,0.0,0,0,0.0,0.0,0.0,2.0,0.0,0.0,1.0
0.0,1.0,1.0,1.0,1.0,0.0,1.0,0.0,0.0,0,0.0,0.0,0,0.0,0.0,0.0,0,0.0,1.0,1.0,1.0,1.0,1.0,1.0,0.0,1.0,1,1.0,1,1,0.0,0,0,0.0,0.0,0.0,1.0,2.0,2.0,2.0,2,2.0,2.0,0.0,0.0,2,0.0,0,0.0,0.0,0.0,0.0,0.0,0.0,0.0,0.0,0.0,0.0,0.0,0.0,0,0.0,,0.0,0.0,0,1.0,1.0,1.0,1.0,2.0,1.0,0,0.0,0.0,0.0,1.0,1,0.0,0.0,0.0,0.0,0.0,1,1.0,2.0,1.0,2.0,1.0,0,2.0,0.0,0,2,2.0,2.0,0.0,0.0,1.0,1.0,0.0
1.0,0.0,0.0,1.0,1.0,1.0,2.0,1.0,1.0,1,1.0,1.0,1,0.0,0.0,1.0,1,1.0,0.0,1.0,1.0,1.0,1.0,2.0,1.0,1.0,0,0.0,0,0,0.0,0,0,0.0,0.0,0.0,1.0,1.0,1.0,1.0,1,1.0,1.0,1.0,0.0,1,0.0,0,0.0,0.0,0.0,0.0,0.0,1.0,1.0,0.0,0.0,0.0,0.0,0.0,0,0.0,0.0,0.0,2.0,2,1.0,1.0,1.0,1.0,2.0,0.0,0,0.0,0.0,2.0,0.0,0,0.0,1.0,0.0,0.0,0.0,0,0.0,1.0,1.0,1.0,2.0,0,0.0,0.0,0,0,0.0,0.0,1.0,1.0,1.0,1.0,1.0
0.0,0.0,1.0,1.0,0.0,2.0,1.0,2.0,2.0,2,2.0,2.0,2,0.0,0.0,1.0,1,1.0,0.0,0.0,0.0,0.0,0.0,1.0,1.0,1.0,1,1.0,1,1,0.0,0,1,1.0,1.0,1.0,1.0,1.0,0.0,0.0,0,0.0,0.0,0.0,0.0,2,0.0,1,1.0,1.0,1.0,1.0,1.0,1.0,0.0,0.0,0.0,0.0,0.0,0.0,1,1.0,1.0,1.0,0.0,0,0.0,2.0,2.0,2.0,0.0,0.0,1,1.0,1.0,1.0,0.0,0,0.0,2.0,0.0,0.0,0.0,0,0.0,1.0,1.0,2.0,0.0,0,2.0,0.0,0,1,1.0,1.0,1.0,1.0,1.0,1.0,0.0
0.0,1.0,0.0,0.0,1.0,1.0,1.0,1.0,1.0,1,1.0,1.0,1,0.0,0.0,0.0,0,1.0,0.0,0.0,0.0,0.0,0.0,2.0,1.0,0.0,1,1.0,1,1,1.0,1,0,1.0,0.0,0.0,1.0,1.0,2.0,2.0,2,,2.0,1.0,1.0,0,1.0,0,0.0,0.0,,0.0,0.0,1.0,1.0,1.0,1.0,1.0,1.0,2.0,1,1.0,1.0,1.0,1.0,1,1.0,2.0,2.0,2.0,2.0,0.0,0,0.0,0.0,1.0,1.0,0,0.0,0.0,0.0,0.0,0.0,0,0.0,2.0,2.0,2.0,0.0,0,2.0,0.0,0,0,0.0,0.0,0.0,1.0,2.0,2.0,0.0
0.0,0.0,0.0,0.0,1.0,,0.0,0.0,0.0,0,0.0,0.0,0,0.0,0.0,1.0,1,0.0,1.0,1.0,1.0,1.0,1.0,1.0,0.0,0.0,1,1.0,1,1,1.0,0,0,1.0,0.0,0.0,0.0,1.0,1.0,1.0,1,1.0,1.0,0.0,0.0,0,0.0,0,0.0,0.0,0.0,0.0,0.0,0.0,1.0,0.0,0.0,0.0,0.0,1.0,2,2.0,2.0,2.0,2.0,2,1.0,2.0,2.0,2.0,1.0,0.0,0,0.0,0.0,0.0,0.0,0,0.0,0.0,0.0,0.0,0.0,0,0.0,0.0,0.0,0.0,1.0,1,0.0,0.0,0,0,0.0,0.0,1.0,0.0,1.0,1.0,1.0
1.0,0.0,0.0,0.0,0.0,0.0,0.0,0.0,0.0,0,0.0,0.0,0,0.0,0.0,1.0,1,0.0,1.0,1.0,1.0,1.0,1.0,1.0,1.0,0.0,0,0.0,0,0,1.0,1,1,1.0,0.0,0.0,0.0,2.0,0.0,0.0,0,0.0,0.0,0.0,2.0,0,2.0,0,0.0,0.0,0.0,0.0,0.0,0.0,0.0,0.0,0.0,0.0,0.0,0.0,2,2.0,2.0,2.0,2.0,2,0.0,1.0,1.0,1.0,0.0,0.0,0,0.0,0.0,1.0,0.0,0,0.0,1.0,0.0,0.0,0.0,0,0.0,1.0,1.0,1.0,,0,0.0,0.0,0,1,1.0,1.0,1.0,2.0,0.0,0.0,1.0
1.0,0.0,0.0,0.0,1.0,0.0,0.0,1.0,1.0,1,1.0,2.0,1,0.0,0.0,0.0,0,1.0,0.0,0.0,0.0,0.0,0.0,0.0,0.0,2.0,0,0.0,0,0,0.0,0,0,0.0,0.0,0.0,1.0,1.0,0.0,0.0,0,0.0,0.0,0.0,0.0,1,1.0,0,0.0,0.0,0.0,0.0,0.0,0.0,0.0,0.0,0.0,0.0,0.0,1.0,1,1.0,1.0,1.0,0.0,0,1.0,1.0,1.0,1.0,2.0,0.0,0,0.0,0.0,2.0,0.0,0,0.0,2.0,0.0,0.0,0.0,0,0.0,1.0,1.0,1.0,0.0,0,0.0,0.0,0,0,0.0,0.0,0.0,0.0,1.0,1.0,0.0
1.0,1.0,1.0,1.0,1.0,1.0,1.0,0.0,0.0,0,0.0,0.0,0,0.0,0.0,0.0,0,0.0,0.0,0.0,0.0,0.0,0.0,1.0,0.0,0.0,0,0.0,0,0,0.0,0,0,2.0,0.0,0.0,1.0,1.0,2.0,2.0,2,2.0,2.0,0.0,1.0,0,1.0,0,0.0,0.0,0.0,0.0,0.0,0.0,2.0,0.0,0.0,0.0,0.0,0.0,1,1.0,1.0,1.0,1.0,1,1.0,1.0,1.0,1.0,1.0,1.0,0,0.0,0.0,1.0,0.0,0,0.0,0.0,1.0,1.0,0.0,1,1.0,1.0,1.0,1.0,,0,1.0,0.0,0,1,1.0,1.0,0.0,1.0,0.0,0.0,0.0
0.0,0.0,0.0,1.0,0.0,1.0,2.0,0.0,0.0,0,0.0,0.0,0,0.0,0.0,1.0,1,1.0,0.0,0.0,0.0,0.0,0.0,1.0,1.0,0.0,0,1.0,1,0,0.0,0,1,1.0,0.0,0.0,1.0,2.0,2.0,2.0,2,2.0,2.0,0.0,0.0,1,0.0,0,0.0,0.0,0.0,0.0,0.0,0.0,0.0,1.0,1.0,1.0,1.0,0.0,1,1.0,1.0,1.0,2.0,2,2.0,0.0,0.0,0.0,1.0,1.0,1,1.0,1.0,1.0,1.0,1,1.0,2.0,0.0,0.0,1.0,1,1.0,1.0,1.0,2.0,1.0,1,0.0,1.0,1,0,0.0,0.0,0.0,2.0,0.0,1.0,1.0
1.0,0.0,0.0,2.0,1.0,0.0,1.0,0.0,0.0,0,0.0,0.0,0,0.0,0.0,1.0,1,1.0,0.0,0.0,0.0,0.0,0.0,1.0,2.0,0.0,1,1.0,1,1,1.0,1,0,0.0,0.0,0.0,1.0,2.0,1.0,1.0,1,1.0,1.0,0.0,0.0,1,1.0,0,0.0,0.0,0.0,0.0,0.0,1.0,1.0,0.0,0.0,0.0,0.0,1.0,1,1.0,1.0,1.0,1.0,1,2.0,1.0,1.0,1.0,1.0,1.0,0,0.0,1.0,1.0,0.0,0,0.0,0.0,0.0,0.0,0.0,0,0.0,1.0,1.0,0.0,0.0,0,1.0,0.0,0,1,1.0,1.0,0.0,0.0,1.0,2.0,1.0
1.0,0.0,1.0,2.0,2.0,1.0,2.0,2.0,2.0,2,2.0,2.0,2,0.0,0.0,0.0,0,2.0,0.0,0.0,0.0,0.0,0.0,1.0,0.0,1.0,1,1.0,1,1,0.0,0,0,2.0,0.0,0.0,1.0,1.0,1.0,1.0,1,1.0,1.0,2.0,0.0,0,2.0,0,0.0,0.0,0.0,0.0,0.0,2.0,0.0,0.0,0.0,0.0,0.0,1.0,1,1.0,1.0,1.0,0.0,0,1.0,1.0,1.0,1.0,1.0,1.0,1,1.0,1.0,0.0,0.0,0,1.0,1.0,1.0,1.0,0.0,0,0.0,0.0,1.0,1.0,0.0,1,1.0,0.0,0,1,1.0,1.0,1.0,2.0,0.0,0.0,0.0
1.0,1.0,1.0,1.0,1.0,0.0,1.0,0.0,0.0,0,0.0,0.0,0,0.0,,2.0,2,2.0,0.0,0.0,0.0,0.0,0.0,1.0,0.0,2.0,0,0.0,0,0,1.0,1,1,2.0,1.0,1.0,0.0,1.0,1.0,1.0,1,1.0,1.0,1.0,1.0,0,2.0,0,0.0,0.0,0.0,0.0,0.0,1.0,0.0,0.0,0.0,0.0,0.0,1.0,2,2.0,2.0,2.0,0.0,0,0.0,2.0,2.0,2.0,0.0,0.0,0,0.0,0.0,2.0,1.0,1,0.0,1.0,0.0,0.0,0.0,0,0.0,1.0,1.0,0.0,0.0,0,0.0,0.0,0,0,0.0,0.0,0.0,0.0,1.0,1.0,1.0
1.0,1.0,0.0,0.0,1.0,1.0,0.0,1.0,1.0,1,1.0,2.0,1,0.0,0.0,0.0,0,1.0,1.0,1.0,1.0,1.0,1.0,1.0,0.0,2.0,0,0.0,0,0,0.0,0,0,0.0,0.0,0.0,1.0,1.0,2.0,2.0,2,2.0,2.0,0.0,0.0,1,1.0,0,0.0,0.0,0.0,0.0,0.0,0.0,1.0,1.0,1.0,1.0,1.0,0.0,1,1.0,1.0,0.0,0.0,0,1.0,0.0,0.0,0.0,0.0,0.0,1,1.0,1.0,0.0,0.0,0,0.0,0.0,0.0,0.0,0.0,0,0.0,1.0,2.0,0.0,1.0,1,0.0,1.0,1,0,0.0,0.0,0.0,1.0,0.0,0.0,1.0
1.0,1.0,0.0,1.0,2.0,0.0,0.0,0.0,0.0,0,0.0,,0,,0.0,1.0,1,0.0,0.0,0.0,0.0,0.0,0.0,2.0,0.0,0.0,0,0.0,0,0,0.0,0,0,1.0,0.0,0.0,2.0,0.0,0.0,0.0,0,0.0,0.0,0.0,0.0,0,1.0,0,0.0,0.0,0.0,0.0,0.0,0.0,0.0,1.0,0.0,1.0,0.0,0.0,2,2.0,2.0,2.0,2.0,2,0.0,2.0,2.0,2.0,0.0,1.0,0,0.0,0.0,0.0,0.0,0,1.0,0.0,0.0,0.0,0.0,0,0.0,1.0,1.0,1.0,0.0,1,1.0,0.0,0,0,0.0,0.0,0.0,0.0,0.0,0.0,0.0
1.0,1.0,0.0,1.0,1.0,0.0,0.0,1.0,1.0,1,1.0,1.0,1,0.0,0.0,0.0,0,0.0,0.0,0.0,0.0,0.0,0.0,2.0,0.0,1.0,0,0.0,0,0,0.0,0,0,1.0,0.0,0.0,2.0,1.0,1.0,1.0,1,1.0,1.0,0.0,0.0,1,0.0,0,0.0,0.0,0.0,0.0,0.0,,2.0,0.0,0.0,0.0,0.0,1.0,0,0.0,0.0,0.0,0.0,0,0.0,0.0,0.0,0.0,1.0,1.0,0,0.0,0.0,1.0,1.0,1,0.0,1.0,0.0,0.0,0.0,0,0.0,1.0,1.0,1.0,0.0,0,1.0,0.0,0,0,0.0,0.0,0.0,1.0,1.0,1.0,0.0
0.0,1.0,0.0,0.0,0.0,1.0,1.0,1.0,1.0,1,1.0,1.0,1,0.0,0.0,1.0,1,2.0,1.0,1.0,1.0,1.0,1.0,2.0,1.0,0.0,0,0.0,0,0,0.0,0,0,0.0,0.0,0.0,2.0,1.0,1.0,1.0,1,1.0,1.0,1.0,0.0,0,1.0,0,0.0,0.0,0.0,0.0,0.0,0.0,0.0,1.0,1.0,1.0,1.0,0.0,1,1.0,1.0,1.0,1.0,1,0.0,0.0,0.0,0.0,2.0,1.0,1,1.0,1.0,0.0,1.0,1,1.0,0.0,0.0,0.0,0.0,0,0.0,1.0,1.0,0.0,0.0,0,0.0,0.0,0,1,1.0,1.0,0.0,1.0,1.0,1.0,0.0
0.0,0.0,0.0,2.0,0.0,1.0,2.0,0.0,0.0,0,0.0,0.0,0,0.0,0.0,1.0,1,1.0,0.0,1.0,1.0,1.0,1.0,0.0,1.0,0.0,0,0.0,0,0,1.0,0,0,0.0,0.0,0.0,2.0,1.0,2.0,2.0,2,2.0,2.0,1.0,0.0,0,,1,2.0,2.0,2.0,2.0,1.0,0.0,0.0,0.0,0.0,0.0,0.0,1.0,2,2.0,2.0,2.0,2.0,2,1.0,1.0,1.0,1.0,0.0,1.0,1,1.0,1.0,1.0,0.0,0,0.0,1.0,1.0,1.0,1.0,1,1.0,2.0,2.0,0.0,0.0,0,1.0,0.0,0,1,1.0,1.0,1.0,1.0,1.0,1.0,0.0
0.0,0.0,0.0,1.0,0.0,1.0,2.0,0.0,0.0,0,0.0,0.0,0,0.0,0.0,0.0,0,1.0,0.0,0.0,0.0,0.0,0.0,1.0,0.0,0.0,0,1.0,0,0,1.0,0,0,1.0,0.0,0.0,0.0,0.0,2.0,2.0,2,2.0,2.0,0.0,0.0,1,1.0,0,0.0,0.0,0.0,0.0,0.0,1.0,0.0,1.0,1.0,1.0,1.0,2.0,1,1.0,1.0,1.0,1.0,1,1.0,0.0,0.0,0.0,1.0,0.0,1,1.0,1.0,1.0,0.0,0,0.0,2.0,0.0,0.0,1.0,1,1.0,1.0,1.0,2.0,0.0,0,1.0,0.0,0,0,0.0,0.0,0.0,1.0,1.0,1.0,0.0
2.0,1.0,0.0,0.0,1.0,1.0,1.0,1.0,1.0,1,1.0,1.0,1,0.0,0.0,0.0,0,0.0,0.0,0.0,0.0,0.0,0.0,1.0,1.0,1.0,0,0.0,0,0,1.0,0,0,0.0,0.0,0.0,0.0,1.0,1.0,1.0,1,1.0,1.0,0.0,0.0,0,1.0,0,0.0,0.0,0.0,0.0,0.0,1.0,1.0,2.0,2.0,2.0,2.0,1.0,2,2.0,2.0,2.0,0.0,0,1.0,0.0,0.0,0.0,0.0,0.0,0,0.0,0.0,1.0,0.0,0,0.0,1.0,0.0,0.0,0.0,0,0.0,1.0,0.0,2.0,0.0,0,1.0,1.0,1,1,1.0,1.0,1.0,1.0,0.0,0.0,0.0
1.0,0.0,0.0,1.0,0.0,2.0,0.0,1.0,1.0,1,1.0,1.0,1,1.0,0.0,1.0,1,1.0,1.0,1.0,1.0,1.0,1.0,2.0,1.0,0.0,0,0.0,0,0,1.0,0,0,2.0,0.0,0.0,0.0,1.0,1.0,1.0,1,1.0,1.0,1.0,0.0,0,2.0,0,0.0,0.0,0.0,0.0,0.0,0.0,0.0,0.0,0.0,0.0,0.0,1.0,1,1.0,1.0,1.0,1.0,1,0.0,0.0,0.0,0.0,0.0,0.0,1,1.0,1.0,0.0,1.0,1,1.0,0.0,0.0,0.0,0.0,0,0.0,2.0,2.0,1.0,0.0,0,0.0,0.0,0,1,1.0,1.0,0.0,1.0,1.0,1.0,0.0
1.0,0.0,1.0,1.0,1.0,,1.0,1.0,1.0,1,1.0,1.0,1,0.0,0.0,0.0,0,0.0,0.0,0.0,0.0,0.0,0.0,1.0,2.0,0.0,0,0.0,0,0,0.0,1,0,0.0,1.0,1.0,2.0,1.0,0.0,0.0,0,0.0,0.0,1.0,1.0,1,0.0,0,0.0,0.0,0.0,0.0,0.0,1.0,1.0,1.0,1.0,1.0,1.0,0.0,2,2.0,2.0,2.0,1.0,1,1.0,0.0,0.0,0.0,1.0,,0,0.0,0.0,1.0,0.0,0,0.0,0.0,0.0,0.0,0.0,0,0.0,1.0,1.0,0.0,1.0,0,1.0,0.0,0,0,0.0,0.0,1.0,2.0,0.0,0.0,1.0
1.0,0.0,1.0,0.0,0.0,2.0,0.0,1.0,1.0,1,1.0,1.0,1,2.0,0.0,1.0,1,1.0,0.0,0.0,0.0,0.0,0.0,0.0,0.0,0.0,0,0.0,0,0,1.0,0,0,1.0,0.0,0.0,0.0,2.0,1.0,1.0,1,1.0,1.0,0.0,1.0,2,0.0,0,0.0,0.0,0.0,0.0,0.0,0.0,1.0,1.0,1.0,1.0,1.0,1.0,1,1.0,1.0,1.0,0.0,0,0.0,0.0,0.0,0.0,2.0,0.0,0,0.0,0.0,0.0,1.0,1,0.0,1.0,0.0,0.0,0.0,0,0.0,2.0,2.0,2.0,0.0,0,0.0,0.0,0,1,1.0,1.0,1.0,0.0,1.0,1.0,1.0
0.0,0.0,0.0,1.0,0.0,2.0,0.0,1.0,1.0,1,1.0,1.0,1,0.0,0.0,1.0,1,2.0,0.0,0.0,0.0,0.0,0.0,0.0,0.0,1.0,1,1.0,1,1,1.0,0,0,0.0,0.0,0.0,1.0,0.0,0.0,0.0,0,0.0,0.0,0.0,0.0,0,1.0,0,0.0,0.0,0.0,0.0,0.0,2.0,0.0,0.0,0.0,0.0,0.0,1.0,1,1.0,,1.0,1.0,1,0.0,1.0,1.0,1.0,1.0,1.0,0,0.0,0.0,0.0,1.0,1,0.0,1.0,0.0,0.0,0.0,0,0.0,0.0,0.0,0.0,0.0,2,0.0,0.0,0,1,1.0,1.0,0.0,1.0,0.0,1.0,0.0
2.0,0.0,1.0,0.0,0.0,1.0,2.0,1.0,1.0,1,1.0,1.0,1,0.0,0.0,1.0,1,0.0,1.0,0.0,0.0,0.0,0.0,0.0,1.0,1.0,1,1.0,1,1,1.0,0,0,0.0,0.0,0.0,1.0,1.0,0.0,0.0,0,0.0,0.0,0.0,0.0,1,0.0,0,0.0,0.0,0.0,0.0,0.0,2.0,1.0,0.0,0.0,0.0,0.0,0.0,1,1.0,1.0,1.0,1.0,1,0.0,0.0,0.0,0.0,1.0,,1,1.0,1.0,0.0,1.0,1,0.0,0.0,0.0,0.0,0.0,0,0.0,1.0,1.0,1.0,0.0,0,,0.0,0,0,0.0,0.0,1.0,0.0,1.0,1.0,0.0
1.0,1.0,1.0,1.0,0.0,1.0,0.0,1.0,1.0,1,1.0,1.0,1,0.0,2.0,0.0,0,1.0,0.0,0.0,0.0,0.0,0.0,2.0,0.0,0.0,0,0.0,0,0,0.0,0,0,1.0,0.0,0.0,0.0,1.0,0.0,0.0,0,0.0,0.0,1.0,1.0,1,1.0,0,0.0,0.0,0.0,0.0,0.0,1.0,0.0,0.0,0.0,0.0,0.0,1.0,0,0.0,0.0,0.0,1.0,1,2.0,1.0,1.0,1.0,1.0,1.0,1,1.0,1.0,0.0,0.0,0,0.0,1.0,0.0,0.0,0.0,0,0.0,2.0,1.0,2.0,1.0,0,1.0,0.0,0,0,0.0,0.0,0.0,1.0,1.0,1.0,0.0
1.0,1.0,0.0,1.0,1.0,0.0,1.0,1.0,1.0,1,1.0,1.0,1,0.0,1.0,0.0,0,1.0,,0.0,0.0,0.0,0.0,1.0,1.0,0.0,1,1.0,1,1,1.0,0,1,1.0,0.0,0.0,1.0,1.0,2.0,2.0,2,2.0,2.0,1.0,0.0,1,,0,0.0,0.0,0.0,0.0,0.0,1.0,0.0,0.0,0.0,0.0,0.0,1.0,0,0.0,1.0,0.0,2.0,2,0.0,0.0,0.0,0.0,0.0,0.0,0,0.0,0.0,1.0,1.0,1,1.0,1.0,0.0,0.0,0.0,0,0.0,1.0,1.0,0.0,2.0,1,0.0,0.0,0,0,0.0,0.0,0.0,0.0,1.0,1.0,0.0
0.0,0.0,0.0,2.0,1.0,1.0,0.0,2.0,2.0,2,2.0,2.0,2,0.0,0.0,2.0,2,1.0,1.0,0.0,0.0,0.0,0.0,1.0,0.0,0.0,0,0.0,0,0,0.0,0,0,0.0,0.0,0.0,1.0,2.0,1.0,1.0,1,1.0,1.0,1.0,1.0,1,0.0,0,0.0,0.0,0.0,0.0,0.0,2.0,0.0,0.0,0.0,,0.0,0.0,0,0.0,0.0,0.0,0.0,0,0.0,0.0,0.0,0.0,0.0,0.0,0,0.0,0.0,1.0,0.0,0,0.0,0.0,0.0,0.0,0.0,0,0.0,0.0,0.0,2.0,0.0,1,0.0,0.0,0,2,2.0,2.0,1.0,1.0,2.0,2.0,0.0
1.0,0.0,0.0,1.0,0.0,1.0,1.0,1.0,1.0,1,1.0,1.0,1,0.0,0.0,2.0,2,1.0,0.0,0.0,0.0,0.0,0.0,0.0,0.0,0.0,0,0.0,0,0,0.0,1,0,1.0,1.0,1.0,1.0,1.0,2.0,2.0,2,2.0,2.0,1.0,2.0,1,0.0,0,0.0,0.0,0.0,0.0,0.0,0.0,1.0,0.0,0.0,0.0,0.0,2.0,1,1.0,1.0,1.0,0.0,0,1.0,1.0,1.0,1.0,1.0,0.0,1,1.0,1.0,,0.0,0,0.0,1.0,0.0,0.0,0.0,0,0.0,1.0,1.0,1.0,1.0,0,0.0,2.0,1,0,0.0,0.0,1.0,0.0,1.0,1.0,0.0
0.0,0.0,0.0,1.0,0.0,0.0,0.0,1.0,1.0,1,1.0,1.0,1,0.0,0.0,0.0,0,2.0,0.0,0.0,0.0,0.0,0.0,1.0,0.0,0.0,1,1.0,1,1,1.0,1,0,2.0,0.0,0.0,0.0,0.0,1.0,1.0,1,1.0,1.0,2.0,2.0,0,,0,0.0,0.0,0.0,0.0,0.0,0.0,1.0,1.0,1.0,1.0,1.0,0.0,1,1.0,1.0,1.0,0.0,0,2.0,1.0,1.0,1.0,1.0,1.0,0,0.0,0.0,0.0,0.0,0,0.0,0.0,0.0,0.0,0.0,0,0.0,0.0,0.0,0.0,2.0,0,0.0,0.0,0,0,0.0,0.0,0.0,1.0,2.0,2.0,1.0
1.0,0.0,1.0,0.0,0.0,1.0,0.0,0.0,,0,0.0,0.0,0,0.0,1.0,0.0,0,2.0,0.0,0.0,0.0,0.0,0.0,0.0,0.0,1.0,1,1.0,1,1,2.0,0,0,1.0,0.0,0.0,0.0,2.0,1.0,1.0,1,1.0,1.0,0.0,1.0,0,,0,0.0,0.0,0.0,0.0,0.0,0.0,0.0,1.0,1.0,1.0,1.0,0.0,1,1.0,1.0,1.0,1.0,1,1.0,1.0,1.0,1.0,0.0,0.0,0,0.0,0.0,2.0,0.0,0,0.0,1.0,0.0,0.0,0.0,0,0.0,1.0,1.0,0.0,1.0,0,0.0,0.0,0,0,0.0,0.0,1.0,1.0,1.0,1.0,1.0
0.0,0.0,0.0,1.0,1.0,1.0,1.0,0.0,0.0,0,0.0,0.0,0,0.0,0.0,0.0,0,1.0,0.0,0.0,0.0,0.0,0.0,2.0,2.0,1.0,0,0.0,0,0,0.0,0,1,2.0,0.0,0.0,0.0,0.0,0.0,0.0,0,0.0,0.0,1.0,0.0,0,1.0,0,0.0,0.0,0.0,0.0,0.0,2.0,0.0,0.0,0.0,0.0,0.0,0.0,1,1.0,1.0,1.0,1.0,1,0.0,1.0,1.0,1.0,1.0,1.0,1,1.0,2.0,0.0,1.0,1,0.0,0.0,1.0,1.0,0.0,0,0.0,2.0,2.0,2.0,0.0,0,0.0,0.0,0,0,0.0,0.0,1.0,0.0,0.0,0.0,0.0
1.0,0.0,1.0,0.0,0.0,0.0,0.0,0.0,0.0,0,0.0,0.0,0,0.0,0.0,0.0,0,0.0,1.0,1.0,1.0,1.0,1.0,1.0,1.0,1.0,0,0.0,0,0,0.0,1,0,1.0,0.0,0.0,0.0,0.0,1.0,1.0,1,1.0,1.0,0.0,1.0,1,1.0,0,0.0,0.0,0.0,0.0,0.0,,1.0,1.0,0.0,1.0,0.0,0.0,2,,2.0,2.0,1.0,1,0.0,1.0,1.0,1.0,1.0,1.0,0,0.0,0.0,1.0,1.0,1,0.0,2.0,0.0,0.0,0.0,0,0.0,1.0,1.0,1.0,1.0,0,0.0,0.0,0,0,0.0,0.0,1.0,0.0,0.0,0.0,1.0
1.0,0.0,0.0,1.0,1.0,0.0,1.0,1.0,1.0,1,1.0,1.0,1,0.0,0.0,0.0,0,2.0,1.0,0.0,0.0,0.0,0.0,1.0,0.0,0.0,0,0.0,0,0,0.0,0,0,1.0,0.0,0.0,1.0,2.0,1.0,1.0,1,1.0,1.0,1.0,0.0,0,2.0,0,0.0,0.0,0.0,0.0,0.0,0.0,0.0,1.0,1.0,1.0,1.0,0.0,0,0.0,0.0,0.0,1.0,1,0.0,2.0,2.0,2.0,1.0,0.0,0,0.0,0.0,1.0,0.0,0,0.0,2.0,0.0,0.0,0.0,0,0.0,1.0,1.0,1.0,1.0,0,1.0,0.0,0,1,1.0,1.0,,1.0,1.0,1.0,1.0
2.0,0.0,1.0,1.0,0.0,1.0,2.0,0.0,0.0,0,0.0,0.0,0,1.0,1.0,1.0,1,1.0,1.0,1.0,1.0,1.0,1.0,1.0,1.0,1.0,0,0.0,0,0,0.0,0,0,1.0,2.0,2.0,1.0,1.0,1.0,1.0,1,1.0,2.0,0.0,0.0,0,2.0,0,0.0,0.0,0.0,0.0,0.0,1.0,2.0,1.0,1.0,1.0,1.0,0.0,0,0.0,0.0,0.0,1.0,0,0.0,2.0,2.0,,2.0,0.0,0,0.0,0.0,0.0,0.0,0,0.0,2.0,0.0,0.0,1.0,1,1.0,2.0,2.0,1.0,0.0,0,0.0,0.0,0,2,2.0,2.0,0.0,0.0,0.0,0.0,0.0
2.0,1.0,1.0,0.0,0.0,2.0,1.0,1.0,1.0,1,1.0,1.0,1,0.0,0.0,1.0,1,1.0,0.0,0.0,0.0,0.0,0.0,1.0,1.0,0.0,1,2.0,2,1,1.0,0,0,2.0,0.0,0.0,1.0,1.0,2.0,2.0,2,2.0,2.0,0.0,1.0,1,0.0,0,0.0,0.0,0.0,0.0,0.0,0.0,1.0,1.0,1.0,1.0,1.0,0.0,1,1.0,1.0,1.0,1.0,1,0.0,1.0,1.0,1.0,0.0,0.0,0,0.0,0.0,2.0,0.0,0,0.0,1.0,0.0,0.0,0.0,0,0.0,2.0,2.0,0.0,0.0,0,1.0,0.0,0,0,0.0,0.0,2.0,0.0,2.0,2.0,1.0
2.0,0.0,0.0,0.0,1.0,1.0,2.0,0.0,0.0,0,0.0,0.0,0,0.0,0.0,1.0,1,1.0,0.0,0.0,0.0,0.0,0.0,1.0,0.0,1.0,0,0.0,0,0,0.0,0,0,2.0,0.0,0.0,0.0,1.0,0.0,0.0,0,0.0,0.0,0.0,0.0,0,1.0,0,0.0,0.0,0.0,0.0,0.0,0.0,1.0,1.0,1.0,1.0,1.0,1.0,1,1.0,1.0,1.0,0.0,0,0.0,0.0,0.0,0.0,2.0,0.0,1,1.0,1.0,1.0,1.0,1,0.0,1.0,0.0,0.0,1.0,1,1.0,1.0,1.0,2.0,0.0,0,0.0,0.0,0,0,0.0,1.0,0.0,1.0,0.0,0.0,0.0
1.0,1.0,0.0,1.0,2.0,0.0,1.0,1.0,1.0,1,1.0,1.0,1,1.0,0.0,1.0,1,2.0,0.0,0.0,0.0,0.0,0.0,2.0,1.0,1.0,0,0.0,0,0,2.0,0,0,0.0,0.0,0.0,1.0,0.0,1.0,1.0,1,1.0,1.0,0.0,0.0,0,2.0,0,0.0,0.0,0.0,0.0,0.0,1.0,1.0,0.0,0.0,0.0,0.0,0.0,0,0.0,0.0,0.0,1.0,1,0.0,1.0,1.0,1.0,0.0,0.0,0,0.0,0.0,1.0,0.0,0,1.0,1.0,0.0,0.0,0.0,0,0.0,1.0,1.0,2.0,1.0,0,0.0,1.0,1,0,0.0,0.0,0.0,0.0,1.0,1.0,0.0
0.0,0.0,0.0,1.0,0.0,1.0,0.0,1.0,1.0,1,1.0,1.0,1,0.0,0.0,1.0,1,2.0,0.0,0.0,0.0,0.0,0.0,0.0,1.0,0.0,0,0.0,0,0,1.0,0,0,2.0,1.0,1.0,1.0,0.0,2.0,2.0,2,2.0,2.0,1.0,0.0,0,,0,0.0,0.0,0.0,0.0,0.0,1.0,1.0,0.0,0.0,0.0,0.0,1.0,1,1.0,1.0,1.0,1.0,1,1.0,0.0,0.0,0.0,0.0,0.0,0,0.0,0.0,0.0,0.0,0,0.0,1.0,0.0,0.0,0.0,0,0.0,2.0,2.0,2.0,0.0,0,0.0,0.0,0,1,1.0,1.0,0.0,0.0,0.0,0.0,0.0
0.0,0.0,1.0,0.0,1.0,1.0,1.0,1.0,1.0,1,1.0,1.0,1,0.0,0.0,0.0,0,0.0,0.0,0.0,0.0,0.0,1.0,1.0,1.0,2.0,1,2.0,2,1,0.0,0,0,1.0,0.0,0.0,1.0,0.0,1.0,1.0,1,1.0,1.0,0.0,0.0,2,0.0,0,0.0,0.0,0.0,0.0,0.0,2.0,1.0,0.0,0.0,0.0,0.0,0.0,0,0.0,,0.0,0.0,0,1.0,2.0,2.0,2.0,0.0,1.0,0,0.0,1.0,1.0,0.0,0,0.0,0.0,0.0,0.0,0.0,0,0.0,1.0,1.0,0.0,0.0,0,1.0,1.0,1,1,1.0,1.0,1.0,1.0,1.0,,0.0
1.0,0.0,0.0,1.0,0.0,0.0,1.0,1.0,1.0,1,1.0,1.0,1,0.0,0.0,0.0,0,2.0,0.0,0.0,0.0,0.0,0.0,2.0,1.0,1.0,1,1.0,1,1,1.0,0,0,1.0,0.0,0.0,1.0,0.0,1.0,1.0,1,1.0,1.0,0.0,1.0,0,1.0,0,0.0,0.0,0.0,0.0,0.0,0.0,0.0,0.0,0.0,0.0,0.0,0.0,1,1.0,1.0,1.0,1.0,1,0.0,2.0,2.0,2.0,0.0,0.0,0,0.0,1.0,1.0,1.0,1,0.0,2.0,0.0,0.0,0.0,0,0.0,1.0,1.0,1.0,0.0,0,1.0,0.0,0,1,1.0,1.0,0.0,0.0,0.0,0.0,0.0
1.0,0.0,0.0,2.0,0.0,2.0,1.0,1.0,1.0,1,1.0,2.0,1,0.0,0.0,0.0,0,0.0,1.0,0.0,0.0,0.0,0.0,1.0,0.0,0.0,1,1.0,1,1,2.0,0,0,2.0,0.0,0.0,1.0,2.0,0.0,0.0,0,0.0,0.0,1.0,0.0,0,2.0,1,1.0,1.0,1.0,1.0,1.0,0.0,2.0,0.0,0.0,0.0,0.0,0.0,1,1.0,1.0,1.0,1.0,1,1.0,1.0,1.0,1.0,,0.0,0,0.0,0.0,1.0,1.0,1,0.0,1.0,0.0,0.0,0.0,0,0.0,0.0,0.0,2.0,1.0,1,0.0,0.0,0,0,0.0,0.0,0.0,1.0,0.0,0.0,0.0
0.0,1.0,1.0,1.0,0.0,,0.0,1.0,1.0,1,1.0,1.0,1,0.0,0.0,1.0,1,2.0,1.0,1.0,1.0,1.0,1.0,1.0,1.0,1.0,1,1.0,1,1,2.0,1,0,1.0,0.0,0.0,2.0,0.0,2.0,2.0,2,2.0,2.0,2.0,1.0,1,1.0,0,0.0,0.0,0.0,0.0,0.0,0.0,1.0,0.0,0.0,0.0,0.0,0.0,1,1.0,1.0,1.0,1.0,1,1.0,2.0,2.0,1.0,1.0,0.0,0,0.0,0.0,0.0,0.0,0,0.0,1.0,0.0,0.0,0.0,0,0.0,2.0,2.0,1.0,1.0,0,1.0,,1,0,0.0,0.0,1.0,0.0,0.0,0.0,0.0
2.0,0.0,2.0,0.0,1.0,0.0,0.0,0.0,0.0,0,0.0,0.0,0,0.0,0.0,1.0,1,1.0,1.0,1.0,1.0,1.0,1.0,0.0,1.0,1.0,0,0.0,0,0,0.0,0,0,1.0,0.0,0.0,1.0,2.0,2.0,2.0,2,2.0,2.0,1.0,0.0,0,1.0,0,0.0,0.0,0.0,0.0,0.0,0.0,1.0,1.0,1.0,1.0,1.0,0.0,1,1.0,1.0,1.0,1.0,1,0.0,1.0,1.0,1.0,1.0,0.0,0,0.0,0.0,2.0,1.0,1,0.0,2.0,0.0,0.0,0.0,0,0.0,2.0,2.0,1.0,0.0,0,0.0,1.0,1,0,0.0,0.0,1.0,0.0,0.0,0.0,1.0
1.0,0.0,2.0,2.0,0.0,1.0,0.0,1.0,1.0,1,1.0,1.0,1,0.0,0.0,0.0,0,1.0,1.0,0.0,0.0,0.0,0.0,0.0,1.0,1.0,1,1.0,1,1,1.0,1,0,1.0,0.0,0.0,1.0,0.0,1.0,1.0,1,1.0,1.0,1.0,1.0,0,2.0,0,0.0,0.0,0.0,0.0,0.0,0.0,0.0,0.0,0.0,0.0,0.0,1.0,0,0.0,0.0,0.0,0.0,0,0.0,,1.0,1.0,1.0,0.0,1,1.0,1.0,0.0,2.0,2,0.0,0.0,0.0,0.0,0.0,0,0.0,,1.0,1.0,0.0,0,2.0,0.0,0,1,1.0,1.0,0.0,1.0,1.0,1.0,0.0
1.0,1.0,0.0,0.0,0.0,2.0,0.0,1.0,1.0,1,1.0,1.0,1,1.0,0.0,2.0,2,0.0,0.0,0.0,0.0,0.0,0.0,1.0,0.0,0.0,1,1.0,1,1,1.0,1,0,2.0,0.0,0.0,0.0,0.0,1.0,1.0,1,1.0,1.0,0.0,1.0,0,1.0,0,0.0,0.0,0.0,0.0,0.0,2.0,0.0,1.0,1.0,1.0,1.0,0.0,0,0.0,0.0,0.0,0.0,0,0.0,0.0,0.0,0.0,0.0,0.0,1,1.0,1.0,0.0,,1,0.0,0.0,1.0,1.0,0.0,0,0.0,1.0,1.0,0.0,0.0,1,1.0,0.0,0,0,0.0,0.0,0.0,0.0,0.0,0.0,0.0
2.0,0.0,0.0,0.0,0.0,0.0,1.0,1.0,1.0,1,1.0,1.0,1,0.0,0.0,1.0,1,1.0,0.0,0.0,0.0,0.0,0.0,1.0,0.0,1.0,0,0.0,0,0,1.0,1,0,1.0,0.0,0.0,2.0,2.0,0.0,0.0,0,0.0,0.0,1.0,0.0,0,1.0,0,0.0,0.0,0.0,0.0,0.0,0.0,1.0,0.0,0.0,0.0,0.0,0.0,0,0.0,0.0,0.0,0.0,0,0.0,1.0,1.0,1.0,0.0,0.0,0,0.0,1.0,0.0,1.0,1,0.0,1.0,1.0,1.0,0.0,0,0.0,2.0,2.0,0.0,0.0,0,0.0,1.0,1,0,0.0,0.0,1.0,0.0,0.0,0.0,0.0
1.0,0.0,1.0,0.0,0.0,1.0,1.0,1.0,1.0,1,1.0,1.0,1,0.0,0.0,0.0,0,2.0,0.0,0.0,0.0,0.0,0.0,1.0,0.0,1.0,0,0.0,0,0,0.0,1,0,1.0,0.0,0.0,1.0,0.0,1.0,1.0,1,1.0,1.0,1.0,1.0,0,1.0,1,1.0,1.0,1.0,1.0,1.0,1.0,0.0,2.0,1.0,2.0,1.0,0.0,1,1.0,1.0,1.0,1.0,1,1.0,0.0,0.0,1.0,0.0,1.0,1,1.0,1.0,0.0,1.0,1,0.0,0.0,0.0,0.0,0.0,0,0.0,0.0,0.0,2.0,,0,0.0,0.0,0,0,0.0,0.0,0.0,1.0,1.0,1.0,0.0
2.0,0.0,0.0,1.0,0.0,1.0,1.0,0.0,0.0,0,0.0,0.0,0,0.0,0.0,0.0,0,1.0,0.0,0.0,0.0,0.0,0.0,1.0,0.0,1.0,1,1.0,1,1,0.0,0,0,1.0,1.0,1.0,1.0,1.0,2.0,2.0,2,2.0,2.0,0.0,0.0,1,1.0,0,0.0,0.0,0.0,0.0,0.0,1.0,2.0,0.0,0.0,0.0,0.0,0.0,1,1.0,1.0,1.0,2.0,2,1.0,0.0,0.0,0.0,1.0,0.0,0,0.0,0.0,1.0,0.0,0,0.0,1.0,0.0,0.0,0.0,0,0.0,1.0,1.0,2.0,1.0,0,1.0,0.0,0,0,0.0,0.0,0.0,0.0,0.0,0.0,1.0
1.0,0.0,0.0,0.0,1.0,1.0,2.0,0.0,0.0,0,0.0,0.0,0,0.0,0.0,1.0,1,0.0,0.0,1.0,1.0,1.0,1.0,1.0,0.0,1.0,1,1.0,1,1,0.0,0,0,1.0,0.0,0.0,1.0,0.0,0.0,0.0,0,0.0,0.0,1.0,1.0,1,1.0,0,0.0,0.0,0.0,0.0,0.0,1.0,0.0,1.0,1.0,1.0,1.0,1.0,1,1.0,1.0,1.0,1.0,1,0.0,0.0,0.0,0.0,1.0,1.0,0,0.0,0.0,2.0,0.0,0,0.0,1.0,0.0,0.0,0.0,0,0.0,1.0,1.0,1.0,1.0,0,0.0,1.0,1,1,1.0,1.0,1.0,0.0,2.0,2.0,1.0
0.0,1.0,0.0,0.0,1.0,0.0,1.0,1.0,1.0,1,1.0,1.0,1,0.0,0.0,0.0,0,0.0,0.0,0.0,0.0,0.0,0.0,2.0,0.0,1.0,0,1.0,1,0,1.0,0,0,1.0,0.0,0.0,1.0,0.0,1.0,1.0,1,1.0,1.0,2.0,0.0,1,0.0,1,1.0,1.0,1.0,1.0,1.0,0.0,2.0,0.0,0.0,0.0,0.0,0.0,0,0.0,0.0,0.0,1.0,1,1.0,0.0,0.0,0.0,0.0,2.0,0,0.0,0.0,1.0,0.0,0,0.0,0.0,1.0,1.0,0.0,0,0.0,1.0,1.0,2.0,1.0,0,1.0,0.0,0,1,1.0,1.0,0.0,1.0,0.0,0.0,0.0
2.0,0.0,0.0,0.0,1.0,1.0,0.0,1.0,1.0,1,1.0,1.0,1,0.0,1.0,2.0,2,1.0,1.0,1.0,1.0,1.0,1.0,1.0,0.0,0.0,1,1.0,1,1,0.0,2,0,1.0,0.0,0.0,1.0,0.0,2.0,2.0,2,2.0,2.0,1.0,2.0,2,0.0,1,1.0,1.0,1.0,1.0,1.0,0.0,2.0,0.0,0.0,1.0,1.0,0.0,2,2.0,2.0,2.0,1.0,1,0.0,1.0,1.0,1.0,2.0,1.0,1,1.0,1.0,1.0,0.0,0,0.0,0.0,1.0,1.0,0.0,0,0.0,1.0,1.0,1.0,0.0,0,1.0,0.0,0,1,1.0,1.0,0.0,0.0,1.0,1.0,1.0
1.0,0.0,0.0,1.0,1.0,0.0,0.0,1.0,1.0,1,1.0,1.0,1,0.0,0.0,1.0,1,1.0,1.0,0.0,0.0,0.0,0.0,1.0,0.0,0.0,0,0.0,0,0,0.0,1,0,2.0,0.0,0.0,2.0,0.0,1.0,1.0,1,1.0,1.0,0.0,1.0,1,0.0,0,0.0,0.0,0.0,0.0,0.0,1.0,1.0,2.0,2.0,1.0,1.0,0.0,2,2.0,2.0,2.0,1.0,1,2.0,1.0,1.0,1.0,1.0,0.0,0,0.0,0.0,1.0,0.0,0,0.0,0.0,0.0,0.0,0.0,0,0.0,0.0,0.0,0.0,0.0,0,0.0,0.0,0,0,0.0,0.0,1.0,1.0,2.0,2.0,1.0
0.0,0.0,1.0,1.0,1.0,1.0,0.0,1.0,1.0,1,1.0,1.0,1,0.0,0.0,2.0,2,0.0,0.0,0.0,0.0,0.0,0.0,1.0,0.0,0.0,0,0.0,0,0,0.0,0,0,0.0,0.0,0.0,1.0,0.0,2.0,2.0,2,2.0,2.0,1.0,0.0,1,1.0,0,0.0,0.0,0.0,0.0,0.0,2.0,1.0,1.0,1.0,1.0,1.0,0.0,0,0.0,0.0,0.0,1.0,1,2.0,0.0,0.0,,0.0,0.0,0,0.0,0.0,0.0,0.0,0,0.0,1.0,0.0,0.0,0.0,0,0.0,1.0,1.0,0.0,1.0,0,0.0,0.0,0,1,1.0,1.0,0.0,0.0,1.0,1.0,1.0
1.0,1.0,0.0,0.0,1.0,0.0,0.0,0.0,0.0,0,0.0,0.0,0,0.0,0.0,0.0,0,2.0,0.0,0.0,0.0,0.0,0.0,1.0,0.0,1.0,0,1.0,1,0,0.0,0,0,2.0,0.0,0.0,0.0,1.0,2.0,2.0,2,2.0,2.0,2.0,1.0,1,0.0,0,0.0,0.0,0.0,0.0,0.0,1.0,0.0,1.0,1.0,1.0,1.0,1.0,1,1.0,1.0,1.0,2.0,2,1.0,1.0,1.0,1.0,2.0,0.0,1,1.0,1.0,1.0,0.0,0,0.0,0.0,0.0,0.0,0.0,0,0.0,0.0,0.0,0.0,0.0,0,0.0,1.0,1,0,0.0,0.0,0.0,1.0,2.0,2.0,1.0
0.0,0.0,0.0,1.0,2.0,0.0,2.0,1.0,1.0,1,1.0,1.0,1,0.0,1.0,2.0,2,0.0,1.0,0.0,0.0,0.0,0.0,1.0,0.0,1.0,0,0.0,0,0,0.0,0,0,1.0,0.0,0.0,1.0,2.0,1.0,1.0,1,1.0,1.0,1.0,0.0,1,1.0,0,0.0,0.0,0.0,0.0,0.0,0.0,0.0,0.0,0.0,0.0,0.0,0.0,0,0.0,0.0,0.0,1.0,1,0.0,0.0,0.0,0.0,0.0,0.0,0,0.0,0.0,1.0,0.0,0,0.0,,0.0,0.0,0.0,0,0.0,0.0,0.0,0.0,0.0,0,0.0,0.0,0,0,0.0,0.0,0.0,1.0,1.0,1.0,1.0
1.0,1.0,0.0,2.0,2.0,0.0,0.0,0.0,0.0,0,0.0,0.0,0,0.0,0.0,0.0,0,0.0,1.0,0.0,0.0,0.0,0.0,1.0,0.0,2.0,0,0.0,0,0,1.0,0,0,1.0,0.0,0.0,1.0,1.0,1.0,1.0,1,1.0,1.0,0.0,0.0,0,2.0,0,0.0,0.0,0.0,0.0,0.0,1.0,0.0,0.0,0.0,0.0,0.0,2.0,0,0.0,0.0,0.0,0.0,0,1.0,2.0,2.0,2.0,0.0,0.0,0,0.0,0.0,0.0,0.0,0,0.0,0.0,0.0,0.0,0.0,0,0.0,0.0,0.0,,0.0,1,0.0,0.0,0,0,0.0,0.0,0.0,1.0,1.0,1.0,0.0
2.0,0.0,2.0,1.0,1.0,1.0,0.0,0.0,0.0,0,0.0,0.0,0,0.0,0.0,0.0,0,0.0,0.0,0.0,0.0,0.0,0.0,1.0,1.0,1.0,0,1.0,0,0,0.0,0,0,1.0,0.0,0.0,0.0,0.0,2.0,2.0,2,2.0,2.0,1.0,0.0,1,0.0,0,0.0,0.0,0.0,0.0,0.0,0.0,1.0,0.0,0.0,0.0,0.0,0.0,2,2.0,2.0,2.0,2.0,2,2.0,0.0,0.0,0.0,1.0,0.0,0,0.0,0.0,1.0,0.0,0,0.0,1.0,0.0,0.0,0.0,0,0.0,1.0,1.0,1.0,1.0,0,1.0,0.0,0,0,0.0,0.0,0.0,0.0,1.0,,1.0
0.0,0.0,0.0,1.0,2.0,0.0,1.0,1.0,1.0,1,1.0,1.0,1,1.0,0.0,0.0,0,1.0,1.0,1.0,1.0,1.0,1.0,1.0,1.0,0.0,1,1.0,1,1,1.0,0,0,1.0,0.0,0.0,0.0,1.0,1.0,1.0,1,1.0,1.0,1.0,0.0,0,2.0,0,0.0,0.0,0.0,0.0,,0.0,1.0,0.0,0.0,0.0,0.0,0.0,2,2.0,2.0,2.0,2.0,2,0.0,0.0,0.0,0.0,1.0,,0,0.0,0.0,1.0,0.0,0,1.0,0.0,0.0,0.0,0.0,0,0.0,0.0,0.0,1.0,1.0,0,1.0,0.0,0,0,0.0,0.0,0.0,0.0,1.0,1.0,1.0
1.0,0.0,0.0,0.0,0.0,1.0,2.0,1.0,1.0,1,1.0,1.0,1,0.0,0.0,0.0,0,0.0,1.0,2.0,2.0,2.0,2.0,2.0,0.0,1.0,0,1.0,0,0,0.0,0,0,1.0,0.0,0.0,0.0,2.0,1.0,1.0,1,1.0,1.0,0.0,0.0,1,0.0,0,0.0,0.0,0.0,0.0,0.0,2.0,1.0,2.0,1.0,2.0,1.0,1.0,0,0.0,0.0,0.0,1.0,1,1.0,1.0,1.0,1.0,1.0,2.0,1,1.0,1.0,1.0,1.0,1,0.0,1.0,1.0,1.0,1.0,1,1.0,0.0,0.0,,1.0,1,0.0,0.0,0,0,0.0,0.0,1.0,0.0,1.0,1.0,1.0
0.0,0.0,0.0,0.0,0.0,1.0,0.0,1.0,1.0,1,1.0,1.0,1,0.0,0.0,0.0,0,2.0,1.0,1.0,1.0,1.0,1.0,2.0,0.0,0.0,0,0.0,0,0,1.0,1,0,1.0,0.0,0.0,0.0,0.0,2.0,2.0,2,2.0,2.0,1.0,,0,2.0,0,0.0,0.0,0.0,0.0,0.0,1.0,1.0,0.0,0.0,0.0,0.0,0.0,2,2.0,2.0,2.0,1.0,0,1.0,1.0,1.0,1.0,1.0,0.0,0,0.0,1.0,2.0,0.0,0,0.0,2.0,0.0,0.0,0.0,0,0.0,1.0,1.0,,2.0,0,1.0,0.0,0,1,1.0,1.0,1.0,0.0,2.0,2.0,0.0
0.0,0.0,1.0,0.0,0.0,0.0,0.0,0.0,0.0,0,0.0,0.0,0,0.0,0.0,0.0,0,1.0,1.0,0.0,0.0,0.0,0.0,0.0,0.0,0.0,0,0.0,0,0,0.0,2,0,0.0,0.0,0.0,0.0,1.0,1.0,1.0,1,1.0,1.0,0.0,1.0,0,1.0,0,0.0,,0.0,0.0,0.0,1.0,1.0,2.0,2.0,2.0,2.0,1.0,1,1.0,1.0,1.0,0.0,0,0.0,0.0,0.0,0.0,0.0,0.0,0,0.0,0.0,0.0,0.0,0,0.0,1.0,0.0,0.0,1.0,1,1.0,1.0,1.0,1.0,1.0,0,0.0,0.0,0,1,1.0,,0.0,0.0,1.0,1.0,1.0
2.0,0.0,0.0,0.0,0.0,0.0,1.0,0.0,0.0,0,0.0,0.0,0,0.0,0.0,0.0,0,0.0,1.0,1.0,1.0,1.0,1.0,0.0,2.0,1.0,0,0.0,0,0,0.0,0,0,2.0,0.0,0.0,1.0,1.0,1.0,1.0,1,1.0,1.0,0.0,1.0,1,0.0,0,0.0,0.0,0.0,0.0,0.0,0.0,0.0,1.0,1.0,1.0,1.0,0.0,1,1.0,1.0,1.0,1.0,1,0.0,0.0,0.0,0.0,1.0,0.0,0,0.0,0.0,2.0,1.0,1,0.0,0.0,0.0,0.0,1.0,1,1.0,1.0,1.0,1.0,1.0,0,0.0,1.0,1,1,1.0,1.0,0.0,0.0,1.0,1.0,1.0
1.0,0.0,0.0,1.0,0.0,1.0,1.0,2.0,2.0,2,2.0,2.0,2,0.0,0.0,1.0,1,1.0,1.0,1.0,1.0,1.0,1.0,1.0,1.0,1.0,0,1.0,0,0,0.0,0,0,0.0,0.0,0.0,1.0,1.0,1.0,1.0,1,1.0,1.0,0.0,1.0,1,1.0,0,0.0,0.0,0.0,0.0,0.0,0.0,2.0,0.0,0.0,0.0,0.0,0.0,1,1.0,1.0,1.0,2.0,2,2.0,0.0,0.0,0.0,0.0,1.0,0,0.0,0.0,1.0,1.0,1,0.0,0.0,0.0,0.0,1.0,1,1.0,0.0,0.0,1.0,1.0,0,0.0,0.0,0,1,1.0,1.0,0.0,2.0,0.0,0.0,1.0
1.0,1.0,0.0,1.0,2.0,0.0,0.0,0.0,0.0,0,0.0,0.0,0,0.0,0.0,0.0,0,0.0,0.0,1.0,1.0,1.0,1.0,1.0,0.0,1.0,0,0.0,0,0,2.0,0,1,2.0,0.0,0.0,2.0,1.0,1.0,1.0,1,1.0,1.0,1.0,1.0,0,1.0,1,1.0,1.0,1.0,1.0,1.0,1.0,1.0,0.0,0.0,0.0,0.0,0.0,1,1.0,1.0,1.0,0.0,0,0.0,0.0,0.0,0.0,2.0,0.0,0,0.0,0.0,1.0,1.0,0,0.0,1.0,0.0,0.0,0.0,0,0.0,1.0,1.0,0.0,0.0,0,1.0,0.0,0,1,1.0,1.0,1.0,1.0,1.0,1.0,0.0
0.0,0.0,0.0,1.0,0.0,1.0,1.0,0.0,0.0,0,0.0,0.0,0,0.0,1.0,0.0,0,0.0,0.0,0.0,0.0,1.0,0.0,1.0,1.0,0.0,0,0.0,0,0,1.0,0,0,0.0,0.0,0.0,0.0,2.0,1.0,1.0,1,1.0,1.0,0.0,0.0,0,1.0,0,0.0,0.0,0.0,0.0,0.0,0.0,1.0,,0.0,0.0,0.0,1.0,0,0.0,0.0,0.0,0.0,0,0.0,1.0,1.0,2.0,0.0,0.0,1,1.0,1.0,2.0,1.0,1,0.0,0.0,1.0,1.0,0.0,0,0.0,0.0,0.0,0.0,0.0,1,2.0,0.0,0,0,0.0,0.0,0.0,1.0,1.0,1.0,0.0
1.0,0.0,0.0,1.0,0.0,2.0,0.0,0.0,0.0,0,0.0,0.0,0,0.0,0.0,0.0,0,0.0,0.0,0.0,0.0,0.0,0.0,0.0,0.0,1.0,0,0.0,0,0,1.0,1,0,1.0,0.0,0.0,1.0,0.0,0.0,0.0,0,0.0,0.0,1.0,0.0,1,1.0,0,0.0,0.0,0.0,0.0,0.0,1.0,0.0,1.0,1.0,1.0,1.0,0.0,2,2.0,2.0,2.0,0.0,0,1.0,1.0,1.0,1.0,0.0,0.0,0,0.0,0.0,2.0,0.0,0,0.0,1.0,0.0,0.0,0.0,0,0.0,2.0,1.0,0.0,1.0,1,0.0,1.0,1,0,0.0,0.0,1.0,0.0,0.0,0.0,1.0
2.0,0.0,1.0,1.0,0.0,0.0,0.0,0.0,0.0,0,0.0,0.0,0,1.0,0.0,2.0,2,1.0,0.0,0.0,0.0,0.0,0.0,1.0,0.0,0.0,0,0.0,0,0,1.0,0,0,0.0,0.0,0.0,0.0,1.0,2.0,2.0,2,2.0,2.0,0.0,2.0,0,2.0,0,0.0,0.0,0.0,0.0,0.0,1.0,1.0,0.0,0.0,0.0,0.0,0.0,0,0.0,0.0,0.0,1.0,1,0.0,0.0,0.0,0.0,1.0,1.0,0,0.0,0.0,0.0,0.0,0,0.0,0.0,0.0,0.0,0.0,0,0.0,2.0,2.0,0.0,1.0,0,1.0,0.0,0,1,1.0,1.0,1.0,1.0,1.0,1.0,1.0
1.0,0.0,1.0,1.0,1.0,0.0,0.0,0.0,0.0,0,0.0,0.0,0,0.0,0.0,0.0,0,1.0,1.0,1.0,1.0,,1.0,1.0,0.0,1.0,0,0.0,0,0,0.0,0,0,1.0,0.0,0.0,0.0,2.0,1.0,1.0,1,1.0,1.0,0.0,0.0,0,,0,0.0,0.0,0.0,0.0,0.0,1.0,2.0,0.0,0.0,0.0,0.0,0.0,0,0.0,0.0,0.0,0.0,0,1.0,2.0,2.0,2.0,1.0,0.0,0,0.0,0.0,1.0,0.0,0,0.0,0.0,0.0,0.0,1.0,1,1.0,1.0,1.0,1.0,1.0,1,0.0,0.0,0,0,0.0,0.0,0.0,0.0,1.0,1.0,1.0
1.0,0.0,1.0,0.0,0.0,1.0,1.0,1.0,1.0,1,1.0,1.0,1,0.0,0.0,0.0,0,1.0,0.0,0.0,0.0,0.0,0.0,0.0,1.0,0.0,1,1.0,1,1,1.0,1,0,1.0,0.0,0.0,1.0,0.0,1.0,1.0,1,1.0,1.0,1.0,1.0,1,1.0,1,1.0,1.0,1.0,1.0,1.0,0.0,0.0,0.0,0.0,0.0,0.0,0.0,0,0.0,0.0,0.0,1.0,1,2.0,0.0,0.0,0.0,1.0,,0,0.0,0.0,1.0,0.0,0,0.0,0.0,0.0,0.0,0.0,0,0.0,1.0,1.0,1.0,1.0,1,0.0,0.0,0,1,1.0,1.0,0.0,1.0,1.0,1.0,0.0
1.0,0.0,2.0,0.0,2.0,0.0,,1.0,1.0,1,1.0,1.0,1,0.0,0.0,0.0,0,0.0,0.0,0.0,0.0,0.0,,1.0,2.0,1.0,1,1.0,1,1,0.0,0,0,1.0,0.0,0.0,2.0,1.0,0.0,0.0,0,0.0,0.0,0.0,1.0,0,2.0,0,0.0,0.0,0.0,0.0,0.0,0.0,0.0,0.0,0.0,0.0,0.0,0.0,0,0.0,0.0,0.0,0.0,0,1.0,1.0,1.0,1.0,0.0,0.0,0,0.0,0.0,0.0,1.0,1,0.0,1.0,1.0,1.0,0.0,0,0.0,0.0,0.0,,0.0,1,1.0,0.0,0,2,2.0,2.0,1.0,0.0,0.0,0.0,1.0
1.0,0.0,2.0,0.0,0.0,1.0,0.0,1.0,1.0,1,1.0,1.0,1,0.0,0.0,2.0,2,0.0,0.0,0.0,0.0,0.0,0.0,2.0,,2.0,1,1.0,1,1,1.0,0,0,1.0,0.0,0.0,0.0,2.0,0.0,0.0,0,0.0,0.0,0.0,1.0,0,2.0,0,0.0,0.0,0.0,0.0,0.0,0.0,1.0,1.0,1.0,1.0,1.0,0.0,1,1.0,1.0,1.0,1.0,0,2.0,1.0,1.0,1.0,1.0,0.0,0,0.0,0.0,1.0,0.0,0,0.0,0.0,0.0,0.0,0.0,0,0.0,1.0,0.0,0.0,0.0,0,0.0,0.0,0,1,1.0,1.0,0.0,0.0,1.0,2.0,1.0
1.0,0.0,1.0,0.0,2.0,0.0,1.0,0.0,0.0,0,0.0,0.0,0,0.0,1.0,0.0,0,1.0,1.0,1.0,1.0,1.0,1.0,0.0,0.0,0.0,0,0.0,0,0,0.0,0,0,1.0,1.0,1.0,2.0,1.0,2.0,2.0,2,2.0,2.0,1.0,0.0,1,0.0,0,0.0,0.0,0.0,0.0,0.0,0.0,0.0,1.0,1.0,1.0,1.0,0.0,1,1.0,1.0,1.0,2.0,2,1.0,1.0,1.0,1.0,0.0,0.0,0,0.0,0.0,1.0,0.0,0,0.0,1.0,0.0,0.0,1.0,1,1.0,1.0,1.0,0.0,2.0,1,1.0,0.0,0,0,0.0,0.0,0.0,0.0,2.0,2.0,1.0
1.0,2.0,1.0,0.0,0.0,2.0,1.0,0.0,0.0,0,0.0,0.0,0,0.0,1.0,1.0,1,0.0,1.0,1.0,1.0,1.0,1.0,2.0,1.0,0.0,1,1.0,1,1,0.0,0,0,0.0,0.0,0.0,1.0,1.0,0.0,0.0,0,0.0,0.0,0.0,1.0,1,1.0,1,1.0,1.0,1.0,1.0,1.0,,1.0,0.0,0.0,0.0,0.0,1.0,0,0.0,0.0,0.0,1.0,1,1.0,0.0,0.0,0.0,2.0,1.0,0,0.0,0.0,0.0,0.0,0,0.0,0.0,1.0,1.0,0.0,0,0.0,1.0,1.0,2.0,0.0,0,1.0,0.0,0,1,1.0,1.0,0.0,1.0,0.0,0.0,0.0
0.0,0.0,1.0,0.0,1.0,1.0,0.0,0.0,,0,0.0,0.0,0,0.0,1.0,1.0,1,1.0,2.0,,2.0,2.0,2.0,2.0,1.0,0.0,0,0.0,0,0,0.0,1,0,0.0,0.0,0.0,2.0,1.0,1.0,1.0,1,1.0,1.0,0.0,1.0,1,1.0,0,0.0,0.0,0.0,0.0,0.0,1.0,1.0,,0.0,,0.0,0.0,1,1.0,1.0,1.0,1.0,1,0.0,,2.0,2.0,1.0,1.0,0,0.0,0.0,0.0,0.0,0,1.0,0.0,0.0,0.0,0.0,0,0.0,2.0,2.0,2.0,0.0,1,1.0,0.0,0,0,0.0,0.0,0.0,2.0,1.0,1.0,1.0
1.0,0.0,1.0,1.0,0.0,0.0,0.0,2.0,2.0,2,2.0,2.0,2,0.0,0.0,2.0,2,2.0,0.0,0.0,0.0,0.0,0.0,1.0,0.0,0.0,0,1.0,1,0,0.0,1,0,0.0,0.0,0.0,1.0,2.0,1.0,1.0,1,1.0,1.0,0.0,0.0,0,2.0,0,0.0,0.0,0.0,0.0,0.0,0.0,1.0,2.0,2.0,2.0,2.0,0.0,2,2.0,2.0,2.0,1.0,1,0.0,0.0,0.0,0.0,2.0,0.0,0,0.0,0.0,2.0,0.0,0,0.0,0.0,0.0,0.0,0.0,0,0.0,1.0,1.0,2.0,0.0,0,1.0,0.0,0,0,0.0,0.0,1.0,0.0,0.0,0.0,1.0
2.0,0.0,1.0,0.0,1.0,0.0,0.0,1.0,1.0,1,1.0,1.0,1,1.0,0.0,2.0,2,2.0,1.0,1.0,1.0,1.0,1.0,2.0,0.0,1.0,0,0.0,0,0,0.0,1,1,0.0,0.0,0.0,2.0,1.0,0.0,0.0,0,,0.0,0.0,0.0,1,1.0,0,0.0,0.0,0.0,0.0,0.0,1.0,0.0,0.0,0.0,0.0,0.0,1.0,0,0.0,,0.0,0.0,0,0.0,1.0,1.0,1.0,1.0,0.0,0,0.0,0.0,0.0,0.0,0,0.0,0.0,1.0,1.0,0.0,0,0.0,1.0,1.0,1.0,0.0,0,1.0,0.0,0,0,0.0,0.0,1.0,2.0,0.0,0.0,1.0
1.0,0.0,1.0,1.0,2.0,0.0,1.0,1.0,1.0,1,1.0,1.0,1,1.0,0.0,0.0,0,2.0,0.0,0.0,0.0,0.0,0.0,1.0,0.0,1.0,1,2.0,2,1,1.0,0,0,1.0,1.0,1.0,0.0,0.0,2.0,2.0,2,2.0,2.0,0.0,0.0,1,1.0,0,0.0,0.0,0.0,0.0,0.0,1.0,1.0,0.0,0.0,0.0,0.0,0.0,2,2.0,2.0,2.0,0.0,0,1.0,0.0,0.0,0.0,0.0,0.0,0,0.0,0.0,0.0,1.0,1,0.0,1.0,0.0,0.0,0.0,0,0.0,0.0,0.0,0.0,1.0,0,1.0,1.0,1,0,0.0,0.0,1.0,2.0,0.0,0.0,1.0
0.0,0.0,0.0,1.0,0.0,1.0,2.0,2.0,2.0,2,2.0,2.0,2,0.0,0.0,1.0,1,1.0,1.0,1.0,1.0,1.0,1.0,1.0,0.0,0.0,0,0.0,0,0,0.0,0,0,1.0,0.0,0.0,0.0,0.0,0.0,0.0,0,0.0,0.0,1.0,0.0,0,2.0,0,0.0,0.0,0.0,0.0,0.0,0.0,1.0,0.0,0.0,0.0,0.0,0.0,1,1.0,1.0,1.0,1.0,1,1.0,2.0,2.0,2.0,1.0,1.0,1,1.0,1.0,1.0,0.0,0,0.0,1.0,0.0,0.0,0.0,0,0.0,2.0,2.0,0.0,1.0,0,1.0,0.0,0,1,1.0,1.0,0.0,1.0,1.0,1.0,0.0
2.0,1.0,0.0,0.0,1.0,0.0,1.0,0.0,0.0,0,0.0,0.0,0,0.0,0.0,0.0,0,1.0,0.0,0.0,0.0,0.0,0.0,1.0,0.0,2.0,0,1.0,1,0,0.0,1,0,0.0,0.0,0.0,2.0,1.0,1.0,1.0,1,1.0,1.0,0.0,0.0,1,0.0,0,0.0,0.0,0.0,0.0,0.0,1.0,1.0,1.0,1.0,1.0,1.0,0.0,1,1.0,1.0,1.0,2.0,2,1.0,1.0,1.0,1.0,2.0,0.0,0,0.0,0.0,2.0,0.0,0,2.0,1.0,1.0,1.0,1.0,1,1.0,2.0,1.0,2.0,1.0,0,0.0,0.0,0,0,0.0,0.0,0.0,0.0,1.0,1.0,1.0
1.0,0.0,2.0,0.0,1.0,0.0,0.0,0.0,0.0,0,0.0,0.0,0,0.0,0.0,0.0,0,2.0,0.0,0.0,0.0,0.0,0.0,0.0,0.0,0.0,0,1.0,1,0,0.0,1,1,1.0,0.0,,1.0,0.0,0.0,0.0,0,0.0,0.0,0.0,0.0,1,1.0,0,0.0,0.0,0.0,0.0,0.0,0.0,2.0,1.0,1.0,1.0,1.0,0.0,1,1.0,1.0,1.0,1.0,1,0.0,1.0,1.0,1.0,2.0,0.0,0,0.0,0.0,0.0,2.0,2,,0.0,1.0,1.0,0.0,0,0.0,1.0,1.0,2.0,0.0,1,0.0,0.0,0,1,1.0,1.0,1.0,1.0,1.0,1.0,1.0
2.0,0.0,2.0,1.0,0.0,1.0,0.0,0.0,0.0,0,0.0,0.0,0,0.0,0.0,0.0,0,0.0,2.0,1.0,1.0,1.0,1.0,1.0,2.0,1.0,0,0.0,0,0,1.0,1,1,1.0,0.0,0.0,1.0,0.0,1.0,1.0,1,1.0,1.0,0.0,0.0,1,1.0,0,0.0,0.0,0.0,0.0,0.0,1.0,1.0,1.0,1.0,1.0,1.0,0.0,1,1.0,1.0,1.0,0.0,0,0.0,0.0,0.0,0.0,0.0,1.0,1,1.0,1.0,2.0,0.0,0,0.0,0.0,1.0,1.0,0.0,0,0.0,1.0,1.0,1.0,0.0,0,1.0,0.0,0,2,2.0,2.0,1.0,0.0,0.0,0.0,1.0
0.0,0.0,1.0,1.0,0.0,1.0,1.0,1.0,1.0,1,1.0,1.0,1,0.0,0.0,1.0,1,1.0,0.0,1.0,1.0,1.0,1.0,0.0,0.0,0.0,1,1.0,1,1,1.0,1,0,1.0,0.0,0.0,2.0,2.0,1.0,1.0,1,1.0,1.0,1.0,1.0,0,1.0,0,0.0,0.0,0.0,0.0,0.0,1.0,2.0,2.0,2.0,2.0,2.0,1.0,1,1.0,1.0,1.0,1.0,1,1.0,2.0,2.0,2.0,0.0,0.0,0,0.0,0.0,0.0,0.0,0,0.0,1.0,0.0,0.0,0.0,0,0.0,1.0,1.0,1.0,1.0,0,0.0,0.0,0,1,1.0,1.0,0.0,1.0,0.0,0.0,1.0
0.0,0.0,0.0,0.0,0.0,0.0,0.0,0.0,0.0,0,0.0,0.0,0,0.0,1.0,1.0,1,0.0,0.0,0.0,0.0,0.0,0.0,1.0,0.0,0.0,0,1.0,0,0,0.0,0,0,1.0,0.0,0.0,1.0,1.0,2.0,2.0,2,2.0,2.0,0.0,2.0,1,0.0,0,0.0,0.0,0.0,0.0,0.0,0.0,0.0,2.0,2.0,2.0,2.0,1.0,1,1.0,1.0,0.0,0.0,0,1.0,0.0,0.0,0.0,0.0,0.0,0,0.0,0.0,0.0,0.0,0,1.0,0.0,0.0,0.0,0.0,0,0.0,1.0,1.0,0.0,0.0,0,0.0,1.0,0,1,1.0,1.0,0.0,0.0,1.0,1.0,1.0
2.0,0.0,0.0,0.0,0.0,1.0,0.0,1.0,1.0,1,1.0,1.0,1,0.0,0.0,0.0,0,1.0,0.0,0.0,0.0,0.0,0.0,2.0,1.0,0.0,0,0.0,0,0,0.0,0,1,0.0,0.0,0.0,1.0,1.0,0.0,0.0,0,0.0,0.0,1.0,1.0,0,2.0,0,0.0,0.0,0.0,0.0,0.0,1.0,0.0,0.0,0.0,0.0,0.0,0.0,0,0.0,0.0,0.0,1.0,1,1.0,1.0,1.0,1.0,0.0,0.0,0,0.0,0.0,0.0,,0,1.0,0.0,1.0,1.0,0.0,0,0.0,1.0,1.0,1.0,1.0,0,1.0,0.0,0,1,1.0,1.0,0.0,0.0,0.0,0.0,0.0
2.0,0.0,1.0,0.0,0.0,0.0,1.0,1.0,1.0,1,1.0,1.0,1,0.0,0.0,1.0,1,1.0,0.0,0.0,0.0,0.0,0.0,1.0,1.0,1.0,0,0.0,0,0,1.0,0,0,2.0,0.0,0.0,1.0,1.0,0.0,0.0,0,0.0,0.0,0.0,0.0,0,1.0,0,0.0,0.0,0.0,0.0,0.0,1.0,1.0,0.0,0.0,0.0,0.0,1.0,2,2.0,2.0,,0.0,1,1.0,0.0,0.0,0.0,0.0,0.0,1,1.0,1.0,1.0,0.0,0,0.0,0.0,1.0,1.0,0.0,0,0.0,1.0,1.0,1.0,1.0,2,1.0,0.0,0,2,2.0,2.0,1.0,1.0,1.0,1.0,0.0
0.0,1.0,1.0,0.0,0.0,1.0,2.0,1.0,1.0,1,1.0,1.0,1,0.0,0.0,0.0,0,0.0,0.0,0.0,0.0,0.0,0.0,2.0,0.0,1.0,0,0.0,0,0,0.0,2,0,1.0,0.0,0.0,2.0,1.0,1.0,2.0,2,2.0,2.0,0.0,0.0,0,1.0,0,0.0,0.0,0.0,0.0,0.0,1.0,1.0,0.0,0.0,0.0,0.0,1.0,0,0.0,0.0,0.0,0.0,0,0.0,0.0,0.0,0.0,1.0,0.0,0,0.0,0.0,1.0,0.0,0,1.0,0.0,0.0,0.0,0.0,0,0.0,,1.0,1.0,0.0,0,2.0,0.0,0,1,1.0,1.0,0.0,1.0,0.0,0.0,0.0
1.0,1.0,0.0,0.0,0.0,0.0,0.0,0.0,0.0,0,0.0,0.0,0,0.0,0.0,1.0,1,0.0,0.0,0.0,0.0,0.0,0.0,0.0,0.0,2.0,0,1.0,1,0,1.0,0,0,1.0,0.0,0.0,1.0,1.0,1.0,1.0,1,2.0,2.0,0.0,1.0,1,1.0,0,0.0,0.0,0.0,0.0,0.0,1.0,0.0,0.0,0.0,0.0,0.0,1.0,0,0.0,0.0,0.0,0.0,0,0.0,0.0,0.0,0.0,1.0,0.0,0,0.0,0.0,0.0,0.0,0,0.0,1.0,0.0,0.0,0.0,1,1.0,2.0,1.0,1.0,0.0,0,0.0,1.0,1,0,0.0,0.0,0.0,1.0,0.0,0.0,0.0
0.0,2.0,0.0,0.0,0.0,0.0,0.0,1.0,1.0,1,1.0,1.0,1,0.0,0.0,0.0,0,1.0,1.0,1.0,1.0,1.0,1.0,2.0,0.0,1.0,1,1.0,1,1,1.0,1,0,1.0,0.0,0.0,1.0,0.0,1.0,1.0,1,1.0,1.0,1.0,0.0,0,,0,0.0,0.0,0.0,0.0,0.0,0.0,0.0,0.0,0.0,0.0,0.0,1.0,0,0.0,0.0,0.0,1.0,1,1.0,0.0,0.0,0.0,1.0,1.0,0,0.0,0.0,1.0,1.0,1,0.0,0.0,0.0,0.0,0.0,0,0.0,2.0,2.0,1.0,1.0,1,0.0,1.0,1,0,0.0,0.0,1.0,0.0,1.0,1.0,0.0
0.0,0.0,0.0,0.0,1.0,1.0,0.0,1.0,1.0,1,1.0,1.0,1,0.0,0.0,1.0,1,1.0,0.0,0.0,0.0,0.0,0.0,0.0,0.0,0.0,1,1.0,1,1,0.0,0,0,0.0,0.0,0.0,1.0,2.0,0.0,0.0,0,0.0,0.0,0.0,0.0,0,1.0,0,0.0,0.0,0.0,0.0,0.0,1.0,1.0,0.0,0.0,0.0,0.0,0.0,1,1.0,1.0,1.0,0.0,0,2.0,1.0,1.0,1.0,2.0,0.0,0,0.0,0.0,2.0,1.0,1,0.0,0.0,0.0,0.0,0.0,0,0.0,1.0,1.0,1.0,0.0,0,0.0,0.0,0,2,2.0,2.0,0.0,1.0,1.0,1.0,1.0
1.0,2.0,0.0,1.0,0.0,1.0,0.0,0.0,0.0,0,0.0,0.0,0,1.0,1.0,0.0,0,1.0,0.0,1.0,1.0,1.0,1.0,2.0,0.0,0.0,1,1.0,1,1,0.0,1,0,2.0,0.0,0.0,0.0,1.0,1.0,1.0,1,1.0,1.0,0.0,0.0,1,0.0,1,0.0,0.0,0.0,0.0,0.0,1.0,1.0,0.0,0.0,0.0,0.0,1.0,2,2.0,2.0,2.0,1.0,1,0.0,0.0,0.0,0.0,0.0,0.0,0,0.0,0.0,1.0,0.0,0,0.0,0.0,0.0,0.0,0.0,0,0.0,0.0,0.0,0.0,0.0,0,0.0,0.0,0,1,1.0,1.0,2.0,0.0,1.0,1.0,1.0
0.0,0.0,1.0,1.0,1.0,1.0,1.0,1.0,1.0,1,1.0,1.0,1,0.0,0.0,1.0,1,0.0,0.0,0.0,0.0,0.0,0.0,1.0,1.0,2.0,0,0.0,0,0,0.0,0,0,1.0,0.0,0.0,2.0,1.0,1.0,1.0,1,1.0,1.0,1.0,1.0,1,1.0,0,0.0,0.0,0.0,0.0,0.0,0.0,0.0,0.0,0.0,0.0,0.0,1.0,1,1.0,1.0,1.0,1.0,1,0.0,1.0,1.0,2.0,0.0,1.0,0,0.0,0.0,1.0,0.0,0,0.0,0.0,0.0,0.0,0.0,0,0.0,1.0,1.0,1.0,1.0,1,0.0,0.0,0,0,0.0,0.0,0.0,0.0,1.0,1.0,1.0
1.0,0.0,0.0,0.0,1.0,1.0,0.0,1.0,1.0,1,1.0,1.0,1,0.0,0.0,1.0,1,1.0,1.0,1.0,1.0,1.0,1.0,2.0,0.0,0.0,0,0.0,0,0,0.0,0,0,1.0,0.0,,1.0,1.0,1.0,1.0,1,1.0,1.0,0.0,1.0,0,2.0,0,0.0,0.0,0.0,0.0,0.0,2.0,2.0,0.0,0.0,0.0,0.0,0.0,1,1.0,1.0,1.0,0.0,0,0.0,1.0,1.0,1.0,0.0,1.0,0,0.0,0.0,2.0,0.0,0,2.0,1.0,0.0,0.0,0.0,0,0.0,1.0,1.0,0.0,0.0,0,1.0,0.0,0,1,1.0,1.0,1.0,0.0,0.0,0.0,0.0
1.0,1.0,0.0,1.0,0.0,0.0,0.0,0.0,0.0,0,0.0,0.0,0,0.0,0.0,0.0,0,0.0,1.0,1.0,1.0,1.0,1.0,0.0,0.0,0.0,0,0.0,0,0,1.0,1,0,1.0,,1.0,1.0,1.0,2.0,2.0,2,2.0,2.0,1.0,1.0,0,1.0,0,0.0,0.0,0.0,0.0,0.0,,0.0,0.0,0.0,0.0,0.0,1.0,1,1.0,1.0,1.0,1.0,0,0.0,1.0,0.0,0.0,1.0,1.0,0,0.0,0.0,1.0,1.0,1,0.0,0.0,0.0,0.0,0.0,0,0.0,0.0,0.0,0.0,1.0,0,0.0,0.0,0,1,1.0,1.0,0.0,1.0,1.0,2.0,1.0
0.0,0.0,0.0,1.0,1.0,0.0,2.0,1.0,1.0,1,1.0,1.0,1,0.0,0.0,0.0,0,1.0,1.0,1.0,1.0,1.0,1.0,0.0,0.0,0.0,0,0.0,0,0,0.0,0,0,1.0,0.0,0.0,1.0,2.0,1.0,1.0,1,1.0,1.0,0.0,0.0,0,2.0,0,0.0,,0.0,0.0,0.0,0.0,0.0,0.0,0.0,0.0,0.0,0.0,2,1.0,2.0,2.0,1.0,1,0.0,0.0,0.0,0.0,1.0,1.0,1,1.0,2.0,1.0,0.0,0,0.0,1.0,0.0,0.0,0.0,1,1.0,0.0,0.0,0.0,1.0,0,0.0,1.0,1,2,,2.0,1.0,0.0,0.0,0.0,1.0
1.0,0.0,1.0,1.0,0.0,0.0,0.0,1.0,1.0,1,1.0,1.0,1,0.0,0.0,0.0,0,0.0,1.0,2.0,2.0,2.0,2.0,1.0,1.0,0.0,0,1.0,1,0,1.0,1,1,1.0,0.0,0.0,0.0,0.0,2.0,2.0,2,2.0,2.0,0.0,0.0,0,1.0,1,1.0,1.0,1.0,1.0,1.0,0.0,0.0,0.0,0.0,0.0,0.0,0.0,1,1.0,1.0,1.0,1.0,1,0.0,1.0,1.0,1.0,2.0,0.0,0,0.0,0.0,1.0,0.0,0,0.0,0.0,0.0,0.0,0.0,0,0.0,0.0,0.0,1.0,0.0,0,0.0,0.0,0,1,1.0,1.0,0.0,1.0,1.0,1.0,1.0
0.0,0.0,0.0,1.0,0.0,1.0,,1.0,1.0,1,1.0,1.0,1,0.0,1.0,0.0,0,0.0,0.0,0.0,0.0,0.0,0.0,1.0,0.0,2.0,0,0.0,0,0,0.0,1,1,2.0,0.0,0.0,1.0,1.0,0.0,0.0,0,0.0,0.0,0.0,1.0,0,1.0,0,0.0,0.0,0.0,0.0,0.0,1.0,1.0,1.0,1.0,1.0,1.0,1.0,1,1.0,1.0,1.0,0.0,0,0.0,0.0,0.0,0.0,0.0,1.0,0,0.0,0.0,1.0,0.0,0,0.0,1.0,1.0,1.0,0.0,0,0.0,1.0,1.0,1.0,1.0,0,0.0,0.0,0,0,0.0,0.0,0.0,2.0,1.0,1.0,1.0
1.0,1.0,0.0,0.0,0.0,1.0,1.0,2.0,2.0,2,2.0,2.0,2,1.0,0.0,1.0,1,0.0,0.0,0.0,0.0,0.0,0.0,1.0,1.0,1.0,0,0.0,0,0,1.0,0,1,1.0,0.0,0.0,2.0,0.0,0.0,0.0,0,0.0,0.0,1.0,0.0,1,1.0,1,1.0,1.0,1.0,1.0,1.0,1.0,0.0,0.0,0.0,0.0,0.0,0.0,1,1.0,1.0,1.0,1.0,1,1.0,1.0,1.0,1.0,1.0,1.0,0,0.0,,0.0,1.0,1,2.0,1.0,0.0,0.0,0.0,0,0.0,1.0,1.0,1.0,0.0,0,1.0,0.0,0,1,1.0,1.0,0.0,1.0,1.0,1.0,0.0
1.0,0.0,0.0,1.0,,,0.0,1.0,1.0,1,1.0,1.0,1,1.0,0.0,1.0,1,1.0,0.0,0.0,0.0,0.0,0.0,0.0,1.0,1.0,0,0.0,0,0,0.0,0,0,1.0,0.0,0.0,1.0,1.0,1.0,1.0,1,1.0,1.0,1.0,2.0,0,0.0,0,0.0,0.0,0.0,0.0,0.0,1.0,1.0,0.0,0.0,0.0,0.0,1.0,1,1.0,1.0,1.0,1.0,1,0.0,1.0,1.0,1.0,1.0,1.0,0,0.0,0.0,1.0,0.0,0,0.0,1.0,0.0,0.0,1.0,1,1.0,2.0,2.0,0.0,0.0,0,0.0,0.0,0,0,0.0,1.0,0.0,1.0,,2.0,0.0
1.0,0.0,0.0,1.0,0.0,2.0,1.0,1.0,1.0,1,1.0,1.0,1,0.0,0.0,0.0,0,0.0,1.0,1.0,1.0,1.0,1.0,1.0,0.0,0.0,0,1.0,1,0,0.0,0,0,1.0,0.0,0.0,1.0,1.0,0.0,0.0,0,0.0,0.0,1.0,0.0,2,0.0,1,1.0,1.0,1.0,1.0,1.0,0.0,0.0,0.0,0.0,0.0,0.0,1.0,0,0.0,0.0,0.0,1.0,1,0.0,2.0,2.0,,1.0,1.0,0,0.0,0.0,0.0,,1,1.0,1.0,0.0,0.0,0.0,0,0.0,1.0,0.0,0.0,1.0,0,0.0,0.0,0,1,1.0,1.0,0.0,1.0,0.0,0.0,0.0
2.0,1.0,0.0,1.0,1.0,1.0,1.0,0.0,0.0,0,0.0,0.0,0,1.0,0.0,0.0,0,1.0,0.0,0.0,0.0,0.0,0.0,0.0,0.0,1.0,1,1.0,1,1,1.0,0,0,0.0,1.0,1.0,1.0,2.0,2.0,2.0,2,,2.0,1.0,1.0,1,1.0,0,0.0,0.0,0.0,0.0,0.0,0.0,1.0,0.0,0.0,0.0,0.0,0.0,0,0.0,0.0,0.0,2.0,1,0.0,1.0,1.0,1.0,1.0,1.0,0,0.0,0.0,0.0,0.0,0,0.0,1.0,0.0,0.0,0.0,0,0.0,0.0,0.0,1.0,0.0,0,1.0,0.0,0,1,1.0,1.0,0.0,1.0,0.0,0.0,0.0
0.0,0.0,0.0,0.0,2.0,,0.0,0.0,0.0,0,0.0,0.0,0,0.0,0.0,2.0,2,0.0,0.0,0.0,0.0,0.0,0.0,1.0,0.0,0.0,0,0.0,0,0,1.0,0,0,1.0,0.0,0.0,1.0,1.0,2.0,2.0,2,2.0,,0.0,0.0,0,2.0,0,0.0,0.0,0.0,0.0,0.0,0.0,1.0,0.0,0.0,0.0,0.0,1.0,0,0.0,0.0,0.0,1.0,1,2.0,0.0,0.0,1.0,1.0,2.0,0,0.0,0.0,1.0,1.0,1,0.0,1.0,0.0,0.0,0.0,0,0.0,0.0,0.0,0.0,1.0,1,0.0,0.0,0,0,0.0,0.0,0.0,0.0,1.0,1.0,1.0
1.0,0.0,0.0,1.0,1.0,0.0,0.0,0.0,0.0,0,0.0,0.0,0,0.0,0.0,1.0,1,0.0,0.0,0.0,0.0,0.0,1.0,1.0,0.0,0.0,0,0.0,0,0,0.0,0,0,0.0,0.0,0.0,1.0,0.0,0.0,0.0,0,0.0,0.0,1.0,0.0,0,2.0,1,0.0,0.0,0.0,0.0,0.0,1.0,0.0,0.0,0.0,0.0,0.0,0.0,1,1.0,1.0,1.0,1.0,1,0.0,0.0,0.0,0.0,2.0,1.0,0,0.0,0.0,0.0,1.0,1,0.0,0.0,0.0,0.0,0.0,0,0.0,1.0,0.0,1.0,1.0,0,0.0,0.0,0,0,0.0,0.0,1.0,0.0,1.0,1.0,0.0
2.0,1.0,1.0,1.0,0.0,,0.0,0.0,0.0,0,0.0,0.0,0,0.0,0.0,1.0,1,1.0,0.0,0.0,0.0,0.0,0.0,0.0,0.0,1.0,1,1.0,1,1,1.0,0,0,0.0,0.0,0.0,2.0,2.0,1.0,1.0,1,1.0,1.0,1.0,0.0,1,1.0,0,0.0,0.0,0.0,0.0,0.0,1.0,0.0,0.0,0.0,0.0,0.0,0.0,2,2.0,2.0,2.0,0.0,0,1.0,1.0,1.0,1.0,0.0,0.0,1,1.0,1.0,0.0,0.0,0,0.0,1.0,0.0,0.0,0.0,0,0.0,0.0,0.0,2.0,0.0,0,1.0,0.0,0,0,0.0,0.0,0.0,0.0,0.0,0.0,1.0
1.0,0.0,0.0,1.0,0.0,0.0,0.0,0.0,0.0,0,0.0,0.0,0,0.0,0.0,0.0,0,1.0,0.0,0.0,0.0,0.0,0.0,1.0,1.0,1.0,0,0.0,0,0,1.0,0,0,1.0,0.0,0.0,1.0,0.0,1.0,1.0,1,1.0,1.0,2.0,0.0,0,1.0,0,0.0,0.0,0.0,0.0,0.0,0.0,0.0,0.0,0.0,0.0,0.0,1.0,2,2.0,2.0,2.0,1.0,1,0.0,0.0,0.0,0.0,1.0,2.0,1,1.0,1.0,0.0,1.0,1,1.0,0.0,0.0,0.0,0.0,0,0.0,2.0,2.0,1.0,0.0,0,1.0,0.0,0,0,0.0,0.0,0.0,0.0,0.0,,0.0
1.0,0.0,1.0,0.0,0.0,1.0,0.0,1.0,1.0,1,1.0,1.0,1,0.0,0.0,0.0,0,1.0,1.0,1.0,1.0,1.0,1.0,1.0,0.0,1.0,0,0.0,0,0,0.0,0,0,0.0,0.0,0.0,1.0,0.0,2.0,2.0,2,2.0,2.0,0.0,0.0,1,1.0,0,0.0,0.0,0.0,0.0,0.0,1.0,0.0,0.0,0.0,0.0,0.0,0.0,0,0.0,0.0,0.0,0.0,0,0.0,0.0,0.0,0.0,1.0,0.0,0,0.0,0.0,0.0,0.0,0,0.0,2.0,0.0,0.0,1.0,1,1.0,1.0,1.0,1.0,0.0,0,0.0,0.0,0,0,0.0,0.0,1.0,1.0,1.0,1.0,1.0
1.0,1.0,0.0,0.0,1.0,0.0,1.0,0.0,0.0,0,0.0,0.0,0,0.0,0.0,0.0,0,2.0,0.0,0.0,0.0,0.0,0.0,1.0,1.0,2.0,1,1.0,1,1,1.0,1,0,2.0,0.0,0.0,0.0,1.0,1.0,1.0,1,1.0,1.0,1.0,1.0,0,1.0,1,1.0,1.0,1.0,1.0,1.0,1.0,0.0,1.0,0.0,,0.0,1.0,0,0.0,0.0,0.0,1.0,1,0.0,0.0,0.0,0.0,0.0,0.0,0,0.0,1.0,0.0,1.0,1,1.0,0.0,0.0,0.0,0.0,0,0.0,1.0,0.0,0.0,1.0,2,1.0,0.0,0,0,0.0,0.0,1.0,0.0,1.0,1.0,0.0
1.0,0.0,0.0,1.0,0.0,1.0,0.0,1.0,1.0,1,1.0,1.0,1,0.0,1.0,0.0,0,0.0,0.0,0.0,0.0,0.0,0.0,1.0,0.0,1.0,0,0.0,0,0,0.0,0,0,1.0,0.0,0.0,2.0,1.0,1.0,1.0,1,1.0,1.0,0.0,1.0,1,0.0,0,0.0,0.0,0.0,0.0,0.0,0.0,1.0,1.0,1.0,1.0,1.0,0.0,2,2.0,2.0,2.0,1.0,1,2.0,0.0,0.0,0.0,0.0,0.0,1,1.0,1.0,0.0,1.0,1,0.0,0.0,0.0,0.0,0.0,0,0.0,1.0,1.0,1.0,0.0,1,1.0,0.0,0,0,0.0,0.0,0.0,0.0,1.0,1.0,1.0
1.0,1.0,1.0,1.0,2.0,0.0,1.0,1.0,1.0,1,1.0,1.0,1,0.0,0.0,0.0,0,1.0,1.0,1.0,1.0,1.0,1.0,0.0,2.0,1.0,0,0.0,0,0,0.0,0,0,1.0,0.0,0.0,0.0,2.0,2.0,2.0,2,2.0,2.0,0.0,0.0,1,1.0,1,1.0,1.0,1.0,1.0,1.0,0.0,1.0,0.0,0.0,0.0,0.0,1.0,1,1.0,1.0,1.0,2.0,1,0.0,1.0,1.0,1.0,2.0,1.0,0,0.0,0.0,0.0,0.0,0,0.0,1.0,0.0,0.0,0.0,0,0.0,0.0,0.0,0.0,,0,0.0,0.0,0,0,0.0,0.0,2.0,0.0,1.0,1.0,1.0
1.0,0.0,0.0,0.0,0.0,1.0,1.0,0.0,0.0,0,0.0,0.0,0,0.0,0.0,1.0,1,1.0,0.0,0.0,0.0,0.0,0.0,1.0,0.0,0.0,0,0.0,0,0,1.0,0,1,0.0,0.0,0.0,0.0,0.0,2.0,2.0,2,2.0,2.0,2.0,1.0,0,2.0,0,0.0,0.0,0.0,0.0,0.0,2.0,0.0,0.0,0.0,0.0,0.0,0.0,0,0.0,0.0,0.0,0.0,0,1.0,2.0,2.0,2.0,1.0,0.0,1,1.0,1.0,0.0,1.0,1,0.0,1.0,0.0,0.0,0.0,0,0.0,0.0,0.0,2.0,0.0,0,0.0,0.0,0,1,1.0,1.0,1.0,1.0,0.0,0.0,0.0
0.0,0.0,0.0,0.0,2.0,0.0,0.0,1.0,1.0,1,1.0,2.0,1,0.0,0.0,0.0,0,0.0,0.0,0.0,0.0,0.0,0.0,0.0,1.0,0.0,0,1.0,0,0,1.0,0,0,0.0,0.0,0.0,2.0,0.0,2.0,2.0,2,2.0,2.0,0.0,0.0,0,1.0,0,0.0,0.0,0.0,0.0,0.0,2.0,0.0,1.0,0.0,1.0,0.0,1.0,1,1.0,1.0,1.0,0.0,0,0.0,0.0,0.0,0.0,2.0,0.0,0,0.0,0.0,1.0,0.0,0,1.0,1.0,0.0,0.0,0.0,0,0.0,2.0,2.0,0.0,0.0,1,0.0,0.0,0,1,1.0,1.0,2.0,0.0,1.0,1.0,1.0
1.0,1.0,2.0,0.0,0.0,2.0,1.0,1.0,1.0,1,1.0,1.0,1,0.0,0.0,1.0,1,2.0,0.0,0.0,0.0,0.0,0.0,0.0,0.0,1.0,1,1.0,1,1,0.0,0,0,0.0,1.0,1.0,0.0,0.0,0.0,0.0,0,0.0,0.0,0.0,0.0,0,1.0,0,0.0,0.0,0.0,0.0,0.0,1.0,0.0,1.0,1.0,1.0,1.0,1.0,2,2.0,2.0,2.0,1.0,1,1.0,0.0,,,0.0,0.0,0,0.0,0.0,1.0,0.0,0,1.0,0.0,0.0,0.0,0.0,0,0.0,2.0,2.0,1.0,1.0,0,0.0,0.0,0,1,1.0,1.0,0.0,2.0,1.0,1.0,1.0
0.0,1.0,0.0,0.0,1.0,0.0,1.0,1.0,1.0,1,1.0,1.0,1,0.0,0.0,1.0,1,1.0,1.0,1.0,1.0,1.0,1.0,0.0,0.0,1.0,1,1.0,1,1,0.0,0,0,1.0,0.0,0.0,2.0,1.0,2.0,2.0,2,2.0,2.0,0.0,0.0,0,2.0,0,0.0,0.0,0.0,0.0,0.0,1.0,0.0,0.0,0.0,0.0,0.0,0.0,0,0.0,0.0,0.0,0.0,0,1.0,1.0,1.0,1.0,0.0,0.0,0,0.0,0.0,0.0,0.0,0,0.0,0.0,1.0,1.0,0.0,0,0.0,0.0,0.0,1.0,0.0,0,0.0,0.0,0,1,1.0,1.0,0.0,0.0,0.0,0.0,1.0
1.0,0.0,0.0,1.0,1.0,1.0,0.0,1.0,1.0,1,1.0,1.0,1,0.0,0.0,0.0,0,0.0,1.0,1.0,1.0,1.0,1.0,0.0,0.0,0.0,0,0.0,0,0,0.0,0,0,0.0,0.0,0.0,2.0,1.0,1.0,1.0,1,1.0,1.0,1.0,0.0,1,1.0,0,0.0,0.0,0.0,0.0,0.0,1.0,0.0,0.0,0.0,0.0,0.0,1.0,1,1.0,1.0,1.0,0.0,0,2.0,2.0,2.0,2.0,2.0,0.0,0,0.0,0.0,1.0,0.0,0,0.0,0.0,0.0,0.0,0.0,0,0.0,2.0,2.0,1.0,1.0,0,1.0,1.0,1,0,0.0,0.0,1.0,1.0,1.0,1.0,1.0
1.0,0.0,2.0,1.0,0.0,1.0,1.0,1.0,1.0,1,1.0,1.0,1,0.0,1.0,1.0,1,1.0,0.0,0.0,0.0,0.0,0.0,1.0,0.0,1.0,1,1.0,1,1,0.0,1,1,2.0,0.0,0.0,0.0,1.0,1.0,1.0,1,1.0,2.0,2.0,1.0,0,1.0,0,0.0,0.0,0.0,0.0,0.0,0.0,1.0,1.0,1.0,1.0,1.0,0.0,1,1.0,1.0,1.0,0.0,0,1.0,2.0,2.0,2.0,1.0,0.0,1,1.0,2.0,2.0,1.0,0,0.0,0.0,0.0,0.0,0.0,0,0.0,0.0,0.0,1.0,0.0,0,0.0,0.0,0,2,2.0,2.0,0.0,0.0,1.0,1.0,1.0
1.0,0.0,0.0,0.0,0.0,0.0,1.0,0.0,0.0,0,0.0,0.0,0,0.0,0.0,1.0,1,0.0,0.0,0.0,0.0,0.0,0.0,0.0,0.0,0.0,2,2.0,2,2,0.0,1,0,1.0,0.0,0.0,1.0,2.0,1.0,1.0,1,1.0,1.0,0.0,1.0,2,0.0,0,0.0,0.0,0.0,0.0,0.0,0.0,2.0,1.0,0.0,1.0,0.0,0.0,1,1.0,1.0,1.0,0.0,0,0.0,1.0,1.0,1.0,0.0,0.0,0,0.0,0.0,1.0,0.0,0,1.0,0.0,0.0,0.0,0.0,0,0.0,1.0,1.0,1.0,1.0,0,0.0,0.0,0,0,0.0,0.0,1.0,0.0,0.0,0.0,1.0
1.0,0.0,2.0,0.0,0.0,,0.0,1.0,1.0,1,1.0,1.0,1,0.0,0.0,0.0,0,0.0,0.0,0.0,0.0,0.0,0.0,2.0,1.0,0.0,1,1.0,1,1,0.0,0,0,1.0,1.0,1.0,1.0,1.0,1.0,1.0,1,1.0,1.0,1.0,0.0,0,2.0,0,0.0,0.0,0.0,,0.0,1.0,1.0,0.0,0.0,1.0,0.0,0.0,2,2.0,2.0,2.0,1.0,1,2.0,0.0,0.0,0.0,0.0,1.0,0,0.0,0.0,1.0,0.0,0,0.0,0.0,0.0,0.0,0.0,0,0.0,0.0,0.0,1.0,0.0,1,0.0,0.0,0,0,0.0,0.0,0.0,0.0,0.0,0.0,0.0
2.0,0.0,0.0,1.0,0.0,0.0,0.0,1.0,1.0,1,1.0,1.0,1,1.0,0.0,0.0,0,0.0,0.0,2.0,2.0,2.0,2.0,1.0,0.0,0.0,1,1.0,1,1,1.0,0,1,1.0,1.0,1.0,1.0,2.0,2.0,2.0,2,2.0,2.0,0.0,0.0,1,1.0,0,0.0,0.0,0.0,0.0,0.0,0.0,1.0,2.0,1.0,2.0,1.0,0.0,1,1.0,1.0,1.0,2.0,2,0.0,0.0,0.0,0.0,1.0,0.0,0,0.0,1.0,1.0,0.0,0,0.0,1.0,0.0,0.0,0.0,0,0.0,0.0,0.0,0.0,0.0,0,0.0,0.0,0,2,2.0,2.0,0.0,1.0,0.0,0.0,1.0
2.0,0.0,0.0,0.0,1.0,0.0,1.0,1.0,1.0,1,1.0,1.0,1,0.0,0.0,1.0,1,1.0,0.0,0.0,0.0,0.0,0.0,1.0,0.0,1.0,0,0.0,0,0,0.0,0,0,1.0,0.0,0.0,1.0,1.0,1.0,1.0,1,1.0,0.0,1.0,0.0,1,1.0,0,0.0,0.0,0.0,0.0,0.0,1.0,0.0,1.0,1.0,1.0,1.0,0.0,1,1.0,1.0,1.0,2.0,1,1.0,1.0,1.0,1.0,1.0,0.0,1,1.0,1.0,1.0,0.0,0,0.0,1.0,0.0,0.0,0.0,0,0.0,1.0,1.0,1.0,0.0,0,0.0,0.0,0,1,1.0,1.0,0.0,0.0,0.0,0.0,1.0
0.0,0.0,0.0,0.0,1.0,0.0,0.0,0.0,0.0,0,0.0,0.0,0,0.0,0.0,0.0,0,1.0,1.0,2.0,2.0,2.0,2.0,0.0,1.0,0.0,0,1.0,1,0,0.0,0,0,1.0,0.0,0.0,0.0,2.0,2.0,2.0,2,2.0,2.0,1.0,0.0,1,1.0,0,0.0,0.0,0.0,0.0,0.0,1.0,1.0,1.0,0.0,1.0,0.0,1.0,1,1.0,1.0,1.0,1.0,1,2.0,1.0,1.0,1.0,2.0,0.0,0,0.0,1.0,1.0,1.0,1,0.0,0.0,0.0,0.0,0.0,0,0.0,1.0,1.0,2.0,1.0,0,1.0,0.0,0,1,1.0,1.0,1.0,2.0,1.0,1.0,1.0
2.0,0.0,1.0,2.0,0.0,1.0,1.0,0.0,0.0,0,0.0,0.0,0,1.0,0.0,0.0,0,0.0,0.0,0.0,0.0,0.0,0.0,1.0,0.0,2.0,0,0.0,0,0,0.0,1,0,1.0,0.0,0.0,1.0,2.0,2.0,2.0,2,2.0,2.0,0.0,1.0,0,1.0,0,0.0,,0.0,0.0,0.0,2.0,2.0,0.0,0.0,0.0,0.0,1.0,1,1.0,1.0,1.0,1.0,1,0.0,0.0,0.0,0.0,1.0,0.0,0,0.0,0.0,1.0,0.0,0,0.0,0.0,0.0,0.0,0.0,0,0.0,2.0,2.0,1.0,1.0,0,0.0,0.0,0,1,1.0,1.0,0.0,1.0,1.0,1.0,1.0
0.0,0.0,1.0,1.0,0.0,1.0,0.0,0.0,0.0,0,0.0,0.0,0,0.0,1.0,0.0,0,0.0,2.0,2.0,2.0,2.0,2.0,2.0,0.0,2.0,0,0.0,0,0,0.0,0,0,0.0,0.0,0.0,2.0,1.0,2.0,2.0,2,2.0,2.0,0.0,1.0,1,1.0,0,0.0,0.0,0.0,0.0,0.0,1.0,2.0,1.0,0.0,1.0,0.0,1.0,1,1.0,1.0,1.0,0.0,0,0.0,1.0,1.0,1.0,0.0,0.0,0,0.0,1.0,0.0,0.0,0,1.0,0.0,0.0,0.0,0.0,0,0.0,1.0,1.0,1.0,0.0,0,0.0,0.0,0,0,0.0,0.0,0.0,1.0,0.0,0.0,0.0
1.0,0.0,1.0,0.0,0.0,2.0,0.0,0.0,0.0,0,0.0,0.0,0,0.0,0.0,1.0,1,1.0,1.0,1.0,1.0,1.0,1.0,2.0,1.0,0.0,0,2.0,2,0,0.0,0,0,0.0,0.0,0.0,0.0,0.0,2.0,2.0,2,2.0,2.0,0.0,1.0,2,0.0,0,0.0,0.0,0.0,0.0,0.0,0.0,1.0,0.0,0.0,0.0,,1.0,1,1.0,1.0,1.0,1.0,1,0.0,1.0,1.0,1.0,0.0,1.0,1,1.0,1.0,1.0,0.0,0,0.0,0.0,0.0,0.0,0.0,0,0.0,0.0,0.0,1.0,0.0,0,0.0,0.0,0,1,1.0,1.0,0.0,0.0,1.0,1.0,1.0
1.0,0.0,0.0,1.0,1.0,0.0,1.0,0.0,0.0,0,0.0,0.0,0,0.0,0.0,1.0,0,1.0,1.0,0.0,0.0,0.0,0.0,0.0,0.0,0.0,0,0.0,0,0,2.0,0,0,0.0,0.0,0.0,2.0,2.0,2.0,2.0,2,2.0,2.0,0.0,1.0,0,2.0,0,0.0,0.0,0.0,0.0,0.0,0.0,2.0,0.0,0.0,0.0,0.0,1.0,2,2.0,2.0,2.0,1.0,1,1.0,1.0,1.0,1.0,1.0,0.0,0,0.0,1.0,0.0,1.0,1,1.0,1.0,0.0,0.0,0.0,0,0.0,1.0,1.0,1.0,0.0,0,1.0,0.0,0,2,2.0,2.0,0.0,0.0,1.0,1.0,0.0
0.0,0.0,0.0,0.0,1.0,1.0,0.0,1.0,1.0,1,1.0,1.0,1,0.0,0.0,1.0,1,1.0,1.0,1.0,1.0,1.0,1.0,1.0,1.0,0.0,0,0.0,0,0,1.0,1,0,1.0,0.0,0.0,0.0,1.0,1.0,1.0,1,1.0,1.0,0.0,0.0,1,1.0,1,1.0,1.0,1.0,1.0,1.0,1.0,0.0,0.0,0.0,0.0,0.0,0.0,0,0.0,0.0,0.0,1.0,1,0.0,0.0,0.0,0.0,1.0,0.0,1,1.0,1.0,2.0,0.0,0,0.0,1.0,0.0,0.0,0.0,0,0.0,2.0,2.0,0.0,1.0,1,0.0,1.0,1,0,0.0,0.0,1.0,0.0,0.0,0.0,0.0
2.0,0.0,1.0,0.0,1.0,1.0,1.0,0.0,0.0,0,0.0,0.0,0,0.0,0.0,1.0,1,0.0,0.0,0.0,0.0,0.0,0.0,0.0,0.0,0.0,0,0.0,0,0,0.0,0,0,1.0,0.0,0.0,1.0,2.0,0.0,0.0,0,0.0,0.0,0.0,1.0,0,2.0,0,0.0,0.0,0.0,0.0,0.0,0.0,1.0,0.0,0.0,0.0,0.0,0.0,1,1.0,1.0,1.0,1.0,1,0.0,0.0,0.0,0.0,1.0,1.0,0,0.0,0.0,1.0,0.0,0,0.0,1.0,0.0,0.0,0.0,0,0.0,1.0,1.0,1.0,1.0,0,0.0,0.0,0,1,1.0,1.0,0.0,1.0,2.0,2.0,1.0
2.0,0.0,0.0,0.0,1.0,0.0,0.0,1.0,1.0,1,1.0,2.0,1,0.0,0.0,0.0,0,0.0,0.0,0.0,0.0,0.0,0.0,1.0,0.0,1.0,0,0.0,0,0,0.0,0,1,2.0,1.0,1.0,1.0,1.0,2.0,2.0,2,2.0,2.0,0.0,1.0,0,1.0,0,0.0,0.0,0.0,0.0,0.0,0.0,1.0,1.0,1.0,1.0,1.0,0.0,1,1.0,1.0,1.0,1.0,1,0.0,1.0,1.0,1.0,1.0,0.0,0,0.0,0.0,2.0,0.0,0,1.0,1.0,0.0,0.0,0.0,0,0.0,0.0,0.0,0.0,0.0,0,0.0,0.0,0,0,0.0,1.0,1.0,2.0,1.0,1.0,1.0
1.0,0.0,0.0,0.0,1.0,1.0,0.0,0.0,0.0,0,0.0,0.0,0,0.0,1.0,2.0,2,0.0,1.0,1.0,1.0,1.0,1.0,0.0,1.0,1.0,0,0.0,0,0,1.0,0,0,0.0,1.0,1.0,1.0,0.0,2.0,2.0,2,2.0,2.0,1.0,0.0,0,1.0,0,0.0,0.0,0.0,0.0,0.0,1.0,0.0,0.0,0.0,0.0,0.0,0.0,1,1.0,1.0,1.0,1.0,1,2.0,1.0,1.0,1.0,1.0,2.0,1,1.0,1.0,0.0,0.0,0,0.0,1.0,0.0,0.0,0.0,0,0.0,1.0,1.0,0.0,1.0,0,0.0,0.0,0,2,2.0,2.0,0.0,0.0,1.0,1.0,1.0
0.0,0.0,1.0,0.0,0.0,1.0,0.0,0.0,0.0,0,0.0,0.0,0,0.0,1.0,1.0,1,0.0,0.0,0.0,0.0,0.0,0.0,1.0,0.0,0.0,0,0.0,0,0,1.0,1,1,2.0,0.0,0.0,1.0,2.0,2.0,2.0,2,2.0,2.0,0.0,1.0,0,0.0,0,0.0,0.0,0.0,0.0,0.0,0.0,1.0,1.0,1.0,1.0,1.0,0.0,1,1.0,1.0,1.0,1.0,1,1.0,0.0,0.0,1.0,2.0,1.0,0,0.0,0.0,2.0,0.0,0,1.0,0.0,0.0,0.0,0.0,0,0.0,0.0,0.0,1.0,1.0,1,0.0,0.0,0,1,1.0,1.0,,1.0,1.0,1.0,1.0
1.0,0.0,1.0,2.0,1.0,1.0,1.0,0.0,0.0,0,0.0,0.0,0,0.0,0.0,1.0,1,1.0,0.0,0.0,0.0,1.0,0.0,2.0,1.0,0.0,0,0.0,0,0,0.0,1,0,1.0,0.0,0.0,1.0,1.0,1.0,1.0,1,1.0,1.0,0.0,0.0,0,1.0,0,0.0,0.0,0.0,0.0,0.0,1.0,0.0,1.0,0.0,1.0,0.0,0.0,1,1.0,1.0,1.0,2.0,2,0.0,0.0,0.0,0.0,1.0,0.0,0,0.0,1.0,0.0,1.0,1,0.0,0.0,0.0,0.0,0.0,0,0.0,2.0,2.0,0.0,0.0,0,1.0,0.0,0,0,0.0,0.0,0.0,0.0,0.0,0.0,0.0
0.0,0.0,0.0,0.0,2.0,0.0,0.0,2.0,2.0,2,2.0,2.0,2,0.0,0.0,0.0,0,1.0,1.0,1.0,1.0,1.0,1.0,0.0,0.0,2.0,0,0.0,0,0,0.0,0,0,0.0,1.0,1.0,0.0,2.0,2.0,2.0,2,2.0,1.0,0.0,0.0,1,0.0,0,0.0,0.0,0.0,0.0,0.0,1.0,0.0,0.0,0.0,0.0,0.0,0.0,1,1.0,1.0,1.0,2.0,2,1.0,1.0,1.0,1.0,0.0,0.0,0,0.0,0.0,0.0,0.0,0,0.0,1.0,0.0,0.0,0.0,0,0.0,2.0,2.0,0.0,0.0,0,0.0,0.0,0,0,0.0,0.0,0.0,0.0,1.0,1.0,1.0
1.0,1.0,0.0,1.0,1.0,1.0,1.0,1.0,1.0,1,1.0,1.0,1,0.0,0.0,1.0,1,0.0,0.0,0.0,0.0,0.0,0.0,1.0,0.0,1.0,1,2.0,1,1,0.0,0,0,2.0,0.0,0.0,1.0,1.0,2.0,2.0,2,2.0,2.0,0.0,0.0,0,0.0,0,0.0,0.0,0.0,0.0,0.0,1.0,0.0,0.0,0.0,1.0,0.0,0.0,0,0.0,0.0,0.0,2.0,1,1.0,1.0,1.0,1.0,2.0,0.0,0,0.0,0.0,0.0,2.0,2,1.0,0.0,0.0,0.0,0.0,0,0.0,0.0,0.0,2.0,1.0,0,0.0,0.0,0,1,1.0,1.0,0.0,1.0,1.0,1.0,1.0
,0.0,0.0,0.0,1.0,0.0,1.0,0.0,,0,0.0,0.0,0,0.0,0.0,0.0,0,2.0,0.0,0.0,0.0,0.0,0.0,1.0,0.0,1.0,0,1.0,1,0,1.0,0,0,2.0,0.0,0.0,1.0,0.0,0.0,0.0,0,0.0,0.0,1.0,0.0,1,0.0,0,0.0,0.0,0.0,0.0,0.0,1.0,0.0,,1.0,1.0,1.0,1.0,2,2.0,2.0,2.0,1.0,1,0.0,0.0,,0.0,1.0,0.0,0,0.0,1.0,0.0,1.0,1,0.0,1.0,0.0,0.0,0.0,0,0.0,1.0,1.0,1.0,0.0,0,1.0,0.0,0,0,0.0,0.0,1.0,1.0,0.0,,0.0
1.0,1.0,0.0,0.0,1.0,0.0,1.0,0.0,0.0,0,0.0,0.0,0,1.0,0.0,1.0,1,0.0,0.0,0.0,0.0,0.0,0.0,1.0,1.0,0.0,1,1.0,1,1,0.0,1,0,0.0,0.0,0.0,0.0,2.0,1.0,1.0,1,1.0,1.0,0.0,1.0,0,1.0,0,0.0,0.0,0.0,0.0,0.0,0.0,1.0,1.0,1.0,1.0,1.0,0.0,1,1.0,1.0,1.0,2.0,2,0.0,0.0,0.0,0.0,1.0,1.0,1,1.0,2.0,0.0,0.0,0,1.0,1.0,0.0,0.0,0.0,0,0.0,1.0,1.0,0.0,,0,0.0,1.0,1,0,0.0,0.0,,0.0,0.0,0.0,0.0
2.0,0.0,0.0,1.0,0.0,1.0,0.0,1.0,1.0,1,1.0,1.0,1,0.0,0.0,0.0,0,2.0,1.0,0.0,0.0,0.0,0.0,0.0,1.0,0.0,0,0.0,0,0,0.0,0,0,1.0,0.0,0.0,1.0,1.0,0.0,0.0,0,0.0,0.0,1.0,0.0,2,0.0,0,0.0,0.0,0.0,0.0,0.0,2.0,2.0,0.0,0.0,0.0,0.0,1.0,1,1.0,1.0,1.0,1.0,1,0.0,0.0,0.0,0.0,0.0,0.0,0,0.0,0.0,0.0,1.0,0,0.0,0.0,0.0,0.0,0.0,0,0.0,1.0,1.0,1.0,1.0,0,0.0,0.0,0,0,0.0,0.0,1.0,1.0,0.0,0.0,0.0
1.0,1.0,1.0,1.0,0.0,0.0,1.0,0.0,,0,0.0,0.0,0,1.0,0.0,1.0,1,2.0,2.0,1.0,1.0,1.0,1.0,0.0,0.0,0.0,1,1.0,1,1,1.0,1,0,1.0,0.0,0.0,1.0,2.0,1.0,1.0,1,1.0,1.0,1.0,1.0,2,0.0,0,0.0,0.0,0.0,0.0,0.0,1.0,1.0,0.0,0.0,0.0,0.0,1.0,1,1.0,1.0,1.0,1.0,1,0.0,2.0,2.0,2.0,1.0,0.0,0,0.0,0.0,2.0,1.0,1,1.0,2.0,0.0,0.0,0.0,0,0.0,2.0,2.0,1.0,0.0,0,0.0,0.0,0,0,0.0,0.0,0.0,1.0,1.0,1.0,1.0
1.0,1.0,1.0,1.0,0.0,1.0,1.0,0.0,0.0,0,0.0,0.0,0,0.0,0.0,0.0,0,0.0,0.0,0.0,0.0,0.0,0.0,0.0,1.0,1.0,0,0.0,0,0,0.0,0,0,1.0,0.0,0.0,0.0,0.0,1.0,1.0,1,1.0,1.0,0.0,0.0,0,2.0,0,0.0,0.0,0.0,0.0,0.0,0.0,1.0,1.0,1.0,1.0,1.0,1.0,1,1.0,1.0,1.0,0.0,0,0.0,1.0,1.0,1.0,2.0,0.0,0,0.0,0.0,0.0,1.0,1,0.0,0.0,0.0,0.0,0.0,0,0.0,2.0,1.0,1.0,0.0,1,1.0,0.0,0,0,0.0,0.0,1.0,1.0,1.0,2.0,0.0
1.0,0.0,1.0,0.0,1.0,1.0,1.0,0.0,0.0,0,0.0,0.0,0,0.0,0.0,0.0,0,0.0,0.0,0.0,0.0,0.0,0.0,1.0,0.0,0.0,1,2.0,2,1,0.0,0,0,1.0,0.0,0.0,1.0,2.0,2.0,2.0,2,2.0,2.0,0.0,0.0,0,2.0,0,0.0,0.0,0.0,0.0,0.0,2.0,0.0,0.0,0.0,0.0,0.0,0.0,2,2.0,2.0,2.0,2.0,2,0.0,0.0,0.0,0.0,1.0,0.0,0,0.0,0.0,1.0,0.0,0,0.0,1.0,0.0,0.0,0.0,0,0.0,0.0,0.0,0.0,0.0,1,0.0,0.0,0,1,1.0,1.0,0.0,0.0,1.0,1.0,1.0
2.0,0.0,1.0,1.0,1.0,1.0,0.0,0.0,0.0,0,0.0,0.0,0,0.0,1.0,1.0,1,0.0,0.0,0.0,0.0,0.0,,0.0,0.0,0.0,1,1.0,1,1,1.0,0,0,1.0,0.0,0.0,2.0,1.0,1.0,1.0,1,1.0,1.0,0.0,1.0,0,0.0,0,0.0,0.0,0.0,0.0,0.0,2.0,0.0,0.0,0.0,0.0,0.0,1.0,1,1.0,1.0,1.0,0.0,0,0.0,2.0,2.0,2.0,1.0,0.0,0,0.0,0.0,0.0,0.0,0,1.0,1.0,0.0,0.0,2.0,2,2.0,1.0,1.0,0.0,1.0,0,0.0,0.0,0,1,1.0,1.0,0.0,0.0,1.0,1.0,1.0
1.0,0.0,0.0,1.0,1.0,0.0,1.0,0.0,0.0,0,0.0,0.0,0,0.0,0.0,0.0,0,1.0,1.0,0.0,0.0,0.0,0.0,2.0,1.0,1.0,0,0.0,0,0,0.0,0,0,1.0,0.0,0.0,1.0,0.0,1.0,1.0,1,1.0,1.0,0.0,2.0,0,1.0,1,1.0,1.0,1.0,1.0,1.0,0.0,0.0,0.0,0.0,0.0,0.0,0.0,1,1.0,1.0,1.0,0.0,0,1.0,2.0,2.0,2.0,2.0,1.0,1,1.0,1.0,1.0,1.0,1,1.0,2.0,0.0,0.0,0.0,0,0.0,1.0,1.0,,0.0,0,1.0,0.0,0,1,1.0,1.0,1.0,0.0,1.0,1.0,0.0
0.0,1.0,0.0,2.0,0.0,0.0,2.0,1.0,1.0,1,1.0,1.0,1,0.0,0.0,0.0,0,2.0,0.0,0.0,0.0,0.0,0.0,2.0,1.0,0.0,1,1.0,1,1,0.0,1,0,1.0,0.0,0.0,1.0,0.0,1.0,1.0,1,1.0,1.0,1.0,0.0,0,2.0,1,1.0,1.0,1.0,1.0,1.0,1.0,0.0,0.0,0.0,0.0,0.0,0.0,2,2.0,2.0,2.0,0.0,0,0.0,0.0,0.0,0.0,1.0,1.0,0,0.0,0.0,0.0,0.0,0,0.0,2.0,0.0,0.0,0.0,0,0.0,0.0,0.0,2.0,0.0,0,1.0,0.0,0,1,1.0,1.0,0.0,1.0,1.0,1.0,0.0
1.0,0.0,2.0,2.0,2.0,0.0,0.0,1.0,1.0,1,1.0,1.0,1,0.0,0.0,0.0,0,1.0,0.0,0.0,0.0,0.0,0.0,1.0,1.0,1.0,0,1.0,1,0,1.0,0,0,2.0,0.0,0.0,2.0,0.0,1.0,1.0,1,1.0,1.0,0.0,0.0,1,1.0,0,0.0,0.0,0.0,0.0,0.0,1.0,0.0,0.0,0.0,0.0,0.0,0.0,2,2.0,2.0,2.0,2.0,1,0.0,1.0,1.0,1.0,0.0,1.0,1,1.0,1.0,2.0,0.0,0,0.0,1.0,0.0,0.0,0.0,0,0.0,1.0,0.0,0.0,1.0,0,0.0,0.0,0,1,1.0,1.0,0.0,0.0,1.0,1.0,0.0
1.0,0.0,0.0,0.0,2.0,0.0,1.0,1.0,1.0,1,1.0,1.0,1,0.0,0.0,0.0,0,1.0,1.0,1.0,1.0,1.0,1.0,0.0,1.0,2.0,0,0.0,0,0,0.0,1,0,1.0,0.0,0.0,1.0,0.0,1.0,1.0,1,1.0,1.0,2.0,0.0,1,1.0,0,,0.0,0.0,0.0,0.0,1.0,1.0,0.0,0.0,0.0,0.0,0.0,1,1.0,1.0,1.0,1.0,1,1.0,0.0,0.0,0.0,2.0,1.0,0,0.0,0.0,1.0,,0,0.0,1.0,0.0,0.0,0.0,0,0.0,1.0,1.0,0.0,0.0,0,1.0,2.0,2,0,0.0,0.0,0.0,1.0,1.0,1.0,0.0
1.0,0.0,1.0,0.0,2.0,0.0,0.0,2.0,2.0,2,2.0,2.0,2,0.0,0.0,2.0,2,0.0,1.0,1.0,1.0,1.0,1.0,2.0,0.0,1.0,1,1.0,1,1,0.0,0,0,0.0,0.0,0.0,0.0,2.0,0.0,0.0,0,0.0,0.0,0.0,0.0,0,1.0,0,0.0,0.0,0.0,0.0,0.0,2.0,1.0,2.0,1.0,2.0,1.0,2.0,1,1.0,1.0,1.0,1.0,1,1.0,0.0,0.0,0.0,0.0,0.0,0,0.0,0.0,2.0,,0,1.0,1.0,0.0,0.0,0.0,0,0.0,0.0,0.0,2.0,1.0,0,1.0,0.0,0,0,0.0,0.0,0.0,2.0,0.0,0.0,1.0
1.0,0.0,0.0,2.0,,1.0,1.0,0.0,0.0,0,0.0,0.0,0,0.0,0.0,0.0,0,1.0,1.0,,1.0,1.0,1.0,1.0,0.0,1.0,1,1.0,1,1,0.0,0,0,2.0,0.0,0.0,1.0,1.0,2.0,2.0,2,2.0,2.0,0.0,1.0,0,,0,0.0,0.0,0.0,0.0,0.0,0.0,0.0,2.0,2.0,2.0,2.0,1.0,1,1.0,1.0,1.0,0.0,0,0.0,0.0,0.0,0.0,0.0,0.0,0,0.0,1.0,0.0,0.0,0,1.0,2.0,0.0,0.0,0.0,0,0.0,0.0,0.0,1.0,0.0,2,1.0,0.0,0,1,1.0,1.0,2.0,,0.0,0.0,0.0
1.0,2.0,1.0,1.0,0.0,0.0,0.0,2.0,,2,2.0,2.0,2,0.0,0.0,1.0,1,0.0,1.0,0.0,0.0,0.0,0.0,1.0,0.0,0.0,0,0.0,0,0,1.0,2,0,1.0,0.0,0.0,2.0,0.0,0.0,0.0,0,0.0,0.0,1.0,1.0,1,1.0,0,0.0,0.0,0.0,0.0,0.0,0.0,0.0,2.0,2.0,2.0,2.0,0.0,1,1.0,1.0,1.0,1.0,1,0.0,0.0,0.0,0.0,1.0,1.0,0,0.0,0.0,1.0,1.0,1,0.0,1.0,0.0,0.0,0.0,0,0.0,1.0,1.0,1.0,0.0,0,0.0,0.0,0,1,1.0,1.0,1.0,0.0,2.0,2.0,1.0
1.0,2.0,0.0,1.0,1.0,1.0,1.0,0.0,0.0,0,0.0,0.0,0,0.0,1.0,1.0,1,1.0,0.0,0.0,0.0,0.0,0.0,1.0,1.0,2.0,1,1.0,1,1,0.0,1,0,1.0,0.0,0.0,0.0,0.0,2.0,2.0,2,2.0,2.0,0.0,1.0,1,1.0,0,0.0,0.0,0.0,0.0,0.0,2.0,2.0,1.0,1.0,1.0,1.0,2.0,2,2.0,2.0,2.0,1.0,1,0.0,0.0,0.0,0.0,1.0,0.0,0,1.0,1.0,0.0,0.0,0,0.0,1.0,0.0,0.0,0.0,0,0.0,1.0,1.0,2.0,0.0,1,1.0,0.0,0,1,1.0,1.0,0.0,0.0,1.0,1.0,0.0
1.0,0.0,0.0,1.0,1.0,0.0,0.0,2.0,2.0,2,2.0,2.0,2,0.0,0.0,1.0,1,2.0,1.0,1.0,1.0,1.0,1.0,1.0,0.0,2.0,0,0.0,0,0,0.0,0,0,2.0,0.0,0.0,2.0,2.0,0.0,0.0,0,0.0,0.0,1.0,0.0,0,2.0,0,0.0,0.0,0.0,0.0,0.0,1.0,1.0,0.0,0.0,0.0,0.0,1.0,1,1.0,1.0,1.0,2.0,2,1.0,0.0,0.0,0.0,0.0,0.0,0,0.0,0.0,1.0,0.0,0,1.0,2.0,0.0,0.0,0.0,0,0.0,1.0,1.0,0.0,1.0,1,1.0,0.0,0,0,0.0,1.0,0.0,1.0,1.0,1.0,0.0
2.0,0.0,0.0,0.0,2.0,,0.0,1.0,1.0,1,1.0,2.0,1,0.0,1.0,1.0,1,1.0,0.0,0.0,0.0,0.0,0.0,2.0,2.0,0.0,1,1.0,1,1,0.0,0,0,0.0,0.0,0.0,1.0,1.0,0.0,0.0,0,0.0,0.0,0.0,1.0,1,1.0,1,1.0,1.0,1.0,1.0,1.0,0.0,1.0,1.0,0.0,1.0,0.0,1.0,0,0.0,0.0,0.0,1.0,1,1.0,1.0,1.0,1.0,1.0,0.0,1,1.0,1.0,0.0,0.0,0,1.0,1.0,0.0,0.0,0.0,0,0.0,1.0,0.0,1.0,1.0,0,1.0,0.0,0,0,0.0,0.0,0.0,0.0,1.0,2.0,1.0
2.0,0.0,0.0,0.0,1.0,0.0,0.0,1.0,1.0,1,1.0,2.0,1,0.0,0.0,2.0,2,0.0,0.0,0.0,0.0,0.0,0.0,0.0,0.0,1.0,0,0.0,0,0,0.0,0,0,0.0,0.0,0.0,1.0,0.0,1.0,1.0,1,1.0,1.0,0.0,1.0,0,,1,1.0,1.0,1.0,1.0,1.0,1.0,1.0,1.0,1.0,1.0,1.0,0.0,2,2.0,2.0,2.0,2.0,2,0.0,0.0,0.0,0.0,2.0,0.0,0,0.0,1.0,1.0,1.0,1,1.0,1.0,1.0,1.0,0.0,0,0.0,0.0,0.0,1.0,0.0,0,0.0,0.0,0,0,0.0,0.0,1.0,1.0,0.0,0.0,1.0
2.0,0.0,1.0,1.0,1.0,1.0,,0.0,0.0,0,0.0,0.0,0,0.0,0.0,1.0,1,2.0,0.0,0.0,0.0,0.0,0.0,2.0,1.0,0.0,0,0.0,0,0,0.0,0,0,1.0,0.0,0.0,1.0,1.0,1.0,1.0,1,1.0,1.0,1.0,0.0,1,0.0,0,0.0,0.0,0.0,0.0,0.0,1.0,1.0,0.0,0.0,0.0,0.0,2.0,1,1.0,1.0,1.0,0.0,0,0.0,0.0,0.0,0.0,0.0,1.0,0,0.0,0.0,0.0,0.0,0,0.0,2.0,0.0,0.0,0.0,0,0.0,1.0,1.0,1.0,0.0,1,0.0,0.0,0,0,0.0,0.0,1.0,0.0,2.0,2.0,0.0
1.0,0.0,0.0,1.0,1.0,0.0,0.0,1.0,1.0,1,1.0,1.0,1,0.0,0.0,1.0,1,1.0,0.0,0.0,0.0,0.0,0.0,0.0,0.0,1.0,0,0.0,0,0,1.0,0,0,1.0,0.0,0.0,0.0,0.0,2.0,2.0,2,2.0,2.0,0.0,1.0,0,,0,0.0,0.0,0.0,0.0,0.0,,0.0,1.0,1.0,1.0,1.0,1.0,1,1.0,1.0,1.0,0.0,0,0.0,1.0,1.0,1.0,0.0,2.0,0,0.0,0.0,0.0,0.0,0,0.0,1.0,0.0,0.0,0.0,0,0.0,1.0,1.0,1.0,1.0,0,0.0,0.0,0,0,0.0,0.0,0.0,0.0,0.0,0.0,0.0
2.0,2.0,0.0,1.0,0.0,2.0,0.0,2.0,2.0,2,2.0,2.0,2,0.0,1.0,0.0,0,0.0,0.0,0.0,0.0,0.0,0.0,2.0,0.0,1.0,0,1.0,0,0,0.0,0,0,1.0,0.0,0.0,1.0,0.0,2.0,2.0,2,2.0,2.0,1.0,0.0,0,2.0,0,0.0,0.0,0.0,0.0,0.0,0.0,2.0,1.0,1.0,1.0,1.0,0.0,1,1.0,1.0,1.0,0.0,0,0.0,2.0,2.0,2.0,1.0,0.0,0,0.0,0.0,0.0,0.0,0,1.0,1.0,0.0,0.0,0.0,0,0.0,1.0,1.0,2.0,1.0,0,1.0,0.0,0,1,1.0,1.0,0.0,2.0,1.0,1.0,0.0
1.0,0.0,1.0,0.0,0.0,2.0,0.0,0.0,0.0,0,0.0,,0,1.0,0.0,0.0,0,0.0,1.0,1.0,1.0,1.0,1.0,1.0,2.0,1.0,0,0.0,0,0,0.0,2,0,1.0,0.0,0.0,2.0,1.0,1.0,1.0,1,1.0,1.0,1.0,0.0,0,2.0,0,0.0,0.0,0.0,0.0,0.0,1.0,1.0,0.0,0.0,0.0,0.0,0.0,1,1.0,1.0,1.0,0.0,0,0.0,0.0,0.0,2.0,1.0,0.0,0,0.0,0.0,2.0,1.0,1,0.0,1.0,0.0,0.0,0.0,0,0.0,0.0,0.0,0.0,1.0,0,0.0,0.0,0,0,0.0,0.0,0.0,1.0,0.0,1.0,0.0
1.0,0.0,0.0,0.0,0.0,2.0,1.0,1.0,1.0,1,1.0,1.0,1,0.0,0.0,0.0,0,1.0,0.0,0.0,0.0,0.0,0.0,1.0,1.0,0.0,0,0.0,0,0,1.0,0,0,0.0,0.0,0.0,2.0,0.0,1.0,1.0,1,1.0,1.0,0.0,0.0,0,1.0,1,1.0,1.0,1.0,1.0,1.0,0.0,1.0,0.0,0.0,0.0,0.0,2.0,1,1.0,,1.0,0.0,0,0.0,0.0,0.0,0.0,0.0,0.0,1,1.0,1.0,0.0,1.0,1,0.0,1.0,0.0,0.0,0.0,0,0.0,1.0,1.0,1.0,1.0,0,0.0,0.0,0,0,0.0,0.0,0.0,0.0,1.0,1.0,0.0
0.0,0.0,1.0,0.0,1.0,1.0,0.0,2.0,2.0,2,2.0,2.0,2,0.0,0.0,0.0,0,0.0,0.0,0.0,0.0,0.0,0.0,1.0,1.0,0.0,0,0.0,0,0,0.0,0,0,0.0,0.0,0.0,1.0,1.0,1.0,1.0,1,1.0,1.0,0.0,1.0,0,1.0,0,0.0,0.0,0.0,0.0,0.0,1.0,2.0,0.0,0.0,0.0,0.0,1.0,2,2.0,2.0,2.0,1.0,1,1.0,0.0,0.0,0.0,0.0,1.0,0,0.0,0.0,2.0,1.0,1,0.0,1.0,0.0,0.0,0.0,0,0.0,1.0,1.0,1.0,1.0,1,0.0,1.0,1,1,1.0,1.0,1.0,2.0,1.0,1.0,0.0
2.0,1.0,0.0,1.0,0.0,1.0,1.0,,2.0,2,2.0,2.0,2,0.0,0.0,0.0,0,2.0,0.0,0.0,0.0,0.0,0.0,2.0,0.0,0.0,0,0.0,0,0,1.0,0,0,2.0,0.0,0.0,1.0,2.0,1.0,1.0,1,1.0,1.0,0.0,0.0,0,1.0,0,0.0,0.0,0.0,0.0,0.0,0.0,0.0,1.0,1.0,1.0,1.0,1.0,0,0.0,0.0,0.0,1.0,1,1.0,2.0,2.0,2.0,1.0,0.0,0,0.0,1.0,2.0,0.0,0,0.0,0.0,0.0,0.0,0.0,0,0.0,1.0,1.0,2.0,0.0,0,0.0,0.0,0,2,2.0,2.0,0.0,0.0,1.0,1.0,0.0
2.0,0.0,1.0,1.0,0.0,0.0,0.0,0.0,0.0,0,0.0,0.0,0,0.0,0.0,0.0,0,0.0,0.0,0.0,0.0,0.0,0.0,1.0,0.0,0.0,0,0.0,0,0,0.0,0,0,0.0,0.0,0.0,1.0,0.0,1.0,1.0,1,1.0,1.0,1.0,0.0,1,1.0,0,0.0,0.0,0.0,0.0,0.0,0.0,2.0,1.0,1.0,1.0,1.0,0.0,1,1.0,1.0,1.0,1.0,1,0.0,0.0,0.0,0.0,1.0,0.0,1,1.0,1.0,2.0,,0,0.0,0.0,0.0,0.0,0.0,0,0.0,2.0,2.0,0.0,1.0,0,2.0,0.0,0,0,0.0,0.0,1.0,0.0,0.0,,1.0
1.0,1.0,0.0,0.0,1.0,1.0,1.0,0.0,0.0,0,0.0,0.0,0,0.0,0.0,0.0,0,1.0,1.0,1.0,1.0,1.0,1.0,1.0,0.0,0.0,0,0.0,0,0,0.0,0,0,0.0,0.0,0.0,1.0,2.0,1.0,1.0,1,1.0,1.0,0.0,0.0,2,0.0,1,1.0,1.0,1.0,1.0,1.0,0.0,1.0,2.0,2.0,2.0,2.0,1.0,1,1.0,1.0,1.0,1.0,1,1.0,2.0,2.0,2.0,1.0,1.0,0,0.0,0.0,1.0,1.0,1,1.0,0.0,0.0,0.0,0.0,0,0.0,2.0,,0.0,1.0,0,0.0,0.0,0,0,0.0,0.0,1.0,0.0,1.0,1.0,1.0
1.0,1.0,0.0,1.0,0.0,1.0,0.0,0.0,0.0,0,0.0,0.0,0,0.0,0.0,2.0,2,1.0,1.0,1.0,1.0,1.0,1.0,2.0,1.0,1.0,0,0.0,0,0,1.0,0,0,1.0,0.0,0.0,2.0,2.0,0.0,0.0,0,0.0,0.0,1.0,0.0,0,2.0,0,0.0,0.0,0.0,0.0,0.0,0.0,2.0,0.0,0.0,0.0,0.0,0.0,0,0.0,0.0,0.0,0.0,0,0.0,0.0,0.0,0.0,2.0,0.0,0,0.0,0.0,2.0,0.0,0,0.0,0.0,0.0,0.0,1.0,1,1.0,1.0,1.0,1.0,1.0,0,1.0,0.0,0,0,0.0,0.0,0.0,1.0,0.0,0.0,1.0
2.0,0.0,0.0,2.0,1.0,1.0,2.0,0.0,0.0,0,0.0,0.0,0,0.0,1.0,1.0,1,0.0,1.0,1.0,1.0,1.0,1.0,2.0,0.0,1.0,0,0.0,0,0,1.0,1,0,0.0,0.0,0.0,0.0,0.0,2.0,2.0,2,2.0,2.0,1.0,0.0,0,2.0,0,0.0,0.0,0.0,0.0,0.0,2.0,0.0,1.0,0.0,1.0,0.0,0.0,1,1.0,1.0,1.0,1.0,1,1.0,1.0,1.0,1.0,0.0,1.0,1,1.0,1.0,0.0,0.0,0,0.0,0.0,0.0,0.0,1.0,1,1.0,1.0,1.0,1.0,1.0,0,0.0,0.0,0,1,1.0,1.0,0.0,0.0,1.0,1.0,1.0
1.0,0.0,0.0,2.0,0.0,2.0,0.0,1.0,1.0,1,1.0,1.0,1,0.0,0.0,1.0,1,1.0,2.0,1.0,1.0,1.0,1.0,1.0,0.0,0.0,0,0.0,0,0,0.0,0,0,1.0,0.0,0.0,2.0,0.0,1.0,1.0,1,1.0,1.0,0.0,0.0,0,1.0,0,0.0,0.0,0.0,0.0,0.0,1.0,1.0,2.0,2.0,2.0,2.0,0.0,2,2.0,2.0,2.0,1.0,1,0.0,0.0,0.0,0.0,2.0,0.0,0,0.0,0.0,1.0,0.0,0,0.0,1.0,0.0,0.0,0.0,0,0.0,1.0,1.0,0.0,1.0,0,0.0,0.0,0,1,1.0,1.0,0.0,1.0,0.0,0.0,1.0
0.0,0.0,0.0,1.0,0.0,,1.0,1.0,1.0,1,1.0,1.0,1,0.0,0.0,0.0,0,1.0,0.0,0.0,0.0,0.0,0.0,1.0,0.0,1.0,1,1.0,1,1,0.0,0,0,0.0,1.0,1.0,1.0,1.0,0.0,0.0,0,0.0,0.0,0.0,1.0,1,1.0,0,0.0,0.0,0.0,0.0,0.0,1.0,0.0,0.0,0.0,0.0,0.0,1.0,0,0.0,0.0,0.0,2.0,2,0.0,0.0,0.0,0.0,2.0,1.0,0,0.0,0.0,1.0,0.0,0,,1.0,0.0,0.0,1.0,1,1.0,1.0,1.0,1.0,,1,1.0,0.0,0,1,1.0,1.0,1.0,0.0,0.0,0.0,0.0
1.0,0.0,1.0,0.0,0.0,0.0,2.0,1.0,1.0,1,1.0,,1,0.0,0.0,1.0,1,0.0,0.0,0.0,0.0,0.0,0.0,1.0,0.0,1.0,1,1.0,1,1,0.0,0,1,2.0,1.0,1.0,2.0,0.0,1.0,1.0,1,1.0,1.0,0.0,1.0,0,1.0,1,1.0,1.0,1.0,1.0,1.0,2.0,0.0,1.0,1.0,1.0,1.0,0.0,0,0.0,0.0,0.0,1.0,1,1.0,1.0,1.0,1.0,1.0,1.0,1,1.0,1.0,1.0,0.0,0,1.0,0.0,1.0,1.0,0.0,0,0.0,1.0,1.0,1.0,1.0,2,0.0,0.0,0,0,0.0,0.0,0.0,0.0,0.0,0.0,0.0
0.0,0.0,0.0,0.0,1.0,1.0,1.0,0.0,0.0,0,0.0,0.0,0,0.0,0.0,0.0,0,0.0,1.0,0.0,0.0,0.0,0.0,1.0,0.0,1.0,0,0.0,0,0,0.0,0,0,1.0,0.0,0.0,2.0,1.0,0.0,0.0,0,0.0,0.0,0.0,0.0,0,2.0,0,0.0,0.0,0.0,0.0,0.0,0.0,1.0,0.0,0.0,0.0,0.0,0.0,0,0.0,0.0,0.0,2.0,2,0.0,1.0,1.0,1.0,1.0,1.0,1,1.0,1.0,1.0,0.0,0,0.0,1.0,0.0,0.0,1.0,1,1.0,2.0,2.0,1.0,0.0,1,0.0,1.0,1,2,2.0,2.0,0.0,0.0,0.0,0.0,0.0
0.0,0.0,0.0,0.0,1.0,,1.0,0.0,0.0,0,0.0,0.0,0,0.0,0.0,1.0,1,1.0,1.0,0.0,0.0,0.0,0.0,2.0,0.0,0.0,1,1.0,1,1,0.0,0,1,1.0,0.0,0.0,0.0,1.0,1.0,1.0,1,1.0,2.0,1.0,0.0,1,1.0,0,0.0,0.0,0.0,0.0,0.0,1.0,1.0,2.0,2.0,,2.0,0.0,1,1.0,1.0,1.0,2.0,1,0.0,0.0,0.0,0.0,1.0,1.0,0,0.0,0.0,0.0,1.0,1,0.0,0.0,0.0,0.0,0.0,0,0.0,1.0,1.0,1.0,0.0,0,0.0,0.0,0,0,0.0,0.0,0.0,1.0,1.0,1.0,1.0
1.0,0.0,0.0,0.0,0.0,1.0,0.0,0.0,0.0,0,0.0,0.0,0,0.0,0.0,1.0,1,2.0,0.0,1.0,1.0,1.0,1.0,2.0,0.0,1.0,0,0.0,0,0,0.0,0,0,2.0,0.0,0.0,1.0,1.0,0.0,0.0,0,0.0,0.0,1.0,0.0,0,1.0,0,0.0,0.0,0.0,0.0,0.0,1.0,0.0,1.0,1.0,1.0,1.0,1.0,2,2.0,2.0,2.0,1.0,1,1.0,0.0,0.0,0.0,1.0,0.0,1,1.0,1.0,0.0,1.0,1,0.0,1.0,0.0,0.0,0.0,0,0.0,1.0,1.0,1.0,1.0,0,,0.0,0,0,0.0,0.0,1.0,0.0,1.0,1.0,0.0
1.0,0.0,1.0,1.0,1.0,0.0,0.0,1.0,1.0,1,1.0,1.0,1,0.0,0.0,2.0,2,1.0,1.0,0.0,0.0,0.0,0.0,1.0,0.0,0.0,1,1.0,1,1,0.0,1,1,0.0,0.0,0.0,1.0,0.0,1.0,1.0,1,1.0,1.0,0.0,0.0,0,1.0,1,1.0,1.0,1.0,1.0,1.0,1.0,0.0,0.0,0.0,,0.0,0.0,1,1.0,1.0,1.0,2.0,2,1.0,0.0,0.0,0.0,1.0,0.0,0,0.0,0.0,1.0,0.0,0,0.0,0.0,1.0,1.0,0.0,1,1.0,0.0,0.0,0.0,0.0,1,0.0,0.0,0,1,1.0,1.0,0.0,1.0,1.0,1.0,1.0
1.0,0.0,0.0,1.0,1.0,0.0,1.0,1.0,1.0,1,1.0,2.0,1,0.0,0.0,1.0,1,0.0,1.0,1.0,1.0,1.0,1.0,2.0,1.0,0.0,0,0.0,0,0,1.0,0,0,0.0,0.0,0.0,2.0,2.0,0.0,0.0,0,0.0,0.0,0.0,0.0,0,2.0,0,0.0,0.0,0.0,0.0,0.0,1.0,0.0,0.0,0.0,0.0,0.0,1.0,1,1.0,1.0,1.0,1.0,0,0.0,1.0,1.0,1.0,0.0,0.0,0,0.0,0.0,1.0,0.0,0,0.0,1.0,0.0,0.0,0.0,0,0.0,0.0,0.0,2.0,0.0,1,1.0,0.0,0,2,,2.0,2.0,0.0,1.0,1.0,0.0
2.0,0.0,0.0,1.0,0.0,2.0,,0.0,0.0,0,0.0,0.0,0,0.0,0.0,0.0,0,2.0,0.0,0.0,0.0,0.0,0.0,2.0,0.0,1.0,0,0.0,0,0,1.0,0,0,1.0,0.0,0.0,0.0,1.0,1.0,1.0,1,1.0,1.0,1.0,0.0,0,1.0,1,1.0,1.0,1.0,1.0,1.0,1.0,0.0,1.0,1.0,1.0,1.0,0.0,0,0.0,0.0,0.0,0.0,0,0.0,2.0,2.0,2.0,1.0,1.0,1,1.0,1.0,2.0,0.0,0,1.0,0.0,0.0,0.0,0.0,0,0.0,1.0,1.0,2.0,0.0,2,0.0,0.0,0,1,1.0,1.0,0.0,1.0,1.0,1.0,1.0
1.0,0.0,2.0,0.0,1.0,1.0,0.0,1.0,1.0,1,1.0,,1,0.0,0.0,0.0,0,2.0,1.0,1.0,1.0,1.0,1.0,0.0,0.0,1.0,1,1.0,1,1,0.0,0,0,0.0,1.0,1.0,1.0,2.0,1.0,1.0,1,1.0,1.0,1.0,0.0,0,,0,0.0,0.0,0.0,0.0,0.0,0.0,0.0,1.0,1.0,1.0,1.0,0.0,2,2.0,2.0,2.0,2.0,2,0.0,1.0,1.0,1.0,1.0,0.0,0,0.0,0.0,0.0,0.0,0,0.0,0.0,0.0,0.0,0.0,0,0.0,1.0,1.0,0.0,0.0,0,1.0,0.0,0,0,0.0,0.0,0.0,1.0,0.0,0.0,1.0
0.0,0.0,1.0,0.0,0.0,1.0,0.0,0.0,0.0,0,0.0,0.0,0,0.0,0.0,0.0,0,1.0,0.0,0.0,0.0,0.0,0.0,2.0,0.0,1.0,0,0.0,0,0,0.0,0,0,0.0,0.0,0.0,1.0,0.0,1.0,1.0,1,1.0,1.0,1.0,0.0,1,0.0,0,0.0,0.0,0.0,0.0,0.0,2.0,1.0,1.0,1.0,1.0,1.0,0.0,0,0.0,,0.0,1.0,1,0.0,0.0,0.0,0.0,1.0,0.0,0,0.0,0.0,1.0,0.0,0,0.0,0.0,0.0,0.0,0.0,0,0.0,0.0,0.0,1.0,0.0,0,0.0,0.0,0,0,0.0,0.0,0.0,1.0,0.0,0.0,1.0
0.0,0.0,0.0,0.0,0.0,1.0,0.0,2.0,2.0,2,2.0,2.0,2,1.0,0.0,0.0,0,1.0,1.0,1.0,1.0,1.0,1.0,2.0,1.0,0.0,0,0.0,0,0,1.0,0,0,1.0,0.0,0.0,0.0,0.0,0.0,0.0,0,0.0,0.0,0.0,0.0,0,1.0,0,0.0,0.0,0.0,0.0,0.0,2.0,0.0,1.0,1.0,1.0,1.0,0.0,2,2.0,2.0,2.0,0.0,0,0.0,0.0,0.0,0.0,1.0,1.0,1,1.0,1.0,0.0,1.0,1,0.0,1.0,0.0,0.0,0.0,0,0.0,2.0,2.0,1.0,1.0,0,1.0,0.0,0,0,0.0,0.0,1.0,2.0,2.0,2.0,0.0
1.0,0.0,0.0,1.0,0.0,1.0,1.0,2.0,,2,2.0,2.0,2,,0.0,0.0,0,0.0,1.0,1.0,1.0,1.0,1.0,1.0,1.0,0.0,0,1.0,1,0,0.0,2,0,2.0,0.0,0.0,0.0,1.0,1.0,1.0,1,1.0,1.0,0.0,1.0,0,2.0,0,0.0,0.0,0.0,0.0,0.0,1.0,2.0,1.0,1.0,1.0,1.0,1.0,0,0.0,0.0,0.0,1.0,1,0.0,1.0,1.0,1.0,1.0,1.0,0,0.0,1.0,1.0,,0,0.0,0.0,0.0,0.0,0.0,0,0.0,0.0,0.0,0.0,1.0,0,0.0,0.0,0,0,0.0,0.0,0.0,0.0,0.0,,1.0
1.0,1.0,0.0,1.0,2.0,0.0,0.0,1.0,1.0,1,1.0,1.0,1,0.0,0.0,1.0,1,0.0,0.0,0.0,0.0,0.0,0.0,1.0,0.0,0.0,0,2.0,2,0,1.0,0,0,1.0,0.0,0.0,0.0,0.0,0.0,0.0,0,0.0,0.0,0.0,1.0,1,0.0,0,0.0,0.0,0.0,0.0,0.0,0.0,1.0,1.0,1.0,1.0,1.0,0.0,0,0.0,0.0,0.0,1.0,1,1.0,0.0,0.0,0.0,0.0,1.0,1,1.0,1.0,1.0,0.0,0,0.0,2.0,0.0,0.0,0.0,0,0.0,0.0,0.0,1.0,1.0,0,1.0,0.0,0,0,0.0,0.0,1.0,0.0,2.0,2.0,1.0
0.0,1.0,0.0,0.0,1.0,0.0,0.0,2.0,2.0,2,2.0,2.0,2,0.0,0.0,0.0,0,1.0,1.0,1.0,1.0,1.0,1.0,0.0,0.0,2.0,0,0.0,0,0,1.0,0,0,1.0,0.0,0.0,2.0,,2.0,2.0,2,2.0,2.0,1.0,1.0,2,0.0,1,1.0,1.0,1.0,1.0,1.0,2.0,1.0,0.0,0.0,0.0,0.0,1.0,1,1.0,1.0,1.0,2.0,2,0.0,1.0,1.0,1.0,1.0,0.0,1,1.0,1.0,1.0,0.0,0,0.0,1.0,0.0,0.0,0.0,0,0.0,1.0,1.0,1.0,1.0,1,1.0,1.0,1,1,1.0,1.0,1.0,0.0,0.0,0.0,0.0
2.0,0.0,0.0,1.0,1.0,0.0,,1.0,1.0,1,1.0,1.0,1,0.0,0.0,0.0,0,0.0,2.0,1.0,2.0,2.0,2.0,0.0,0.0,2.0,0,0.0,0,0,1.0,0,0,1.0,1.0,1.0,1.0,0.0,0.0,0.0,0,0.0,0.0,2.0,1.0,1,1.0,0,0.0,0.0,0.0,0.0,0.0,0.0,1.0,0.0,0.0,0.0,0.0,1.0,0,0.0,0.0,0.0,0.0,0,1.0,0.0,0.0,0.0,2.0,0.0,0,0.0,0.0,0.0,0.0,0,0.0,0.0,0.0,0.0,0.0,0,0.0,1.0,1.0,,1.0,1,1.0,0.0,0,1,1.0,1.0,0.0,2.0,1.0,1.0,1.0
0.0,0.0,0.0,0.0,0.0,2.0,1.0,0.0,0.0,0,0.0,0.0,0,0.0,0.0,1.0,1,0.0,0.0,0.0,0.0,0.0,0.0,1.0,1.0,0.0,0,0.0,0,0,0.0,0,0,0.0,0.0,0.0,2.0,2.0,1.0,1.0,1,1.0,1.0,0.0,0.0,1,1.0,1,1.0,1.0,1.0,1.0,1.0,1.0,1.0,0.0,0.0,0.0,0.0,0.0,1,1.0,1.0,1.0,1.0,1,2.0,0.0,0.0,,0.0,0.0,1,1.0,1.0,0.0,0.0,0,0.0,0.0,0.0,0.0,0.0,0,0.0,1.0,1.0,0.0,1.0,1,1.0,0.0,0,0,0.0,0.0,0.0,0.0,1.0,1.0,0.0
1.0,0.0,0.0,0.0,0.0,0.0,2.0,0.0,,0,0.0,0.0,0,0.0,1.0,0.0,0,1.0,0.0,0.0,0.0,0.0,0.0,0.0,0.0,1.0,0,0.0,0,0,1.0,0,0,1.0,0.0,0.0,0.0,1.0,0.0,0.0,0,0.0,0.0,1.0,0.0,0,1.0,0,0.0,0.0,0.0,0.0,0.0,0.0,2.0,0.0,0.0,0.0,0.0,1.0,0,0.0,0.0,0.0,1.0,1,1.0,2.0,2.0,2.0,2.0,1.0,1,1.0,1.0,1.0,2.0,2,0.0,1.0,0.0,0.0,0.0,0,0.0,1.0,1.0,0.0,0.0,0,1.0,0.0,0,0,0.0,0.0,1.0,1.0,0.0,0.0,1.0
1.0,0.0,1.0,2.0,1.0,0.0,1.0,,,0,0.0,0.0,0,0.0,1.0,0.0,0,1.0,0.0,0.0,0.0,0.0,0.0,0.0,1.0,2.0,0,0.0,0,0,1.0,1,0,1.0,0.0,0.0,1.0,1.0,1.0,1.0,1,1.0,1.0,0.0,0.0,0,2.0,0,0.0,0.0,0.0,0.0,0.0,0.0,0.0,1.0,1.0,1.0,1.0,0.0,0,0.0,0.0,0.0,0.0,0,2.0,2.0,,,0.0,1.0,0,0.0,0.0,2.0,2.0,2,0.0,0.0,0.0,0.0,0.0,0,0.0,1.0,1.0,0.0,1.0,0,2.0,0.0,0,1,1.0,1.0,1.0,0.0,0.0,0.0,0.0
2.0,0.0,1.0,1.0,1.0,1.0,0.0,1.0,1.0,1,1.0,1.0,1,0.0,0.0,1.0,1,1.0,0.0,1.0,1.0,1.0,1.0,1.0,1.0,0.0,0,0.0,0,0,0.0,0,0,0.0,0.0,0.0,1.0,1.0,2.0,2.0,2,2.0,2.0,0.0,0.0,0,2.0,0,0.0,0.0,0.0,0.0,0.0,0.0,0.0,1.0,1.0,1.0,1.0,0.0,0,0.0,0.0,0.0,1.0,1,0.0,2.0,2.0,2.0,0.0,0.0,0,0.0,0.0,1.0,0.0,0,0.0,1.0,0.0,0.0,0.0,0,0.0,2.0,2.0,0.0,0.0,0,0.0,0.0,0,0,0.0,0.0,2.0,0.0,0.0,0.0,0.0
0.0,0.0,0.0,1.0,,0.0,1.0,0.0,0.0,0,0.0,0.0,0,0.0,0.0,0.0,0,0.0,0.0,0.0,0.0,0.0,0.0,1.0,0.0,0.0,0,0.0,0,0,1.0,1,1,1.0,0.0,0.0,2.0,1.0,0.0,0.0,0,0.0,0.0,0.0,2.0,1,1.0,0,0.0,0.0,0.0,0.0,0.0,2.0,0.0,0.0,0.0,0.0,0.0,1.0,1,1.0,1.0,1.0,2.0,2,1.0,0.0,0.0,0.0,0.0,0.0,0,0.0,0.0,2.0,0.0,0,1.0,0.0,0.0,0.0,0.0,0,0.0,2.0,2.0,,1.0,0,0.0,0.0,0,2,2.0,2.0,0.0,2.0,1.0,1.0,1.0
1.0,1.0,0.0,0.0,1.0,0.0,0.0,0.0,0.0,0,0.0,0.0,0,0.0,0.0,0.0,0,0.0,0.0,0.0,0.0,0.0,0.0,2.0,2.0,2.0,0,0.0,0,0,1.0,0,0,2.0,1.0,1.0,2.0,1.0,1.0,1.0,1,1.0,1.0,1.0,0.0,1,1.0,0,0.0,0.0,0.0,0.0,0.0,2.0,1.0,0.0,0.0,0.0,0.0,1.0,2,2.0,2.0,2.0,2.0,1,0.0,0.0,0.0,0.0,1.0,0.0,1,1.0,1.0,1.0,0.0,0,1.0,0.0,0.0,0.0,0.0,0,0.0,1.0,1.0,2.0,0.0,0,1.0,0.0,0,2,2.0,2.0,1.0,0.0,0.0,,0.0
2.0,1.0,1.0,0.0,2.0,0.0,1.0,1.0,1.0,1,1.0,1.0,1,0.0,0.0,1.0,1,0.0,0.0,0.0,0.0,0.0,0.0,1.0,2.0,1.0,1,1.0,1,1,0.0,1,0,1.0,0.0,0.0,1.0,1.0,1.0,1.0,1,1.0,1.0,1.0,1.0,2,0.0,0,0.0,0.0,0.0,0.0,0.0,1.0,1.0,0.0,0.0,0.0,0.0,0.0,0,0.0,0.0,0.0,2.0,2,1.0,1.0,1.0,1.0,1.0,1.0,0,0.0,0.0,2.0,1.0,1,0.0,0.0,0.0,0.0,1.0,1,1.0,0.0,0.0,1.0,1.0,0,0.0,0.0,0,1,1.0,1.0,0.0,0.0,0.0,0.0,1.0
1.0,0.0,0.0,0.0,1.0,0.0,0.0,2.0,2.0,2,2.0,2.0,2,0.0,0.0,0.0,0,0.0,2.0,,2.0,2.0,2.0,1.0,0.0,0.0,0,0.0,0,0,0.0,1,0,0.0,0.0,0.0,0.0,0.0,0.0,0.0,0,0.0,0.0,1.0,1.0,0,0.0,0,0.0,0.0,0.0,0.0,0.0,0.0,1.0,0.0,0.0,0.0,0.0,0.0,1,1.0,1.0,1.0,2.0,2,1.0,0.0,0.0,0.0,0.0,,1,0.0,1.0,1.0,0.0,0,1.0,0.0,0.0,0.0,0.0,0,0.0,1.0,1.0,,0.0,0,2.0,0.0,0,0,0.0,0.0,1.0,1.0,0.0,0.0,1.0
1.0,0.0,1.0,0.0,0.0,0.0,0.0,0.0,0.0,0,0.0,0.0,0,0.0,0.0,0.0,0,0.0,0.0,0.0,0.0,0.0,0.0,2.0,0.0,1.0,0,0.0,0,0,1.0,0,0,0.0,0.0,0.0,2.0,2.0,2.0,2.0,2,2.0,2.0,0.0,0.0,2,0.0,0,0.0,0.0,0.0,0.0,0.0,1.0,1.0,1.0,1.0,1.0,1.0,0.0,2,2.0,2.0,2.0,1.0,1,0.0,0.0,0.0,0.0,0.0,0.0,0,0.0,0.0,1.0,1.0,1,0.0,0.0,0.0,0.0,0.0,0,0.0,2.0,1.0,2.0,1.0,0,2.0,0.0,0,0,0.0,0.0,0.0,1.0,0.0,0.0,1.0
0.0,1.0,0.0,0.0,1.0,0.0,1.0,0.0,0.0,0,0.0,0.0,0,0.0,0.0,0.0,0,1.0,0.0,0.0,0.0,0.0,0.0,2.0,1.0,0.0,0,0.0,0,0,1.0,0,0,1.0,0.0,0.0,0.0,1.0,2.0,2.0,2,2.0,2.0,0.0,1.0,0,2.0,0,0.0,0.0,0.0,0.0,0.0,1.0,0.0,1.0,0.0,1.0,0.0,1.0,1,1.0,1.0,1.0,0.0,0,1.0,0.0,0.0,0.0,0.0,1.0,0,0.0,0.0,0.0,0.0,0,0.0,,0.0,0.0,0.0,0,0.0,0.0,0.0,1.0,0.0,0,0.0,0.0,0,2,2.0,2.0,0.0,0.0,1.0,1.0,0.0
1.0,1.0,0.0,2.0,0.0,1.0,2.0,1.0,1.0,1,1.0,1.0,1,0.0,0.0,1.0,1,0.0,1.0,1.0,1.0,1.0,1.0,1.0,0.0,1.0,0,0.0,0,0,1.0,0,0,1.0,0.0,0.0,1.0,1.0,1.0,1.0,1,1.0,1.0,1.0,0.0,1,1.0,0,0.0,0.0,0.0,0.0,0.0,2.0,0.0,0.0,0.0,0.0,0.0,0.0,0,0.0,0.0,0.0,1.0,1,1.0,1.0,1.0,1.0,0.0,0.0,0,0.0,1.0,0.0,0.0,0,1.0,1.0,0.0,0.0,0.0,0,0.0,1.0,1.0,0.0,0.0,0,1.0,0.0,0,2,2.0,2.0,0.0,1.0,0.0,0.0,0.0
1.0,0.0,1.0,0.0,1.0,1.0,0.0,0.0,0.0,0,0.0,0.0,0,0.0,0.0,1.0,1,1.0,0.0,0.0,0.0,0.0,0.0,1.0,2.0,1.0,0,0.0,0,0,1.0,1,0,1.0,0.0,0.0,1.0,1.0,2.0,2.0,2,2.0,2.0,1.0,1.0,0,2.0,0,0.0,0.0,0.0,0.0,0.0,0.0,1.0,1.0,1.0,1.0,1.0,1.0,1,1.0,1.0,1.0,1.0,1,0.0,0.0,0.0,0.0,2.0,0.0,0,0.0,0.0,1.0,0.0,0,0.0,1.0,0.0,0.0,0.0,0,0.0,2.0,2.0,0.0,1.0,0,1.0,0.0,0,1,1.0,1.0,0.0,1.0,2.0,2.0,1.0
2.0,0.0,1.0,0.0,0.0,1.0,0.0,1.0,1.0,1,1.0,,1,0.0,0.0,0.0,0,1.0,1.0,1.0,1.0,1.0,1.0,0.0,0.0,0.0,1,1.0,1,1,1.0,0,0,0.0,0.0,0.0,2.0,0.0,0.0,0.0,0,0.0,0.0,0.0,0.0,1,0.0,0,0.0,0.0,0.0,0.0,0.0,0.0,1.0,1.0,1.0,1.0,1.0,0.0,1,1.0,1.0,1.0,1.0,1,2.0,0.0,0.0,0.0,0.0,0.0,0,0.0,0.0,0.0,0.0,0,0.0,1.0,0.0,0.0,2.0,2,2.0,0.0,0.0,0.0,0.0,0,0.0,0.0,0,1,1.0,1.0,1.0,0.0,0.0,0.0,1.0
1.0,0.0,0.0,0.0,0.0,2.0,0.0,1.0,1.0,1,1.0,1.0,1,0.0,0.0,0.0,0,0.0,1.0,1.0,1.0,1.0,1.0,1.0,1.0,0.0,1,1.0,1,1,0.0,0,0,0.0,0.0,0.0,2.0,0.0,1.0,1.0,1,1.0,1.0,1.0,0.0,0,,1,1.0,1.0,1.0,1.0,1.0,1.0,0.0,1.0,1.0,1.0,1.0,1.0,2,2.0,2.0,2.0,2.0,1,1.0,2.0,2.0,2.0,0.0,0.0,0,0.0,0.0,1.0,0.0,0,0.0,1.0,0.0,0.0,0.0,0,0.0,0.0,0.0,2.0,1.0,1,1.0,2.0,1,0,0.0,1.0,0.0,0.0,1.0,0.0,0.0
1.0,1.0,0.0,0.0,1.0,0.0,1.0,1.0,1.0,1,1.0,1.0,1,0.0,0.0,0.0,0,1.0,0.0,0.0,0.0,0.0,0.0,1.0,1.0,1.0,0,1.0,0,0,1.0,0,0,2.0,0.0,0.0,0.0,0.0,1.0,1.0,1,1.0,1.0,0.0,2.0,1,0.0,1,1.0,1.0,1.0,1.0,1.0,0.0,1.0,2.0,1.0,2.0,1.0,1.0,1,1.0,1.0,1.0,1.0,1,0.0,1.0,1.0,1.0,0.0,1.0,1,1.0,1.0,0.0,0.0,0,0.0,0.0,0.0,0.0,0.0,0,0.0,1.0,1.0,0.0,,1,0.0,0.0,0,0,0.0,0.0,1.0,0.0,0.0,0.0,0.0
2.0,0.0,0.0,2.0,1.0,1.0,0.0,0.0,0.0,0,0.0,0.0,0,0.0,1.0,1.0,1,2.0,0.0,0.0,0.0,0.0,0.0,1.0,0.0,0.0,0,0.0,0,0,0.0,0,0,0.0,0.0,0.0,1.0,1.0,0.0,0.0,0,0.0,0.0,0.0,0.0,1,1.0,0,0.0,0.0,0.0,0.0,0.0,1.0,1.0,0.0,0.0,0.0,0.0,0.0,2,2.0,2.0,2.0,1.0,1,1.0,0.0,0.0,0.0,1.0,1.0,0,0.0,0.0,0.0,0.0,0,0.0,1.0,0.0,0.0,0.0,0,0.0,1.0,1.0,1.0,1.0,0,0.0,0.0,0,0,0.0,0.0,1.0,0.0,1.0,1.0,1.0
0.0,0.0,0.0,1.0,0.0,1.0,0.0,0.0,0.0,0,0.0,0.0,0,0.0,1.0,1.0,1,1.0,0.0,0.0,0.0,0.0,0.0,2.0,0.0,0.0,0,0.0,0,0,1.0,1,0,0.0,1.0,1.0,1.0,1.0,2.0,1.0,1,1.0,1.0,1.0,0.0,2,0.0,0,0.0,0.0,0.0,0.0,0.0,0.0,1.0,0.0,0.0,0.0,0.0,0.0,1,1.0,1.0,1.0,0.0,0,0.0,1.0,1.0,1.0,0.0,0.0,0,0.0,0.0,0.0,0.0,0,0.0,1.0,0.0,0.0,0.0,0,0.0,1.0,1.0,,0.0,0,0.0,0.0,0,0,0.0,0.0,0.0,0.0,0.0,,1.0
1.0,0.0,0.0,1.0,0.0,1.0,0.0,1.0,1.0,1,1.0,1.0,1,0.0,0.0,0.0,0,0.0,0.0,0.0,0.0,0.0,0.0,1.0,0.0,1.0,2,2.0,2,2,1.0,0,0,2.0,1.0,1.0,0.0,2.0,1.0,1.0,1,1.0,1.0,0.0,0.0,1,1.0,0,0.0,0.0,0.0,0.0,0.0,0.0,0.0,0.0,0.0,0.0,0.0,1.0,0,0.0,0.0,0.0,0.0,0,1.0,1.0,1.0,1.0,1.0,1.0,1,1.0,1.0,0.0,0.0,0,0.0,0.0,0.0,0.0,1.0,1,1.0,0.0,1.0,1.0,0.0,0,0.0,1.0,1,0,0.0,0.0,0.0,1.0,1.0,1.0,1.0
2.0,1.0,1.0,0.0,1.0,0.0,0.0,0.0,0.0,0,0.0,0.0,0,0.0,0.0,0.0,0,1.0,1.0,0.0,0.0,0.0,0.0,1.0,0.0,1.0,0,0.0,0,0,0.0,1,0,1.0,0.0,0.0,2.0,0.0,1.0,1.0,1,2.0,2.0,1.0,0.0,1,0.0,0,0.0,0.0,0.0,0.0,0.0,1.0,1.0,1.0,1.0,1.0,1.0,0.0,1,1.0,1.0,1.0,1.0,1,0.0,2.0,2.0,2.0,1.0,1.0,0,0.0,0.0,1.0,0.0,0,0.0,0.0,0.0,0.0,0.0,0,0.0,0.0,0.0,0.0,1.0,0,0.0,0.0,0,1,1.0,1.0,0.0,1.0,1.0,1.0,1.0
1.0,0.0,1.0,1.0,0.0,0.0,0.0,0.0,0.0,0,0.0,0.0,0,2.0,0.0,1.0,1,2.0,0.0,0.0,0.0,0.0,0.0,1.0,0.0,1.0,1,1.0,1,1,1.0,1,0,0.0,1.0,1.0,1.0,0.0,2.0,2.0,2,2.0,2.0,1.0,0.0,0,2.0,0,0.0,0.0,0.0,0.0,0.0,0.0,1.0,1.0,0.0,1.0,0.0,1.0,1,1.0,1.0,1.0,0.0,0,0.0,1.0,1.0,1.0,1.0,1.0,1,1.0,1.0,0.0,1.0,1,0.0,1.0,2.0,2.0,0.0,0,0.0,0.0,0.0,0.0,0.0,0,0.0,0.0,0,2,2.0,2.0,1.0,1.0,1.0,1.0,0.0
1.0,0.0,0.0,0.0,0.0,0.0,0.0,0.0,0.0,0,0.0,0.0,0,0.0,0.0,1.0,1,0.0,1.0,1.0,1.0,1.0,1.0,1.0,1.0,0.0,0,0.0,0,0,0.0,0,1,1.0,1.0,1.0,1.0,0.0,1.0,1.0,1,1.0,1.0,1.0,0.0,1,1.0,0,0.0,0.0,0.0,0.0,0.0,0.0,1.0,2.0,2.0,2.0,2.0,0.0,1,1.0,1.0,1.0,0.0,0,0.0,1.0,1.0,1.0,1.0,0.0,0,0.0,1.0,1.0,0.0,0,0.0,1.0,0.0,0.0,2.0,2,2.0,0.0,0.0,2.0,1.0,0,0.0,0.0,0,0,0.0,0.0,0.0,1.0,0.0,1.0,1.0
1.0,1.0,1.0,0.0,0.0,1.0,0.0,1.0,1.0,1,1.0,1.0,1,0.0,0.0,0.0,0,1.0,1.0,2.0,2.0,2.0,2.0,2.0,0.0,0.0,0,0.0,0,0,0.0,0,0,0.0,0.0,0.0,1.0,2.0,0.0,0.0,0,0.0,0.0,0.0,0.0,1,1.0,0,0.0,0.0,0.0,0.0,0.0,2.0,1.0,1.0,1.0,1.0,1.0,0.0,1,1.0,1.0,1.0,1.0,1,1.0,0.0,0.0,0.0,2.0,0.0,0,0.0,0.0,1.0,0.0,0,0.0,0.0,0.0,0.0,0.0,0,0.0,1.0,1.0,0.0,,0,0.0,0.0,0,0,0.0,0.0,1.0,1.0,0.0,0.0,1.0
2.0,0.0,0.0,1.0,1.0,1.0,1.0,1.0,1.0,1,1.0,1.0,1,0.0,0.0,0.0,0,1.0,2.0,0.0,0.0,0.0,0.0,1.0,0.0,0.0,0,0.0,0,0,0.0,0,0,1.0,0.0,0.0,0.0,1.0,0.0,0.0,0,1.0,1.0,1.0,0.0,1,0.0,0,0.0,0.0,0.0,0.0,0.0,1.0,1.0,0.0,0.0,0.0,0.0,0.0,1,1.0,1.0,1.0,1.0,1,2.0,0.0,0.0,0.0,0.0,0.0,1,1.0,1.0,1.0,0.0,0,0.0,1.0,0.0,0.0,1.0,1,1.0,0.0,0.0,0.0,0.0,1,0.0,0.0,0,1,1.0,1.0,1.0,0.0,2.0,2.0,1.0
0.0,0.0,0.0,0.0,0.0,0.0,1.0,0.0,0.0,0,0.0,0.0,0,0.0,0.0,1.0,1,1.0,1.0,0.0,0.0,0.0,0.0,1.0,1.0,2.0,0,0.0,0,0,0.0,0,0,0.0,0.0,0.0,2.0,1.0,0.0,0.0,0,0.0,0.0,0.0,0.0,0,2.0,0,0.0,0.0,0.0,0.0,0.0,1.0,1.0,1.0,0.0,1.0,0.0,0.0,0,0.0,0.0,0.0,1.0,1,2.0,0.0,0.0,0.0,1.0,0.0,1,1.0,1.0,0.0,1.0,1,0.0,1.0,0.0,0.0,0.0,0,0.0,2.0,2.0,2.0,0.0,0,0.0,1.0,1,2,2.0,2.0,0.0,1.0,0.0,0.0,0.0
2.0,0.0,0.0,0.0,0.0,0.0,0.0,1.0,1.0,1,1.0,1.0,1,2.0,1.0,1.0,1,0.0,0.0,0.0,0.0,0.0,0.0,1.0,0.0,0.0,1,1.0,1,1,0.0,1,0,0.0,0.0,0.0,0.0,0.0,0.0,0.0,0,0.0,1.0,0.0,0.0,1,0.0,0,0.0,0.0,0.0,0.0,0.0,0.0,1.0,1.0,1.0,1.0,1.0,0.0,1,1.0,1.0,1.0,1.0,1,0.0,0.0,0.0,0.0,1.0,0.0,1,1.0,1.0,2.0,1.0,1,0.0,1.0,0.0,0.0,0.0,0,0.0,1.0,0.0,0.0,1.0,1,1.0,0.0,0,0,0.0,0.0,0.0,1.0,1.0,1.0,1.0
2.0,0.0,0.0,0.0,0.0,1.0,0.0,1.0,1.0,1,1.0,1.0,1,1.0,0.0,2.0,2,0.0,0.0,0.0,0.0,0.0,0.0,1.0,2.0,1.0,0,0.0,0,0,0.0,0,1,1.0,1.0,1.0,2.0,0.0,1.0,1.0,1,1.0,1.0,0.0,0.0,1,0.0,0,0.0,0.0,0.0,0.0,0.0,1.0,0.0,0.0,0.0,0.0,0.0,0.0,2,2.0,2.0,2.0,2.0,2,0.0,2.0,2.0,2.0,1.0,1.0,1,1.0,1.0,1.0,1.0,1,0.0,0.0,0.0,0.0,0.0,0,0.0,0.0,0.0,0.0,0.0,0,1.0,0.0,0,1,1.0,1.0,0.0,1.0,1.0,1.0,0.0
0.0,0.0,1.0,1.0,1.0,0.0,1.0,0.0,0.0,0,0.0,0.0,0,0.0,0.0,0.0,0,1.0,0.0,0.0,0.0,0.0,0.0,0.0,1.0,1.0,0,0.0,0,0,1.0,1,0,1.0,0.0,0.0,1.0,0.0,0.0,0.0,0,0.0,0.0,1.0,0.0,0,2.0,0,0.0,0.0,0.0,0.0,0.0,1.0,0.0,1.0,1.0,1.0,1.0,0.0,1,1.0,1.0,1.0,2.0,2,0.0,1.0,1.0,1.0,0.0,0.0,0,0.0,0.0,0.0,0.0,0,0.0,1.0,0.0,0.0,0.0,0,0.0,2.0,2.0,0.0,0.0,0,0.0,0.0,0,0,0.0,0.0,0.0,1.0,0.0,0.0,0.0
0.0,0.0,0.0,1.0,0.0,2.0,1.0,0.0,0.0,0,0.0,0.0,0,0.0,0.0,1.0,1,1.0,1.0,0.0,0.0,0.0,0.0,0.0,1.0,0.0,1,1.0,1,1,0.0,0,0,1.0,0.0,0.0,1.0,1.0,2.0,2.0,2,2.0,2.0,1.0,2.0,0,1.0,0,0.0,0.0,0.0,0.0,0.0,2.0,1.0,1.0,1.0,1.0,1.0,1.0,1,1.0,1.0,1.0,1.0,1,1.0,0.0,0.0,0.0,0.0,1.0,0,0.0,0.0,0.0,0.0,0,0.0,1.0,1.0,1.0,0.0,0,0.0,2.0,2.0,0.0,0.0,0,0.0,0.0,0,2,2.0,2.0,1.0,2.0,1.0,1.0,1.0
0.0,1.0,0.0,2.0,0.0,1.0,2.0,1.0,1.0,1,1.0,,1,0.0,0.0,0.0,0,1.0,0.0,0.0,0.0,0.0,0.0,1.0,1.0,0.0,0,0.0,0,0,2.0,0,0,2.0,0.0,0.0,1.0,1.0,0.0,0.0,0,0.0,0.0,0.0,1.0,0,1.0,1,1.0,1.0,0.0,0.0,0.0,1.0,2.0,0.0,0.0,0.0,0.0,1.0,1,1.0,1.0,1.0,1.0,1,1.0,2.0,1.0,1.0,0.0,1.0,0,0.0,1.0,1.0,0.0,0,0.0,1.0,0.0,0.0,0.0,0,0.0,1.0,1.0,0.0,1.0,2,0.0,1.0,1,1,1.0,1.0,0.0,0.0,2.0,,0.0
0.0,0.0,0.0,0.0,0.0,1.0,1.0,2.0,,2,2.0,2.0,2,0.0,0.0,0.0,0,2.0,0.0,0.0,0.0,0.0,0.0,0.0,0.0,1.0,0,0.0,0,0,1.0,0,0,0.0,0.0,0.0,0.0,2.0,1.0,1.0,1,1.0,1.0,1.0,1.0,1,1.0,0,0.0,0.0,0.0,0.0,0.0,0.0,1.0,0.0,0.0,0.0,0.0,0.0,0,0.0,0.0,0.0,2.0,2,0.0,0.0,0.0,0.0,1.0,1.0,0,0.0,1.0,0.0,0.0,0,0.0,1.0,0.0,0.0,0.0,0,0.0,1.0,,0.0,1.0,0,0.0,0.0,0,1,1.0,1.0,0.0,0.0,1.0,1.0,0.0
2.0,0.0,1.0,0.0,1.0,1.0,1.0,0.0,0.0,0,0.0,0.0,0,0.0,0.0,0.0,0,0.0,0.0,0.0,0.0,0.0,0.0,1.0,0.0,0.0,0,0.0,0,0,0.0,0,0,0.0,0.0,0.0,1.0,,1.0,1.0,1,1.0,1.0,0.0,1.0,1,0.0,0,0.0,0.0,0.0,0.0,0.0,1.0,0.0,0.0,0.0,0.0,0.0,0.0,1,1.0,1.0,1.0,1.0,1,1.0,1.0,1.0,1.0,0.0,0.0,0,0.0,1.0,0.0,0.0,0,0.0,1.0,0.0,0.0,0.0,0,0.0,0.0,1.0,0.0,,0,1.0,0.0,0,1,1.0,1.0,0.0,2.0,1.0,1.0,1.0
1.0,1.0,0.0,1.0,1.0,0.0,0.0,1.0,1.0,1,1.0,1.0,1,1.0,0.0,1.0,1,1.0,0.0,,0.0,0.0,0.0,1.0,0.0,1.0,0,0.0,0,0,0.0,0,0,1.0,0.0,,0.0,2.0,0.0,0.0,0,0.0,0.0,0.0,0.0,1,0.0,0,0.0,0.0,0.0,0.0,0.0,1.0,1.0,1.0,1.0,1.0,1.0,1.0,0,0.0,0.0,0.0,0.0,0,1.0,,2.0,2.0,0.0,0.0,0,0.0,0.0,2.0,1.0,1,0.0,1.0,1.0,,0.0,0,,1.0,1.0,,0.0,0,0.0,0.0,0,0,0.0,0.0,0.0,0.0,0.0,0.0,1.0
0.0,0.0,1.0,1.0,2.0,0.0,1.0,1.0,1.0,1,1.0,1.0,1,0.0,0.0,1.0,1,1.0,0.0,0.0,0.0,0.0,0.0,0.0,1.0,1.0,0,0.0,0,0,0.0,0,0,1.0,0.0,0.0,1.0,1.0,1.0,1.0,1,1.0,1.0,0.0,0.0,1,1.0,0,0.0,0.0,0.0,0.0,0.0,0.0,1.0,0.0,0.0,0.0,0.0,0.0,1,1.0,1.0,1.0,1.0,1,0.0,2.0,2.0,2.0,0.0,0.0,0,0.0,0.0,1.0,0.0,0,1.0,1.0,0.0,0.0,0.0,0,0.0,2.0,1.0,1.0,1.0,0,0.0,0.0,0,1,1.0,1.0,0.0,1.0,1.0,1.0,1.0
0.0,1.0,0.0,1.0,0.0,0.0,1.0,,2.0,2,2.0,2.0,2,1.0,0.0,1.0,1,0.0,0.0,0.0,0.0,0.0,0.0,1.0,0.0,0.0,1,1.0,1,1,0.0,0,0,2.0,1.0,1.0,0.0,0.0,0.0,0.0,0,0.0,0.0,0.0,0.0,0,2.0,0,0.0,0.0,0.0,0.0,0.0,0.0,1.0,1.0,0.0,1.0,0.0,0.0,1,1.0,1.0,1.0,0.0,0,1.0,1.0,1.0,1.0,0.0,1.0,0,0.0,0.0,1.0,0.0,0,1.0,0.0,0.0,0.0,0.0,0,0.0,0.0,0.0,0.0,0.0,1,0.0,0.0,0,1,1.0,1.0,1.0,1.0,0.0,0.0,0.0
2.0,0.0,1.0,0.0,,0.0,0.0,1.0,1.0,1,1.0,1.0,1,0.0,0.0,1.0,1,0.0,1.0,1.0,1.0,1.0,1.0,1.0,0.0,0.0,1,1.0,1,1,1.0,0,0,1.0,0.0,0.0,1.0,1.0,1.0,1.0,1,1.0,1.0,0.0,1.0,0,1.0,1,1.0,1.0,1.0,1.0,1.0,1.0,1.0,1.0,1.0,1.0,1.0,0.0,1,1.0,1.0,1.0,2.0,1,1.0,2.0,2.0,2.0,2.0,0.0,0,0.0,0.0,0.0,1.0,1,0.0,1.0,0.0,0.0,0.0,0,0.0,1.0,1.0,0.0,2.0,0,0.0,0.0,0,1,1.0,1.0,0.0,0.0,1.0,,1.0
1.0,0.0,1.0,1.0,0.0,1.0,1.0,1.0,1.0,1,1.0,1.0,1,0.0,0.0,1.0,1,1.0,1.0,1.0,1.0,1.0,1.0,1.0,1.0,1.0,1,1.0,1,1,1.0,0,0,1.0,0.0,0.0,2.0,1.0,0.0,0.0,0,0.0,0.0,0.0,1.0,1,1.0,0,0.0,0.0,0.0,0.0,0.0,0.0,1.0,0.0,0.0,0.0,0.0,2.0,2,2.0,2.0,2.0,1.0,1,1.0,1.0,1.0,1.0,1.0,0.0,0,0.0,0.0,1.0,0.0,0,1.0,2.0,0.0,0.0,0.0,0,0.0,1.0,1.0,0.0,,0,0.0,0.0,0,0,0.0,0.0,0.0,1.0,1.0,1.0,1.0
0.0,0.0,0.0,0.0,0.0,0.0,0.0,0.0,0.0,0,0.0,0.0,0,0.0,1.0,0.0,0,0.0,1.0,1.0,1.0,1.0,1.0,0.0,1.0,1.0,0,0.0,0,0,0.0,1,0,0.0,0.0,0.0,1.0,1.0,1.0,1.0,1,1.0,1.0,1.0,0.0,0,2.0,0,0.0,0.0,0.0,0.0,0.0,0.0,1.0,0.0,0.0,0.0,0.0,1.0,1,1.0,1.0,1.0,1.0,1,0.0,1.0,1.0,1.0,2.0,1.0,0,0.0,0.0,2.0,0.0,0,0.0,0.0,0.0,0.0,0.0,0,0.0,0.0,0.0,1.0,2.0,1,0.0,0.0,0,0,0.0,0.0,0.0,0.0,1.0,1.0,1.0
1.0,0.0,0.0,0.0,0.0,0.0,1.0,0.0,0.0,0,0.0,0.0,0,0.0,0.0,0.0,0,2.0,0.0,0.0,0.0,0.0,0.0,2.0,0.0,1.0,1,1.0,1,1,0.0,0,0,1.0,1.0,1.0,2.0,1.0,1.0,1.0,1,1.0,1.0,1.0,0.0,0,2.0,0,0.0,0.0,0.0,0.0,0.0,1.0,0.0,1.0,1.0,1.0,1.0,1.0,1,1.0,1.0,1.0,1.0,1,0.0,0.0,0.0,0.0,0.0,1.0,1,1.0,1.0,2.0,0.0,0,1.0,0.0,0.0,0.0,0.0,0,0.0,1.0,0.0,1.0,1.0,0,1.0,1.0,1,1,1.0,1.0,0.0,0.0,0.0,0.0,0.0
1.0,0.0,0.0,0.0,1.0,0.0,0.0,0.0,0.0,0,0.0,0.0,0,0.0,1.0,0.0,0,1.0,1.0,1.0,1.0,1.0,1.0,1.0,1.0,0.0,0,0.0,0,0,1.0,1,0,1.0,0.0,0.0,1.0,0.0,1.0,1.0,1,1.0,1.0,0.0,0.0,1,1.0,0,0.0,0.0,0.0,0.0,0.0,1.0,2.0,1.0,1.0,1.0,1.0,0.0,1,1.0,1.0,1.0,1.0,1,0.0,1.0,1.0,1.0,1.0,0.0,0,0.0,0.0,1.0,1.0,0,0.0,1.0,0.0,0.0,0.0,0,0.0,1.0,1.0,0.0,0.0,0,0.0,0.0,0,1,1.0,1.0,0.0,2.0,1.0,1.0,1.0
0.0,0.0,0.0,0.0,0.0,1.0,1.0,1.0,1.0,1,1.0,1.0,1,0.0,0.0,1.0,0,0.0,0.0,1.0,1.0,1.0,1.0,1.0,,1.0,1,1.0,1,1,0.0,0,0,,0.0,,2.0,2.0,1.0,1.0,1,1.0,1.0,,0.0,0,1.0,0,0.0,0.0,0.0,0.0,0.0,2.0,0.0,,0.0,0.0,0.0,0.0,1,1.0,1.0,1.0,1.0,1,2.0,1.0,1.0,1.0,2.0,0.0,0,0.0,1.0,1.0,,1,0.0,0.0,0.0,0.0,0.0,0,0.0,1.0,1.0,0.0,1.0,0,1.0,0.0,0,0,0.0,1.0,0.0,2.0,0.0,,1.0
1.0,0.0,0.0,0.0,1.0,1.0,0.0,1.0,1.0,1,1.0,1.0,1,0.0,0.0,1.0,1,0.0,0.0,0.0,0.0,0.0,0.0,1.0,0.0,0.0,1,1.0,1,1,0.0,0,0,1.0,0.0,0.0,1.0,1.0,1.0,1.0,1,1.0,1.0,1.0,0.0,0,2.0,0,0.0,0.0,0.0,0.0,0.0,1.0,1.0,0.0,0.0,0.0,0.0,0.0,1,1.0,1.0,1.0,1.0,1,1.0,2.0,2.0,2.0,0.0,1.0,0,0.0,0.0,2.0,1.0,1,0.0,0.0,0.0,0.0,0.0,0,0.0,0.0,0.0,1.0,,0,0.0,0.0,0,0,0.0,0.0,0.0,1.0,1.0,1.0,1.0
0.0,0.0,1.0,2.0,1.0,1.0,0.0,1.0,1.0,1,1.0,1.0,1,0.0,0.0,,2,0.0,0.0,0.0,0.0,0.0,0.0,0.0,1.0,1.0,0,0.0,0,0,1.0,0,0,1.0,1.0,1.0,1.0,1.0,1.0,1.0,1,1.0,1.0,0.0,1.0,0,0.0,0,0.0,0.0,0.0,0.0,0.0,0.0,1.0,0.0,0.0,0.0,0.0,,1,1.0,1.0,1.0,2.0,2,1.0,0.0,0.0,0.0,1.0,0.0,0,0.0,0.0,1.0,1.0,1,1.0,0.0,0.0,0.0,0.0,0,,0.0,0.0,,1.0,0,0.0,0.0,0,1,1.0,1.0,0.0,1.0,1.0,,0.0
1.0,0.0,1.0,1.0,0.0,1.0,1.0,1.0,1.0,1,1.0,1.0,1,0.0,0.0,1.0,1,0.0,0.0,0.0,0.0,0.0,0.0,1.0,1.0,1.0,0,0.0,0,0,1.0,0,1,0.0,1.0,1.0,1.0,2.0,2.0,2.0,2,2.0,2.0,0.0,0.0,1,0.0,0,0.0,0.0,0.0,0.0,0.0,0.0,0.0,1.0,1.0,1.0,1.0,0.0,1,1.0,1.0,1.0,1.0,1,1.0,1.0,1.0,1.0,2.0,0.0,0,0.0,0.0,0.0,0.0,0,0.0,0.0,0.0,0.0,0.0,0,0.0,1.0,0.0,1.0,0.0,0,0.0,0.0,0,0,0.0,1.0,0.0,0.0,1.0,1.0,1.0
0.0,0.0,1.0,0.0,0.0,2.0,0.0,0.0,0.0,0,0.0,0.0,0,0.0,0.0,1.0,1,0.0,0.0,0.0,0.0,0.0,0.0,1.0,0.0,0.0,0,0.0,0,0,0.0,0,0,0.0,0.0,0.0,1.0,0.0,2.0,2.0,2,2.0,2.0,0.0,0.0,1,1.0,0,1.0,1.0,1.0,1.0,1.0,1.0,0.0,0.0,0.0,0.0,0.0,0.0,1,1.0,1.0,1.0,2.0,2,1.0,1.0,1.0,1.0,1.0,0.0,1,1.0,1.0,1.0,0.0,0,0.0,0.0,0.0,0.0,0.0,0,0.0,1.0,1.0,0.0,1.0,0,0.0,0.0,0,0,0.0,0.0,1.0,2.0,0.0,0.0,1.0
1.0,2.0,0.0,1.0,0.0,0.0,0.0,0.0,0.0,0,0.0,0.0,0,0.0,0.0,0.0,0,2.0,1.0,1.0,1.0,1.0,1.0,2.0,1.0,1.0,0,1.0,1,0,2.0,0,0,0.0,1.0,,1.0,2.0,2.0,2.0,2,2.0,2.0,1.0,1.0,1,0.0,0,0.0,0.0,0.0,0.0,0.0,1.0,1.0,0.0,0.0,0.0,0.0,1.0,0,0.0,0.0,0.0,1.0,1,0.0,1.0,1.0,1.0,0.0,0.0,1,1.0,1.0,1.0,0.0,0,0.0,1.0,0.0,0.0,0.0,0,0.0,1.0,1.0,2.0,1.0,0,0.0,1.0,1,1,1.0,1.0,2.0,1.0,0.0,,0.0
2.0,0.0,0.0,0.0,1.0,1.0,1.0,1.0,1.0,1,1.0,1.0,1,0.0,0.0,1.0,1,1.0,0.0,0.0,0.0,0.0,0.0,1.0,1.0,1.0,1,1.0,1,1,0.0,0,0,2.0,0.0,0.0,2.0,1.0,0.0,0.0,0,1.0,1.0,2.0,0.0,0,1.0,0,0.0,0.0,0.0,0.0,0.0,0.0,0.0,1.0,1.0,1.0,1.0,1.0,2,2.0,2.0,2.0,0.0,0,1.0,0.0,0.0,0.0,0.0,,0,0.0,0.0,0.0,1.0,1,0.0,1.0,0.0,0.0,0.0,0,0.0,1.0,1.0,2.0,0.0,0,2.0,0.0,0,1,1.0,1.0,0.0,2.0,1.0,1.0,0.0
1.0,0.0,0.0,1.0,1.0,0.0,1.0,0.0,0.0,0,0.0,0.0,0,0.0,0.0,0.0,0,2.0,0.0,1.0,1.0,1.0,1.0,2.0,2.0,1.0,1,1.0,1,1,0.0,0,0,0.0,0.0,0.0,1.0,2.0,0.0,0.0,0,0.0,0.0,0.0,0.0,0,1.0,0,0.0,0.0,0.0,0.0,0.0,1.0,2.0,1.0,1.0,1.0,1.0,0.0,2,2.0,2.0,2.0,2.0,2,0.0,1.0,1.0,1.0,1.0,1.0,1,1.0,1.0,1.0,0.0,0,0.0,1.0,1.0,1.0,0.0,0,0.0,2.0,2.0,2.0,2.0,0,2.0,0.0,0,1,1.0,1.0,2.0,1.0,0.0,0.0,0.0
0.0,1.0,0.0,1.0,0.0,1.0,1.0,2.0,2.0,2,2.0,2.0,2,0.0,2.0,0.0,0,1.0,0.0,1.0,1.0,1.0,1.0,2.0,1.0,1.0,1,1.0,1,1,0.0,0,0,1.0,0.0,0.0,1.0,0.0,2.0,2.0,2,2.0,2.0,0.0,0.0,1,1.0,0,0.0,0.0,0.0,0.0,0.0,1.0,1.0,0.0,0.0,0.0,0.0,1.0,0,0.0,0.0,0.0,0.0,0,2.0,2.0,2.0,2.0,0.0,0.0,0,0.0,0.0,1.0,0.0,0,0.0,2.0,0.0,0.0,0.0,0,0.0,1.0,1.0,0.0,1.0,0,0.0,1.0,1,0,0.0,0.0,1.0,0.0,1.0,1.0,0.0
0.0,0.0,0.0,0.0,0.0,,0.0,1.0,1.0,1,1.0,1.0,1,0.0,0.0,1.0,0,1.0,0.0,1.0,1.0,1.0,1.0,1.0,1.0,1.0,0,1.0,1,0,0.0,0,0,0.0,1.0,1.0,0.0,0.0,2.0,2.0,2,2.0,2.0,1.0,0.0,0,2.0,0,0.0,0.0,0.0,0.0,0.0,1.0,1.0,0.0,0.0,0.0,0.0,0.0,1,1.0,1.0,1.0,2.0,2,0.0,0.0,0.0,0.0,1.0,1.0,1,1.0,1.0,1.0,0.0,0,1.0,1.0,0.0,0.0,0.0,0,0.0,0.0,0.0,2.0,0.0,0,1.0,1.0,0,0,0.0,0.0,1.0,0.0,0.0,0.0,1.0
1.0,0.0,0.0,0.0,1.0,1.0,0.0,2.0,2.0,2,1.0,2.0,2,0.0,0.0,0.0,0,0.0,2.0,1.0,1.0,1.0,1.0,1.0,1.0,0.0,0,0.0,0,0,1.0,0,0,2.0,0.0,0.0,2.0,0.0,0.0,0.0,0,0.0,0.0,1.0,0.0,0,1.0,0,0.0,0.0,0.0,0.0,0.0,1.0,0.0,0.0,0.0,0.0,0.0,1.0,2,2.0,2.0,2.0,1.0,0,2.0,1.0,1.0,1.0,0.0,1.0,1,1.0,1.0,0.0,1.0,1,0.0,1.0,0.0,0.0,0.0,0,0.0,1.0,1.0,1.0,0.0,0,0.0,1.0,1,1,1.0,1.0,0.0,0.0,0.0,0.0,0.0
1.0,2.0,2.0,0.0,1.0,0.0,0.0,0.0,0.0,0,0.0,0.0,0,0.0,1.0,1.0,1,1.0,1.0,0.0,0.0,0.0,0.0,1.0,0.0,1.0,0,0.0,0,0,0.0,0,0,2.0,0.0,0.0,2.0,1.0,0.0,0.0,0,0.0,0.0,1.0,0.0,1,1.0,1,1.0,1.0,1.0,1.0,1.0,1.0,0.0,0.0,0.0,0.0,0.0,1.0,1,1.0,1.0,1.0,1.0,1,0.0,0.0,0.0,0.0,2.0,1.0,0,0.0,1.0,0.0,0.0,0,1.0,0.0,0.0,0.0,0.0,0,0.0,0.0,0.0,2.0,0.0,2,1.0,0.0,0,0,0.0,0.0,1.0,1.0,0.0,1.0,0.0
1.0,0.0,1.0,0.0,2.0,0.0,0.0,0.0,0.0,0,0.0,0.0,0,0.0,0.0,0.0,0,0.0,0.0,0.0,0.0,0.0,0.0,1.0,1.0,1.0,1,1.0,1,1,0.0,0,0,1.0,0.0,0.0,1.0,2.0,1.0,1.0,1,1.0,1.0,0.0,0.0,2,0.0,0,0.0,0.0,0.0,0.0,0.0,0.0,1.0,0.0,0.0,0.0,0.0,0.0,0,0.0,0.0,0.0,1.0,1,1.0,2.0,2.0,2.0,2.0,0.0,0,0.0,0.0,1.0,0.0,0,0.0,0.0,0.0,0.0,1.0,1,1.0,2.0,2.0,0.0,1.0,1,0.0,1.0,1,0,0.0,0.0,0.0,1.0,1.0,1.0,1.0
1.0,0.0,0.0,1.0,0.0,1.0,1.0,1.0,1.0,1,1.0,1.0,1,1.0,0.0,0.0,0,0.0,1.0,1.0,1.0,1.0,1.0,1.0,0.0,0.0,0,0.0,0,0,0.0,0,0,2.0,0.0,0.0,0.0,2.0,2.0,2.0,2,2.0,2.0,0.0,0.0,0,2.0,0,0.0,0.0,0.0,0.0,0.0,2.0,0.0,0.0,0.0,0.0,0.0,2.0,0,0.0,0.0,0.0,0.0,0,1.0,0.0,0.0,0.0,1.0,1.0,0,0.0,0.0,1.0,1.0,1,1.0,1.0,0.0,0.0,0.0,0,0.0,0.0,0.0,0.0,0.0,0,0.0,1.0,1,1,1.0,1.0,0.0,0.0,0.0,0.0,0.0
0.0,0.0,0.0,1.0,0.0,,1.0,0.0,0.0,0,0.0,0.0,0,0.0,0.0,2.0,2,0.0,0.0,0.0,0.0,0.0,0.0,1.0,0.0,1.0,0,0.0,0,0,0.0,1,0,2.0,0.0,0.0,2.0,1.0,1.0,1.0,1,1.0,1.0,1.0,0.0,0,0.0,1,1.0,1.0,1.0,1.0,1.0,0.0,1.0,0.0,0.0,0.0,0.0,0.0,1,1.0,1.0,1.0,0.0,0,1.0,1.0,1.0,1.0,1.0,0.0,0,0.0,0.0,1.0,1.0,1,0.0,0.0,0.0,0.0,0.0,0,0.0,0.0,0.0,1.0,1.0,0,0.0,0.0,0,0,0.0,0.0,0.0,1.0,0.0,0.0,0.0
0.0,0.0,0.0,1.0,0.0,1.0,1.0,0.0,0.0,0,0.0,0.0,0,0.0,0.0,0.0,0,1.0,1.0,1.0,1.0,1.0,1.0,2.0,1.0,1.0,0,0.0,0,0,0.0,0,0,0.0,0.0,0.0,0.0,1.0,1.0,1.0,1,2.0,2.0,0.0,0.0,1,0.0,0,0.0,0.0,0.0,0.0,0.0,1.0,0.0,0.0,0.0,0.0,0.0,0.0,1,1.0,1.0,1.0,1.0,1,1.0,1.0,1.0,1.0,2.0,,0,0.0,0.0,0.0,0.0,0,0.0,1.0,0.0,0.0,0.0,0,0.0,1.0,1.0,1.0,1.0,1,1.0,0.0,0,1,1.0,1.0,1.0,1.0,0.0,0.0,1.0
0.0,1.0,0.0,2.0,1.0,1.0,0.0,1.0,1.0,1,1.0,1.0,1,1.0,0.0,1.0,1,1.0,0.0,0.0,0.0,0.0,0.0,0.0,0.0,1.0,0,0.0,0,0,1.0,1,1,2.0,0.0,0.0,1.0,1.0,1.0,1.0,1,1.0,1.0,2.0,1.0,1,0.0,1,1.0,1.0,1.0,1.0,1.0,2.0,0.0,0.0,0.0,0.0,0.0,0.0,2,2.0,2.0,2.0,1.0,1,0.0,1.0,1.0,2.0,0.0,1.0,0,0.0,0.0,1.0,0.0,0,0.0,1.0,0.0,0.0,1.0,1,1.0,1.0,1.0,0.0,0.0,1,0.0,0.0,0,0,0.0,0.0,0.0,1.0,1.0,1.0,1.0
1.0,2.0,0.0,2.0,1.0,0.0,1.0,1.0,1.0,1,1.0,1.0,1,0.0,0.0,1.0,1,0.0,0.0,0.0,0.0,0.0,0.0,1.0,1.0,0.0,0,0.0,0,0,1.0,1,1,1.0,1.0,1.0,1.0,2.0,0.0,0.0,0,0.0,0.0,0.0,0.0,1,1.0,0,0.0,0.0,0.0,0.0,0.0,1.0,0.0,0.0,0.0,0.0,0.0,1.0,1,1.0,1.0,1.0,1.0,1,0.0,1.0,1.0,1.0,1.0,1.0,0,0.0,0.0,1.0,0.0,0,0.0,1.0,1.0,1.0,0.0,0,0.0,1.0,1.0,0.0,1.0,0,0.0,0.0,0,1,1.0,1.0,0.0,1.0,1.0,1.0,0.0
1.0,1.0,0.0,0.0,0.0,0.0,,1.0,1.0,1,1.0,1.0,1,0.0,0.0,0.0,0,0.0,1.0,1.0,1.0,1.0,1.0,1.0,1.0,1.0,1,1.0,1,1,1.0,0,0,0.0,0.0,0.0,1.0,1.0,2.0,2.0,2,2.0,2.0,2.0,0.0,0,0.0,0,0.0,,0.0,0.0,0.0,2.0,0.0,0.0,0.0,0.0,0.0,0.0,1,1.0,1.0,1.0,1.0,1,0.0,0.0,0.0,0.0,1.0,1.0,0,0.0,0.0,1.0,1.0,1,0.0,0.0,0.0,0.0,0.0,0,0.0,0.0,0.0,2.0,0.0,1,0.0,0.0,0,1,1.0,1.0,1.0,0.0,1.0,1.0,0.0
1.0,0.0,0.0,0.0,0.0,1.0,0.0,1.0,1.0,1,1.0,1.0,1,1.0,1.0,0.0,0,2.0,0.0,0.0,0.0,0.0,0.0,2.0,1.0,0.0,0,0.0,0,0,0.0,0,0,1.0,0.0,0.0,0.0,1.0,1.0,1.0,1,1.0,1.0,0.0,1.0,1,1.0,0,0.0,0.0,0.0,0.0,0.0,0.0,1.0,1.0,0.0,1.0,0.0,0.0,1,1.0,1.0,1.0,1.0,1,2.0,1.0,1.0,1.0,0.0,0.0,0,0.0,0.0,2.0,0.0,0,0.0,1.0,0.0,0.0,1.0,1,1.0,1.0,0.0,2.0,0.0,0,0.0,0.0,0,0,0.0,0.0,0.0,0.0,0.0,0.0,1.0
1.0,0.0,1.0,0.0,0.0,2.0,2.0,0.0,0.0,0,0.0,0.0,0,0.0,0.0,1.0,1,1.0,2.0,1.0,1.0,1.0,1.0,0.0,1.0,0.0,0,1.0,1,0,1.0,0,0,0.0,0.0,0.0,1.0,2.0,1.0,1.0,1,1.0,1.0,1.0,0.0,1,1.0,0,0.0,0.0,0.0,0.0,0.0,2.0,0.0,1.0,1.0,1.0,1.0,0.0,1,1.0,1.0,1.0,1.0,1,1.0,1.0,1.0,1.0,1.0,0.0,0,0.0,0.0,0.0,0.0,0,0.0,0.0,0.0,0.0,1.0,1,1.0,0.0,0.0,2.0,1.0,0,0.0,0.0,0,1,1.0,1.0,0.0,1.0,0.0,0.0,1.0
1.0,0.0,0.0,0.0,2.0,0.0,1.0,1.0,1.0,0,1.0,1.0,1,0.0,0.0,0.0,0,1.0,0.0,1.0,1.0,1.0,1.0,1.0,1.0,0.0,0,0.0,0,0,0.0,1,0,2.0,1.0,1.0,2.0,2.0,0.0,0.0,0,0.0,0.0,1.0,0.0,1,0.0,1,1.0,1.0,1.0,1.0,1.0,1.0,1.0,0.0,0.0,0.0,0.0,0.0,1,1.0,1.0,1.0,2.0,2,1.0,0.0,0.0,0.0,0.0,0.0,1,1.0,1.0,0.0,0.0,0,1.0,1.0,0.0,0.0,0.0,0,0.0,1.0,1.0,2.0,1.0,0,1.0,0.0,0,1,1.0,1.0,0.0,1.0,1.0,,1.0
0.0,0.0,0.0,1.0,0.0,1.0,0.0,0.0,0.0,0,0.0,0.0,0,1.0,0.0,1.0,1,1.0,0.0,0.0,0.0,0.0,0.0,0.0,0.0,0.0,0,1.0,0,0,0.0,1,1,2.0,0.0,0.0,1.0,1.0,2.0,2.0,2,2.0,2.0,0.0,0.0,0,2.0,1,1.0,1.0,1.0,1.0,1.0,1.0,1.0,1.0,1.0,1.0,1.0,0.0,1,1.0,1.0,1.0,1.0,1,1.0,1.0,1.0,1.0,0.0,1.0,1,1.0,1.0,1.0,2.0,2,0.0,0.0,0.0,0.0,0.0,0,0.0,1.0,1.0,1.0,0.0,0,1.0,0.0,0,1,1.0,1.0,0.0,1.0,1.0,1.0,1.0
1.0,0.0,0.0,1.0,0.0,2.0,0.0,0.0,0.0,0,0.0,0.0,0,0.0,0.0,0.0,0,1.0,0.0,0.0,0.0,0.0,0.0,1.0,2.0,1.0,0,1.0,1,0,1.0,0,0,1.0,0.0,0.0,1.0,1.0,1.0,1.0,1,2.0,2.0,0.0,0.0,1,1.0,1,1.0,1.0,1.0,1.0,1.0,0.0,1.0,1.0,1.0,1.0,1.0,0.0,1,1.0,1.0,1.0,0.0,0,1.0,1.0,1.0,1.0,2.0,0.0,0,0.0,0.0,1.0,1.0,1,0.0,1.0,0.0,0.0,0.0,0,0.0,1.0,2.0,0.0,1.0,2,0.0,0.0,0,0,0.0,0.0,0.0,0.0,0.0,1.0,0.0
2.0,0.0,1.0,1.0,1.0,0.0,1.0,0.0,0.0,0,0.0,0.0,0,0.0,1.0,1.0,1,1.0,1.0,1.0,1.0,1.0,1.0,2.0,0.0,0.0,0,0.0,0,0,1.0,0,0,1.0,0.0,0.0,0.0,2.0,0.0,0.0,0,0.0,0.0,0.0,0.0,0,1.0,0,0.0,0.0,0.0,0.0,0.0,1.0,0.0,1.0,1.0,1.0,1.0,1.0,1,1.0,1.0,1.0,2.0,2,0.0,1.0,1.0,1.0,,1.0,1,2.0,2.0,1.0,0.0,0,0.0,0.0,0.0,0.0,1.0,1,1.0,0.0,0.0,,0.0,0,0.0,0.0,0,1,1.0,1.0,1.0,1.0,0.0,,1.0
2.0,0.0,,0.0,1.0,0.0,1.0,2.0,2.0,2,2.0,2.0,2,,0.0,1.0,1,0.0,1.0,1.0,1.0,1.0,1.0,0.0,1.0,2.0,1,1.0,1,1,0.0,0,0,1.0,1.0,1.0,0.0,1.0,1.0,1.0,1,1.0,1.0,0.0,0.0,1,1.0,0,0.0,0.0,0.0,0.0,0.0,1.0,1.0,0.0,0.0,0.0,0.0,1.0,0,0.0,0.0,0.0,2.0,1,0.0,0.0,0.0,0.0,2.0,1.0,1,1.0,1.0,0.0,0.0,0,0.0,1.0,0.0,0.0,0.0,0,0.0,1.0,2.0,2.0,1.0,1,0.0,0.0,0,0,0.0,0.0,,2.0,0.0,0.0,1.0
1.0,1.0,0.0,0.0,0.0,1.0,1.0,1.0,1.0,1,1.0,1.0,1,0.0,0.0,0.0,0,1.0,1.0,1.0,1.0,1.0,1.0,1.0,1.0,1.0,0,0.0,0,0,0.0,0,1,1.0,0.0,0.0,0.0,1.0,2.0,2.0,2,2.0,2.0,1.0,0.0,0,0.0,0,0.0,0.0,0.0,0.0,0.0,2.0,0.0,1.0,0.0,1.0,0.0,1.0,0,0.0,0.0,0.0,0.0,0,1.0,1.0,1.0,1.0,2.0,0.0,0,0.0,0.0,0.0,0.0,0,1.0,1.0,0.0,0.0,0.0,0,0.0,2.0,2.0,1.0,1.0,0,0.0,1.0,1,0,0.0,0.0,1.0,0.0,0.0,0.0,0.0
1.0,0.0,0.0,0.0,0.0,1.0,1.0,0.0,0.0,0,0.0,0.0,0,0.0,0.0,0.0,0,2.0,0.0,0.0,0.0,0.0,0.0,1.0,1.0,1.0,1,2.0,2,1,0.0,0,0,2.0,0.0,0.0,1.0,1.0,0.0,0.0,0,0.0,0.0,0.0,0.0,0,2.0,0,0.0,0.0,0.0,0.0,0.0,0.0,2.0,1.0,1.0,1.0,1.0,1.0,1,1.0,1.0,1.0,1.0,1,1.0,0.0,0.0,0.0,0.0,1.0,1,1.0,1.0,1.0,,1,1.0,1.0,0.0,0.0,0.0,0,0.0,0.0,0.0,0.0,0.0,0,2.0,0.0,0,2,2.0,2.0,0.0,1.0,0.0,0.0,0.0
2.0,1.0,0.0,2.0,0.0,1.0,1.0,1.0,1.0,1,1.0,1.0,1,0.0,0.0,0.0,0,1.0,0.0,0.0,0.0,0.0,,1.0,1.0,0.0,1,1.0,1,1,0.0,1,0,1.0,0.0,0.0,2.0,0.0,0.0,0.0,0,1.0,1.0,1.0,0.0,0,1.0,0,0.0,,0.0,0.0,0.0,2.0,0.0,0.0,0.0,0.0,0.0,2.0,1,1.0,1.0,1.0,1.0,1,1.0,1.0,1.0,1.0,0.0,0.0,1,1.0,1.0,0.0,1.0,1,0.0,0.0,0.0,0.0,0.0,0,0.0,2.0,2.0,0.0,1.0,1,1.0,0.0,0,1,1.0,1.0,1.0,0.0,0.0,0.0,0.0
1.0,0.0,0.0,1.0,0.0,1.0,0.0,0.0,0.0,0,0.0,0.0,0,0.0,0.0,1.0,1,1.0,0.0,0.0,0.0,0.0,0.0,2.0,2.0,0.0,1,1.0,1,1,0.0,0,0,1.0,0.0,0.0,0.0,1.0,1.0,1.0,1,1.0,1.0,0.0,0.0,0,,0,0.0,0.0,0.0,0.0,0.0,0.0,1.0,0.0,0.0,0.0,0.0,1.0,1,1.0,1.0,1.0,1.0,1,2.0,1.0,1.0,1.0,2.0,1.0,0,0.0,0.0,1.0,1.0,1,0.0,1.0,0.0,0.0,1.0,1,1.0,0.0,0.0,1.0,1.0,0,1.0,0.0,0,1,1.0,1.0,0.0,0.0,0.0,0.0,1.0
1.0,0.0,2.0,1.0,1.0,0.0,0.0,1.0,1.0,1,1.0,1.0,1,,0.0,0.0,0,2.0,0.0,1.0,1.0,1.0,1.0,1.0,1.0,0.0,0,0.0,0,0,0.0,1,0,0.0,0.0,0.0,1.0,2.0,2.0,2.0,2,2.0,2.0,0.0,1.0,0,2.0,1,1.0,1.0,1.0,1.0,1.0,0.0,1.0,0.0,0.0,0.0,0.0,1.0,2,2.0,2.0,2.0,1.0,1,0.0,2.0,2.0,2.0,2.0,0.0,0,0.0,0.0,1.0,0.0,0,1.0,0.0,0.0,0.0,1.0,1,1.0,1.0,1.0,2.0,0.0,0,1.0,0.0,0,1,1.0,1.0,1.0,1.0,1.0,1.0,1.0
1.0,0.0,0.0,1.0,1.0,1.0,0.0,1.0,1.0,1,1.0,1.0,1,1.0,0.0,0.0,0,0.0,1.0,1.0,1.0,1.0,1.0,1.0,,0.0,1,1.0,1,1,0.0,0,0,0.0,1.0,1.0,1.0,0.0,2.0,2.0,2,2.0,2.0,0.0,0.0,0,1.0,0,0.0,,0.0,0.0,0.0,1.0,1.0,0.0,0.0,,0.0,1.0,0,0.0,0.0,0.0,1.0,1,0.0,0.0,0.0,1.0,1.0,2.0,0,0.0,0.0,0.0,0.0,0,0.0,1.0,0.0,0.0,0.0,0,0.0,1.0,1.0,1.0,2.0,0,0.0,0.0,0,2,,2.0,0.0,1.0,0.0,0.0,1.0
1.0,1.0,,1.0,0.0,1.0,1.0,0.0,0.0,0,0.0,0.0,0,0.0,0.0,0.0,0,1.0,1.0,0.0,0.0,0.0,0.0,1.0,1.0,1.0,0,0.0,0,0,0.0,1,0,1.0,0.0,0.0,1.0,1.0,1.0,1.0,1,1.0,1.0,0.0,0.0,0,1.0,0,0.0,0.0,0.0,0.0,0.0,1.0,1.0,0.0,0.0,0.0,0.0,1.0,1,1.0,1.0,1.0,1.0,0,2.0,1.0,1.0,1.0,1.0,0.0,0,0.0,0.0,0.0,0.0,0,0.0,1.0,0.0,0.0,0.0,0,0.0,1.0,1.0,0.0,1.0,0,1.0,0.0,0,2,2.0,2.0,1.0,1.0,2.0,2.0,1.0
1.0,1.0,0.0,0.0,0.0,1.0,0.0,0.0,0.0,0,0.0,,0,1.0,0.0,2.0,2,0.0,0.0,0.0,0.0,0.0,0.0,1.0,0.0,0.0,0,1.0,1,0,0.0,0,0,0.0,0.0,0.0,1.0,1.0,0.0,0.0,0,0.0,0.0,0.0,0.0,1,1.0,0,0.0,0.0,0.0,0.0,0.0,2.0,1.0,1.0,0.0,1.0,0.0,0.0,0,0.0,0.0,0.0,2.0,2,2.0,0.0,0.0,0.0,0.0,0.0,1,1.0,1.0,1.0,0.0,0,0.0,2.0,0.0,0.0,0.0,0,0.0,1.0,1.0,2.0,0.0,1,0.0,0.0,0,0,0.0,0.0,0.0,1.0,0.0,0.0,1.0
1.0,0.0,0.0,1.0,1.0,1.0,0.0,0.0,0.0,0,0.0,0.0,0,0.0,1.0,0.0,0,0.0,1.0,1.0,1.0,1.0,1.0,1.0,2.0,1.0,1,1.0,1,1,0.0,2,0,1.0,0.0,0.0,0.0,0.0,1.0,1.0,1,1.0,1.0,1.0,0.0,1,0.0,1,1.0,1.0,1.0,1.0,1.0,0.0,0.0,0.0,0.0,0.0,0.0,0.0,1,1.0,1.0,1.0,2.0,1,1.0,2.0,2.0,2.0,2.0,,0,0.0,0.0,2.0,1.0,1,0.0,0.0,0.0,0.0,0.0,0,0.0,1.0,1.0,0.0,0.0,0,0.0,1.0,1,2,2.0,2.0,,0.0,1.0,1.0,1.0
0.0,0.0,1.0,1.0,0.0,2.0,0.0,1.0,1.0,1,1.0,1.0,1,0.0,0.0,0.0,0,1.0,0.0,0.0,0.0,0.0,0.0,1.0,0.0,0.0,0,0.0,0,0,0.0,0,1,0.0,0.0,0.0,2.0,2.0,0.0,0.0,0,0.0,0.0,0.0,0.0,0,0.0,0,0.0,0.0,0.0,0.0,0.0,1.0,0.0,1.0,1.0,1.0,1.0,0.0,2,2.0,2.0,2.0,0.0,0,0.0,0.0,0.0,0.0,1.0,1.0,0,0.0,0.0,1.0,0.0,0,2.0,1.0,0.0,0.0,0.0,0,0.0,2.0,2.0,1.0,0.0,1,1.0,0.0,0,0,0.0,0.0,1.0,1.0,0.0,0.0,0.0
0.0,2.0,0.0,2.0,0.0,,2.0,1.0,1.0,1,1.0,1.0,1,0.0,0.0,0.0,0,1.0,0.0,0.0,0.0,0.0,0.0,0.0,0.0,1.0,0,1.0,1,0,1.0,0,0,1.0,0.0,0.0,1.0,1.0,0.0,0.0,0,0.0,0.0,1.0,0.0,0,2.0,0,0.0,0.0,0.0,0.0,0.0,1.0,2.0,1.0,1.0,1.0,1.0,1.0,0,0.0,0.0,,1.0,1,0.0,0.0,0.0,0.0,0.0,0.0,0,0.0,0.0,1.0,0.0,0,2.0,1.0,0.0,0.0,0.0,0,0.0,1.0,1.0,1.0,0.0,0,0.0,0.0,0,2,2.0,2.0,0.0,2.0,0.0,1.0,0.0
1.0,0.0,1.0,0.0,0.0,1.0,0.0,1.0,1.0,1,1.0,1.0,1,0.0,1.0,0.0,0,2.0,0.0,2.0,2.0,2.0,2.0,0.0,1.0,1.0,0,0.0,0,0,0.0,0,0,0.0,0.0,0.0,1.0,1.0,1.0,1.0,1,1.0,1.0,0.0,0.0,0,1.0,0,0.0,0.0,0.0,0.0,0.0,0.0,0.0,0.0,0.0,0.0,0.0,0.0,2,2.0,2.0,2.0,0.0,0,0.0,0.0,0.0,1.0,1.0,0.0,0,0.0,0.0,0.0,1.0,1,0.0,0.0,0.0,0.0,0.0,0,0.0,1.0,1.0,0.0,2.0,0,0.0,0.0,0,1,1.0,1.0,0.0,2.0,1.0,2.0,1.0
2.0,0.0,1.0,1.0,1.0,0.0,0.0,1.0,1.0,1,1.0,1.0,1,1.0,0.0,1.0,1,1.0,2.0,1.0,1.0,1.0,1.0,2.0,0.0,2.0,0,0.0,0,0,0.0,1,0,1.0,0.0,0.0,2.0,1.0,0.0,0.0,0,0.0,0.0,0.0,,1,1.0,0,0.0,0.0,0.0,0.0,0.0,0.0,0.0,0.0,0.0,0.0,0.0,0.0,1,1.0,1.0,1.0,1.0,1,0.0,0.0,0.0,0.0,1.0,0.0,0,0.0,0.0,1.0,0.0,0,0.0,2.0,0.0,0.0,1.0,1,1.0,1.0,1.0,1.0,1.0,0,0.0,0.0,0,0,0.0,0.0,1.0,2.0,0.0,0.0,1.0
1.0,1.0,0.0,0.0,1.0,0.0,0.0,0.0,0.0,0,0.0,0.0,0,0.0,0.0,0.0,0,1.0,1.0,1.0,1.0,1.0,1.0,1.0,0.0,0.0,1,1.0,1,1,0.0,0,0,0.0,0.0,0.0,1.0,1.0,1.0,1.0,1,1.0,1.0,1.0,1.0,0,0.0,0,0.0,0.0,0.0,0.0,0.0,1.0,0.0,1.0,1.0,1.0,1.0,0.0,1,1.0,1.0,1.0,1.0,1,0.0,0.0,0.0,0.0,1.0,1.0,0,0.0,0.0,0.0,0.0,0,0.0,0.0,0.0,0.0,1.0,1,1.0,1.0,1.0,2.0,1.0,0,0.0,0.0,0,0,0.0,0.0,1.0,0.0,0.0,0.0,1.0
2.0,0.0,1.0,0.0,0.0,1.0,1.0,0.0,0.0,0,0.0,0.0,0,1.0,0.0,0.0,0,0.0,1.0,1.0,1.0,1.0,1.0,1.0,0.0,1.0,0,0.0,0,0,1.0,0,0,0.0,0.0,0.0,0.0,1.0,2.0,2.0,2,2.0,2.0,1.0,0.0,0,1.0,1,,1.0,1.0,1.0,1.0,0.0,0.0,1.0,1.0,1.0,1.0,0.0,1,1.0,1.0,1.0,1.0,1,0.0,1.0,1.0,1.0,0.0,0.0,1,1.0,2.0,2.0,0.0,0,0.0,0.0,0.0,0.0,0.0,0,0.0,1.0,1.0,1.0,0.0,0,0.0,0.0,0,1,1.0,1.0,0.0,0.0,0.0,,1.0
2.0,1.0,1.0,1.0,0.0,0.0,1.0,0.0,0.0,0,0.0,0.0,0,0.0,0.0,0.0,0,1.0,1.0,1.0,1.0,1.0,1.0,0.0,2.0,0.0,0,0.0,0,0,2.0,0,0,2.0,0.0,0.0,0.0,1.0,0.0,0.0,0,0.0,0.0,1.0,0.0,1,0.0,0,0.0,0.0,0.0,0.0,0.0,0.0,1.0,0.0,0.0,0.0,0.0,1.0,0,0.0,0.0,0.0,1.0,1,0.0,0.0,0.0,0.0,0.0,0.0,0,0.0,1.0,0.0,1.0,1,0.0,0.0,0.0,0.0,0.0,0,0.0,1.0,1.0,0.0,1.0,0,0.0,0.0,0,1,1.0,1.0,0.0,1.0,1.0,1.0,0.0
1.0,0.0,0.0,1.0,2.0,0.0,2.0,0.0,0.0,0,0.0,0.0,0,0.0,0.0,1.0,1,2.0,1.0,1.0,1.0,1.0,1.0,0.0,1.0,0.0,0,0.0,0,0,0.0,0,0,0.0,0.0,0.0,1.0,0.0,1.0,1.0,1,1.0,1.0,1.0,1.0,2,0.0,0,0.0,0.0,0.0,0.0,0.0,2.0,0.0,1.0,0.0,1.0,0.0,0.0,1,1.0,1.0,1.0,1.0,1,1.0,0.0,0.0,0.0,0.0,0.0,0,0.0,1.0,0.0,1.0,1,1.0,1.0,0.0,0.0,0.0,0,0.0,2.0,1.0,1.0,1.0,0,1.0,0.0,0,0,0.0,0.0,0.0,0.0,1.0,,0.0
0.0,1.0,0.0,0.0,2.0,0.0,1.0,1.0,1.0,1,1.0,1.0,1,0.0,0.0,0.0,0,1.0,0.0,1.0,1.0,1.0,1.0,2.0,1.0,0.0,0,0.0,0,0,0.0,0,0,2.0,0.0,0.0,,1.0,1.0,1.0,1,1.0,1.0,1.0,1.0,1,0.0,1,1.0,1.0,1.0,1.0,1.0,0.0,0.0,0.0,0.0,0.0,0.0,0.0,0,0.0,0.0,0.0,1.0,1,1.0,0.0,0.0,0.0,1.0,0.0,0,0.0,0.0,0.0,0.0,0,0.0,1.0,1.0,1.0,0.0,0,0.0,2.0,1.0,0.0,0.0,1,2.0,0.0,0,0,0.0,0.0,1.0,1.0,0.0,0.0,0.0
1.0,1.0,0.0,0.0,0.0,,0.0,0.0,0.0,0,0.0,0.0,0,0.0,0.0,1.0,1,2.0,1.0,1.0,1.0,1.0,1.0,1.0,1.0,0.0,0,1.0,1,0,1.0,0,1,2.0,1.0,1.0,0.0,2.0,1.0,1.0,1,1.0,1.0,0.0,1.0,1,0.0,0,0.0,0.0,0.0,0.0,0.0,1.0,1.0,1.0,1.0,,1.0,0.0,1,1.0,1.0,1.0,2.0,2,1.0,1.0,1.0,1.0,2.0,0.0,0,1.0,1.0,1.0,0.0,0,0.0,1.0,0.0,0.0,0.0,0,0.0,1.0,0.0,2.0,1.0,0,1.0,0.0,0,1,1.0,1.0,1.0,0.0,1.0,1.0,1.0
1.0,0.0,1.0,0.0,1.0,0.0,0.0,1.0,1.0,1,1.0,1.0,1,0.0,0.0,0.0,0,1.0,1.0,1.0,1.0,1.0,1.0,1.0,2.0,1.0,0,0.0,0,0,0.0,0,0,1.0,0.0,0.0,2.0,1.0,1.0,1.0,1,1.0,1.0,1.0,0.0,1,1.0,0,0.0,0.0,0.0,0.0,0.0,1.0,1.0,0.0,0.0,0.0,0.0,0.0,1,1.0,1.0,1.0,1.0,1,0.0,1.0,1.0,1.0,0.0,0.0,0,0.0,1.0,0.0,0.0,0,1.0,0.0,0.0,0.0,0.0,0,0.0,0.0,0.0,0.0,1.0,0,0.0,0.0,0,0,0.0,0.0,0.0,1.0,0.0,0.0,1.0
1.0,1.0,0.0,0.0,2.0,0.0,0.0,0.0,0.0,0,0.0,0.0,0,1.0,0.0,1.0,1,0.0,0.0,0.0,0.0,0.0,0.0,0.0,1.0,1.0,0,0.0,0,0,1.0,0,0,2.0,0.0,0.0,1.0,2.0,1.0,1.0,1,1.0,1.0,0.0,1.0,2,0.0,0,0.0,0.0,0.0,0.0,0.0,1.0,1.0,1.0,0.0,1.0,0.0,0.0,2,2.0,2.0,2.0,1.0,1,0.0,0.0,0.0,0.0,1.0,0.0,0,0.0,0.0,1.0,0.0,0,0.0,1.0,0.0,0.0,0.0,0,0.0,0.0,0.0,1.0,1.0,0,0.0,0.0,0,0,0.0,0.0,0.0,0.0,1.0,1.0,1.0
2.0,0.0,1.0,1.0,1.0,0.0,0.0,0.0,0.0,0,0.0,0.0,0,0.0,0.0,1.0,1,0.0,0.0,0.0,0.0,0.0,0.0,1.0,0.0,0.0,1,1.0,1,1,0.0,1,0,0.0,1.0,1.0,1.0,1.0,1.0,1.0,1,1.0,1.0,0.0,0.0,2,0.0,0,0.0,0.0,0.0,0.0,0.0,0.0,0.0,1.0,1.0,1.0,1.0,0.0,1,1.0,1.0,1.0,0.0,0,2.0,0.0,0.0,0.0,1.0,0.0,0,0.0,0.0,2.0,1.0,1,0.0,0.0,0.0,0.0,0.0,0,0.0,1.0,1.0,1.0,0.0,0,0.0,0.0,0,0,0.0,0.0,1.0,0.0,0.0,0.0,1.0
1.0,0.0,0.0,1.0,0.0,0.0,1.0,1.0,1.0,1,1.0,2.0,1,0.0,0.0,1.0,1,1.0,0.0,0.0,0.0,0.0,0.0,1.0,1.0,0.0,1,1.0,1,1,0.0,1,0,0.0,1.0,1.0,1.0,2.0,0.0,0.0,0,0.0,0.0,0.0,0.0,1,0.0,0,0.0,0.0,0.0,0.0,0.0,0.0,1.0,0.0,0.0,0.0,0.0,1.0,0,0.0,0.0,0.0,1.0,1,0.0,0.0,0.0,0.0,0.0,0.0,0,0.0,0.0,0.0,0.0,0,0.0,2.0,0.0,0.0,0.0,0,0.0,1.0,1.0,0.0,0.0,0,0.0,0.0,0,1,1.0,1.0,0.0,0.0,0.0,,1.0
1.0,0.0,0.0,1.0,0.0,1.0,0.0,2.0,2.0,2,2.0,2.0,2,0.0,0.0,0.0,0,2.0,0.0,0.0,0.0,0.0,0.0,2.0,0.0,2.0,0,0.0,0,0,1.0,0,0,2.0,0.0,0.0,2.0,1.0,2.0,2.0,2,2.0,2.0,0.0,0.0,0,1.0,1,1.0,1.0,1.0,1.0,1.0,1.0,1.0,0.0,0.0,0.0,0.0,0.0,2,2.0,2.0,2.0,1.0,1,0.0,0.0,0.0,,2.0,1.0,0,0.0,0.0,1.0,0.0,0,0.0,1.0,0.0,0.0,0.0,0,0.0,1.0,1.0,0.0,0.0,0,1.0,0.0,0,1,1.0,1.0,0.0,,0.0,0.0,0.0
1.0,1.0,0.0,0.0,0.0,1.0,2.0,1.0,1.0,1,1.0,1.0,1,0.0,0.0,1.0,1,1.0,0.0,1.0,1.0,1.0,1.0,2.0,1.0,1.0,0,0.0,0,0,0.0,0,0,1.0,0.0,0.0,1.0,1.0,1.0,1.0,1,2.0,2.0,0.0,1.0,1,1.0,0,0.0,0.0,0.0,0.0,0.0,1.0,2.0,0.0,0.0,0.0,0.0,0.0,1,1.0,1.0,1.0,1.0,1,1.0,1.0,1.0,1.0,1.0,0.0,1,1.0,1.0,0.0,0.0,0,1.0,0.0,0.0,0.0,0.0,0,0.0,1.0,1.0,0.0,1.0,1,0.0,0.0,0,2,2.0,2.0,0.0,1.0,2.0,2.0,1.0
1.0,2.0,0.0,1.0,0.0,1.0,0.0,1.0,1.0,1,1.0,1.0,1,0.0,0.0,0.0,0,1.0,0.0,0.0,0.0,0.0,0.0,0.0,1.0,0.0,0,0.0,0,0,0.0,0,0,1.0,0.0,0.0,2.0,0.0,2.0,2.0,2,2.0,2.0,0.0,0.0,0,1.0,0,0.0,0.0,0.0,0.0,0.0,1.0,1.0,1.0,1.0,1.0,1.0,0.0,2,2.0,2.0,2.0,1.0,1,0.0,0.0,0.0,0.0,2.0,1.0,0,0.0,0.0,0.0,0.0,0,1.0,1.0,0.0,0.0,0.0,0,0.0,1.0,1.0,1.0,1.0,0,0.0,0.0,0,1,1.0,1.0,0.0,1.0,,0.0,0.0
1.0,0.0,1.0,2.0,1.0,0.0,1.0,1.0,1.0,1,1.0,1.0,1,0.0,0.0,1.0,1,0.0,0.0,0.0,0.0,0.0,0.0,1.0,1.0,1.0,1,1.0,1,1,0.0,0,0,1.0,0.0,0.0,1.0,1.0,2.0,2.0,2,2.0,2.0,0.0,0.0,0,2.0,0,0.0,0.0,0.0,0.0,0.0,0.0,1.0,0.0,0.0,0.0,0.0,0.0,1,1.0,1.0,1.0,1.0,1,0.0,0.0,0.0,0.0,0.0,0.0,0,0.0,1.0,1.0,0.0,0,0.0,1.0,0.0,0.0,0.0,0,0.0,1.0,1.0,1.0,1.0,0,0.0,0.0,0,1,1.0,1.0,0.0,0.0,1.0,1.0,1.0
2.0,0.0,1.0,0.0,0.0,0.0,0.0,1.0,1.0,1,1.0,,1,0.0,1.0,1.0,1,0.0,0.0,1.0,1.0,1.0,1.0,2.0,1.0,1.0,0,0.0,0,0,1.0,0,0,0.0,0.0,0.0,1.0,1.0,2.0,2.0,2,2.0,2.0,0.0,0.0,1,0.0,0,0.0,0.0,0.0,0.0,0.0,1.0,1.0,1.0,1.0,1.0,1.0,1.0,1,1.0,1.0,1.0,1.0,1,0.0,0.0,0.0,0.0,1.0,1.0,0,0.0,0.0,1.0,0.0,0,0.0,0.0,0.0,0.0,0.0,0,0.0,1.0,1.0,2.0,0.0,0,0.0,0.0,0,1,1.0,1.0,0.0,1.0,,2.0,1.0
1.0,0.0,1.0,0.0,0.0,1.0,1.0,1.0,1.0,1,1.0,1.0,1,1.0,0.0,1.0,1,0.0,0.0,0.0,0.0,0.0,0.0,0.0,0.0,1.0,1,1.0,1,1,0.0,0,0,2.0,0.0,0.0,0.0,2.0,0.0,0.0,0,0.0,0.0,1.0,1.0,0,1.0,0,0.0,0.0,0.0,0.0,0.0,1.0,1.0,0.0,0.0,0.0,0.0,1.0,1,1.0,1.0,1.0,0.0,0,0.0,0.0,0.0,0.0,2.0,0.0,0,0.0,0.0,0.0,0.0,0,1.0,0.0,0.0,0.0,0.0,0,0.0,2.0,2.0,0.0,0.0,1,0.0,0.0,0,1,1.0,1.0,0.0,0.0,1.0,1.0,1.0
0.0,0.0,1.0,0.0,1.0,0.0,1.0,1.0,1.0,1,1.0,1.0,1,0.0,0.0,1.0,1,1.0,0.0,0.0,0.0,0.0,0.0,1.0,0.0,,0,0.0,0,0,1.0,0,1,1.0,1.0,1.0,1.0,1.0,0.0,0.0,0,1.0,1.0,0.0,0.0,0,1.0,0,0.0,0.0,0.0,0.0,0.0,0.0,1.0,1.0,0.0,1.0,0.0,0.0,1,1.0,1.0,1.0,1.0,1,1.0,1.0,1.0,1.0,1.0,1.0,0,0.0,1.0,0.0,0.0,0,1.0,0.0,0.0,0.0,0.0,0,0.0,2.0,1.0,0.0,0.0,0,0.0,0.0,0,1,1.0,1.0,0.0,0.0,1.0,1.0,1.0
1.0,1.0,0.0,0.0,0.0,2.0,,1.0,1.0,1,1.0,1.0,1,0.0,0.0,0.0,0,0.0,0.0,0.0,0.0,0.0,0.0,0.0,0.0,0.0,0,0.0,0,0,0.0,0,0,2.0,0.0,0.0,1.0,0.0,1.0,1.0,1,1.0,1.0,1.0,0.0,0,2.0,0,0.0,0.0,0.0,0.0,0.0,2.0,1.0,1.0,1.0,1.0,1.0,0.0,1,1.0,1.0,1.0,2.0,2,2.0,0.0,0.0,0.0,1.0,1.0,0,0.0,0.0,2.0,0.0,0,0.0,0.0,0.0,0.0,0.0,0,0.0,1.0,1.0,0.0,1.0,0,1.0,0.0,0,1,1.0,1.0,0.0,1.0,0.0,,0.0
1.0,0.0,0.0,0.0,1.0,1.0,0.0,1.0,1.0,1,1.0,1.0,1,0.0,1.0,1.0,0,1.0,1.0,1.0,1.0,1.0,1.0,2.0,1.0,0.0,1,2.0,2,1,1.0,0,0,1.0,0.0,0.0,2.0,0.0,,1.0,1,1.0,1.0,0.0,0.0,1,0.0,0,0.0,0.0,0.0,0.0,0.0,1.0,1.0,0.0,0.0,0.0,0.0,1.0,0,0.0,0.0,0.0,2.0,2,1.0,0.0,0.0,0.0,1.0,2.0,0,0.0,0.0,1.0,1.0,1,0.0,1.0,1.0,1.0,0.0,0,0.0,1.0,1.0,0.0,1.0,2,0.0,0.0,0,1,1.0,1.0,2.0,0.0,0.0,0.0,0.0
1.0,0.0,1.0,0.0,2.0,0.0,0.0,1.0,1.0,1,1.0,1.0,1,0.0,0.0,0.0,0,2.0,0.0,0.0,0.0,0.0,0.0,1.0,1.0,0.0,0,0.0,0,0,0.0,1,0,1.0,0.0,0.0,1.0,2.0,1.0,1.0,1,1.0,1.0,0.0,0.0,1,1.0,0,0.0,0.0,0.0,0.0,0.0,0.0,1.0,2.0,2.0,2.0,2.0,0.0,0,0.0,0.0,0.0,1.0,1,1.0,2.0,2.0,2.0,1.0,0.0,0,0.0,0.0,0.0,1.0,1,0.0,1.0,0.0,0.0,0.0,0,0.0,1.0,1.0,1.0,1.0,0,0.0,0.0,0,0,0.0,0.0,0.0,1.0,,0.0,1.0
1.0,0.0,0.0,1.0,1.0,1.0,1.0,1.0,1.0,1,1.0,2.0,1,0.0,0.0,1.0,1,2.0,0.0,0.0,0.0,0.0,0.0,1.0,1.0,1.0,0,0.0,0,0,2.0,0,0,0.0,1.0,1.0,2.0,1.0,1.0,1.0,1,1.0,1.0,0.0,1.0,0,1.0,0,0.0,0.0,0.0,0.0,0.0,1.0,1.0,0.0,0.0,0.0,0.0,0.0,2,2.0,2.0,2.0,1.0,1,1.0,0.0,0.0,0.0,0.0,1.0,0,0.0,0.0,0.0,0.0,0,0.0,0.0,0.0,0.0,0.0,0,0.0,2.0,2.0,1.0,1.0,0,1.0,0.0,0,1,1.0,1.0,0.0,1.0,1.0,1.0,0.0
2.0,0.0,0.0,2.0,1.0,1.0,1.0,2.0,2.0,2,2.0,2.0,2,0.0,0.0,0.0,0,1.0,1.0,1.0,1.0,1.0,1.0,,0.0,1.0,0,1.0,1,0,1.0,0,0,0.0,0.0,0.0,1.0,0.0,1.0,1.0,1,1.0,1.0,1.0,0.0,1,2.0,0,0.0,0.0,0.0,0.0,0.0,1.0,0.0,0.0,0.0,0.0,0.0,2.0,1,1.0,1.0,1.0,,0,1.0,1.0,1.0,1.0,2.0,2.0,0,0.0,0.0,0.0,0.0,0,1.0,2.0,0.0,0.0,0.0,0,0.0,2.0,2.0,1.0,1.0,2,1.0,0.0,0,1,1.0,1.0,1.0,0.0,2.0,2.0,0.0
1.0,0.0,0.0,2.0,1.0,1.0,1.0,1.0,1.0,1,1.0,1.0,1,0.0,0.0,1.0,1,2.0,1.0,1.0,1.0,1.0,1.0,2.0,2.0,1.0,0,1.0,1,0,1.0,0,0,2.0,0.0,0.0,1.0,0.0,1.0,1.0,1,1.0,1.0,1.0,1.0,1,1.0,0,0.0,0.0,0.0,0.0,0.0,1.0,1.0,0.0,0.0,0.0,0.0,0.0,0,0.0,0.0,1.0,0.0,0,0.0,1.0,1.0,1.0,2.0,0.0,0,0.0,0.0,1.0,0.0,0,0.0,0.0,0.0,0.0,0.0,0,0.0,0.0,0.0,1.0,1.0,0,1.0,0.0,0,1,1.0,1.0,1.0,0.0,2.0,2.0,0.0
0.0,1.0,0.0,2.0,1.0,1.0,2.0,0.0,0.0,0,0.0,0.0,0,0.0,0.0,1.0,1,1.0,0.0,0.0,0.0,0.0,0.0,1.0,0.0,1.0,0,0.0,0,0,1.0,1,0,1.0,0.0,0.0,2.0,1.0,1.0,1.0,1,1.0,1.0,0.0,1.0,0,1.0,1,1.0,1.0,1.0,1.0,1.0,2.0,0.0,1.0,1.0,1.0,1.0,0.0,0,0.0,0.0,0.0,1.0,2,1.0,1.0,1.0,1.0,2.0,0.0,0,0.0,1.0,1.0,1.0,1,0.0,2.0,0.0,0.0,0.0,0,0.0,0.0,0.0,0.0,0.0,0,0.0,0.0,0,1,1.0,1.0,0.0,0.0,1.0,1.0,0.0
2.0,0.0,0.0,1.0,1.0,1.0,0.0,2.0,2.0,2,2.0,2.0,2,0.0,0.0,0.0,0,1.0,0.0,0.0,0.0,0.0,0.0,1.0,1.0,0.0,1,1.0,1,1,1.0,0,1,0.0,0.0,0.0,1.0,1.0,1.0,1.0,1,1.0,0.0,0.0,0.0,1,1.0,0,0.0,0.0,0.0,0.0,0.0,,2.0,0.0,0.0,0.0,0.0,0.0,1,1.0,1.0,,0.0,0,0.0,0.0,0.0,0.0,1.0,0.0,0,0.0,0.0,1.0,0.0,0,1.0,1.0,0.0,0.0,0.0,0,0.0,1.0,1.0,0.0,1.0,0,0.0,0.0,0,0,0.0,0.0,0.0,0.0,1.0,1.0,0.0
1.0,0.0,0.0,0.0,0.0,0.0,1.0,0.0,,0,0.0,0.0,0,0.0,0.0,0.0,0,0.0,0.0,1.0,1.0,1.0,1.0,1.0,0.0,2.0,0,0.0,0,0,0.0,0,0,2.0,0.0,0.0,0.0,1.0,1.0,1.0,1,1.0,1.0,0.0,0.0,0,0.0,0,0.0,0.0,0.0,0.0,0.0,0.0,1.0,1.0,1.0,1.0,1.0,1.0,0,0.0,0.0,0.0,1.0,1,1.0,1.0,1.0,1.0,1.0,1.0,1,1.0,1.0,0.0,0.0,0,0.0,1.0,1.0,1.0,0.0,0,0.0,1.0,1.0,2.0,1.0,0,1.0,0.0,0,0,0.0,0.0,0.0,1.0,0.0,0.0,0.0
0.0,0.0,0.0,1.0,1.0,0.0,1.0,0.0,0.0,0,0.0,0.0,0,0.0,0.0,0.0,0,2.0,0.0,0.0,0.0,0.0,0.0,2.0,1.0,1.0,0,0.0,0,0,1.0,1,0,0.0,0.0,0.0,2.0,1.0,2.0,2.0,2,2.0,2.0,0.0,0.0,2,0.0,1,1.0,1.0,1.0,1.0,1.0,1.0,0.0,0.0,0.0,0.0,0.0,0.0,1,1.0,1.0,1.0,1.0,1,0.0,1.0,1.0,1.0,1.0,0.0,0,0.0,1.0,0.0,0.0,0,0.0,1.0,0.0,0.0,0.0,0,0.0,1.0,2.0,1.0,0.0,0,0.0,0.0,0,1,1.0,1.0,0.0,0.0,0.0,1.0,0.0
2.0,0.0,0.0,1.0,1.0,1.0,0.0,1.0,1.0,1,1.0,1.0,1,0.0,0.0,0.0,0,1.0,1.0,1.0,1.0,1.0,1.0,1.0,1.0,1.0,0,0.0,0,0,0.0,0,0,2.0,0.0,0.0,0.0,0.0,1.0,1.0,1,1.0,1.0,1.0,2.0,0,2.0,0,0.0,0.0,0.0,0.0,0.0,1.0,2.0,1.0,0.0,1.0,0.0,1.0,0,0.0,0.0,0.0,2.0,2,1.0,1.0,1.0,1.0,2.0,0.0,0,0.0,0.0,1.0,1.0,0,1.0,1.0,0.0,0.0,1.0,1,1.0,1.0,1.0,1.0,0.0,0,2.0,0.0,0,0,0.0,0.0,0.0,0.0,0.0,0.0,1.0
1.0,1.0,0.0,0.0,0.0,2.0,0.0,0.0,0.0,0,0.0,0.0,0,0.0,0.0,1.0,1,2.0,1.0,1.0,1.0,1.0,1.0,0.0,0.0,1.0,1,1.0,1,1,0.0,0,0,2.0,0.0,0.0,1.0,1.0,2.0,2.0,2,2.0,2.0,0.0,1.0,1,1.0,0,0.0,0.0,0.0,0.0,0.0,0.0,0.0,0.0,0.0,0.0,0.0,0.0,2,2.0,2.0,2.0,1.0,1,1.0,0.0,0.0,0.0,1.0,2.0,0,0.0,0.0,0.0,0.0,0,1.0,0.0,0.0,0.0,1.0,1,1.0,1.0,1.0,1.0,1.0,0,0.0,0.0,0,1,1.0,1.0,0.0,2.0,2.0,2.0,1.0
0.0,0.0,0.0,0.0,1.0,1.0,1.0,1.0,1.0,1,1.0,1.0,1,0.0,0.0,0.0,0,1.0,0.0,1.0,1.0,1.0,1.0,0.0,0.0,1.0,1,1.0,1,1,0.0,0,0,2.0,0.0,0.0,1.0,2.0,1.0,1.0,1,1.0,1.0,0.0,0.0,0,1.0,0,0.0,0.0,0.0,0.0,0.0,0.0,0.0,1.0,0.0,1.0,0.0,0.0,1,1.0,1.0,1.0,1.0,1,1.0,2.0,2.0,2.0,1.0,0.0,0,0.0,0.0,0.0,0.0,0,2.0,0.0,0.0,0.0,0.0,0,0.0,0.0,0.0,2.0,0.0,0,1.0,0.0,0,0,0.0,0.0,0.0,1.0,1.0,1.0,0.0
1.0,0.0,1.0,1.0,2.0,0.0,0.0,0.0,0.0,0,0.0,0.0,0,0.0,0.0,1.0,1,1.0,1.0,1.0,1.0,1.0,1.0,1.0,0.0,1.0,1,1.0,1,1,0.0,0,1,1.0,0.0,0.0,1.0,2.0,1.0,1.0,1,1.0,1.0,0.0,0.0,0,1.0,0,0.0,0.0,0.0,0.0,0.0,2.0,0.0,1.0,1.0,1.0,1.0,0.0,1,1.0,1.0,1.0,2.0,2,1.0,2.0,2.0,2.0,2.0,0.0,0,0.0,0.0,1.0,1.0,0,1.0,0.0,1.0,1.0,0.0,0,0.0,2.0,1.0,1.0,1.0,0,0.0,0.0,0,1,1.0,1.0,0.0,1.0,1.0,1.0,1.0
0.0,0.0,0.0,0.0,0.0,0.0,1.0,1.0,1.0,1,1.0,1.0,1,0.0,0.0,0.0,0,0.0,0.0,0.0,0.0,0.0,0.0,1.0,1.0,1.0,0,0.0,0,0,0.0,1,1,1.0,0.0,0.0,0.0,1.0,1.0,1.0,1,1.0,1.0,1.0,0.0,0,2.0,0,0.0,0.0,0.0,0.0,0.0,0.0,0.0,1.0,1.0,1.0,1.0,1.0,1,1.0,1.0,1.0,1.0,1,1.0,0.0,0.0,0.0,1.0,0.0,0,0.0,0.0,1.0,0.0,0,0.0,0.0,0.0,0.0,0.0,0,0.0,0.0,0.0,1.0,1.0,1,0.0,0.0,0,1,1.0,1.0,1.0,0.0,2.0,2.0,1.0
0.0,1.0,0.0,0.0,0.0,1.0,1.0,0.0,0.0,0,0.0,0.0,0,0.0,0.0,0.0,0,2.0,1.0,1.0,1.0,1.0,1.0,0.0,0.0,1.0,0,0.0,0,0,0.0,0,0,0.0,0.0,0.0,1.0,1.0,1.0,1.0,1,2.0,2.0,1.0,1.0,1,0.0,0,0.0,0.0,0.0,0.0,0.0,0.0,1.0,1.0,1.0,1.0,1.0,1.0,1,1.0,1.0,1.0,0.0,0,0.0,1.0,1.0,2.0,1.0,1.0,0,0.0,0.0,1.0,1.0,1,0.0,1.0,0.0,0.0,1.0,1,1.0,1.0,0.0,0.0,0.0,0,1.0,0.0,0,1,1.0,1.0,1.0,0.0,2.0,2.0,1.0
1.0,0.0,1.0,0.0,0.0,,0.0,0.0,0.0,0,0.0,0.0,0,0.0,1.0,0.0,0,1.0,0.0,0.0,0.0,0.0,0.0,0.0,0.0,0.0,0,0.0,0,0,0.0,0,0,0.0,0.0,0.0,2.0,0.0,1.0,1.0,1,1.0,1.0,0.0,0.0,1,1.0,0,0.0,0.0,0.0,0.0,0.0,0.0,0.0,0.0,0.0,0.0,0.0,0.0,0,0.0,0.0,0.0,1.0,0,0.0,1.0,1.0,1.0,2.0,0.0,0,0.0,0.0,1.0,0.0,0,0.0,1.0,0.0,0.0,1.0,1,1.0,1.0,1.0,0.0,1.0,0,0.0,0.0,0,1,1.0,1.0,0.0,1.0,1.0,1.0,1.0
1.0,0.0,1.0,1.0,1.0,1.0,1.0,1.0,1.0,1,1.0,1.0,1,0.0,0.0,0.0,0,2.0,0.0,0.0,0.0,0.0,0.0,2.0,0.0,1.0,0,0.0,0,0,0.0,0,1,1.0,0.0,0.0,1.0,1.0,1.0,1.0,1,1.0,1.0,0.0,0.0,2,0.0,0,0.0,0.0,0.0,0.0,0.0,0.0,0.0,1.0,0.0,1.0,0.0,0.0,1,1.0,1.0,1.0,1.0,1,0.0,0.0,0.0,,2.0,1.0,0,0.0,0.0,0.0,0.0,0,0.0,1.0,0.0,0.0,1.0,1,1.0,1.0,0.0,0.0,0.0,0,0.0,0.0,0,2,2.0,2.0,0.0,1.0,0.0,0.0,1.0
1.0,1.0,1.0,1.0,1.0,1.0,0.0,1.0,1.0,1,1.0,1.0,1,0.0,0.0,2.0,2,1.0,1.0,1.0,1.0,1.0,1.0,1.0,0.0,0.0,0,0.0,0,0,0.0,1,0,0.0,0.0,0.0,2.0,0.0,2.0,2.0,2,2.0,,2.0,1.0,2,0.0,0,0.0,,0.0,0.0,0.0,0.0,0.0,0.0,0.0,0.0,0.0,0.0,1,1.0,1.0,1.0,2.0,2,1.0,0.0,0.0,0.0,0.0,0.0,1,1.0,1.0,1.0,1.0,1,0.0,1.0,0.0,0.0,0.0,0,0.0,1.0,1.0,0.0,,1,1.0,0.0,0,2,2.0,2.0,0.0,0.0,1.0,2.0,1.0
1.0,0.0,2.0,1.0,0.0,1.0,1.0,0.0,0.0,0,0.0,0.0,0,0.0,0.0,1.0,1,0.0,1.0,1.0,1.0,1.0,1.0,0.0,1.0,0.0,1,1.0,1,1,1.0,0,0,1.0,0.0,0.0,0.0,1.0,1.0,1.0,1,1.0,1.0,0.0,1.0,1,0.0,0,0.0,0.0,0.0,0.0,0.0,1.0,1.0,1.0,1.0,1.0,1.0,0.0,1,1.0,1.0,1.0,0.0,0,1.0,1.0,1.0,1.0,1.0,1.0,0,0.0,0.0,0.0,0.0,0,0.0,1.0,0.0,0.0,0.0,0,0.0,0.0,0.0,0.0,0.0,0,0.0,0.0,0,1,1.0,1.0,0.0,0.0,1.0,1.0,1.0
2.0,0.0,0.0,1.0,0.0,1.0,0.0,1.0,1.0,1,1.0,1.0,1,1.0,0.0,1.0,1,1.0,1.0,1.0,1.0,1.0,1.0,1.0,1.0,2.0,0,0.0,0,0,0.0,0,0,2.0,0.0,0.0,1.0,1.0,0.0,0.0,0,0.0,0.0,0.0,1.0,1,1.0,0,0.0,0.0,0.0,0.0,0.0,0.0,0.0,0.0,0.0,0.0,0.0,0.0,0,0.0,0.0,0.0,0.0,0,0.0,1.0,1.0,1.0,0.0,0.0,0,0.0,0.0,1.0,0.0,0,0.0,2.0,0.0,0.0,0.0,0,0.0,0.0,0.0,2.0,0.0,0,0.0,0.0,0,0,0.0,0.0,0.0,0.0,1.0,1.0,0.0
2.0,0.0,0.0,0.0,0.0,1.0,0.0,1.0,1.0,1,1.0,1.0,1,0.0,1.0,1.0,1,1.0,1.0,1.0,1.0,1.0,1.0,0.0,0.0,1.0,0,0.0,0,0,1.0,1,0,1.0,0.0,0.0,1.0,2.0,1.0,1.0,1,1.0,1.0,2.0,0.0,2,0.0,0,0.0,0.0,0.0,0.0,0.0,0.0,0.0,1.0,1.0,1.0,1.0,0.0,1,1.0,1.0,1.0,2.0,2,0.0,1.0,1.0,1.0,2.0,0.0,1,1.0,1.0,2.0,1.0,1,0.0,1.0,0.0,0.0,1.0,1,1.0,2.0,2.0,0.0,1.0,0,0.0,0.0,0,1,1.0,1.0,0.0,0.0,1.0,1.0,1.0
0.0,0.0,0.0,1.0,0.0,2.0,0.0,0.0,0.0,0,0.0,0.0,0,0.0,0.0,1.0,1,0.0,0.0,0.0,0.0,0.0,0.0,0.0,1.0,0.0,1,1.0,1,1,2.0,0,0,2.0,0.0,0.0,2.0,0.0,1.0,1.0,1,1.0,1.0,2.0,0.0,2,0.0,0,0.0,0.0,0.0,0.0,0.0,2.0,1.0,0.0,0.0,0.0,0.0,0.0,1,1.0,1.0,1.0,0.0,0,2.0,0.0,,0.0,0.0,1.0,0,0.0,1.0,0.0,1.0,0,0.0,0.0,0.0,0.0,0.0,0,0.0,1.0,1.0,0.0,1.0,0,0.0,0.0,0,1,1.0,1.0,1.0,1.0,0.0,0.0,0.0
1.0,0.0,0.0,0.0,0.0,1.0,,0.0,,0,0.0,0.0,0,0.0,0.0,0.0,0,2.0,0.0,0.0,0.0,0.0,1.0,0.0,0.0,0.0,0,0.0,0,0,0.0,1,0,1.0,0.0,0.0,2.0,1.0,1.0,1.0,1,1.0,1.0,0.0,0.0,1,1.0,0,0.0,0.0,0.0,0.0,0.0,1.0,1.0,2.0,1.0,2.0,1.0,1.0,1,1.0,1.0,1.0,1.0,1,1.0,1.0,1.0,1.0,0.0,1.0,0,0.0,0.0,0.0,2.0,1,1.0,1.0,0.0,0.0,0.0,0,0.0,1.0,1.0,1.0,0.0,0,1.0,0.0,0,0,0.0,0.0,0.0,0.0,1.0,1.0,0.0
2.0,0.0,1.0,0.0,1.0,0.0,0.0,1.0,1.0,1,1.0,,1,0.0,0.0,1.0,1,0.0,0.0,0.0,0.0,0.0,0.0,1.0,0.0,0.0,0,0.0,0,0,1.0,0,0,0.0,0.0,0.0,2.0,0.0,2.0,2.0,2,2.0,2.0,0.0,0.0,0,1.0,0,0.0,1.0,0.0,0.0,0.0,0.0,1.0,1.0,1.0,1.0,1.0,1.0,1,1.0,1.0,1.0,1.0,1,0.0,0.0,0.0,0.0,1.0,1.0,0,0.0,0.0,0.0,1.0,0,2.0,1.0,0.0,0.0,0.0,0,0.0,1.0,1.0,0.0,0.0,0,1.0,0.0,0,0,0.0,0.0,1.0,0.0,0.0,1.0,1.0
0.0,0.0,0.0,0.0,1.0,0.0,1.0,1.0,1.0,1,1.0,1.0,1,0.0,0.0,0.0,0,0.0,1.0,0.0,0.0,0.0,0.0,0.0,1.0,0.0,0,1.0,1,0,0.0,1,0,2.0,0.0,0.0,1.0,0.0,0.0,0.0,0,0.0,0.0,1.0,0.0,2,0.0,0,0.0,,0.0,0.0,0.0,0.0,1.0,0.0,0.0,0.0,0.0,0.0,1,1.0,1.0,1.0,1.0,1,1.0,0.0,0.0,0.0,0.0,1.0,1,1.0,1.0,0.0,1.0,1,1.0,0.0,0.0,0.0,0.0,0,0.0,1.0,1.0,1.0,0.0,0,0.0,0.0,0,1,1.0,1.0,0.0,0.0,0.0,0.0,0.0
2.0,0.0,0.0,0.0,0.0,1.0,1.0,0.0,0.0,0,0.0,0.0,0,0.0,0.0,1.0,1,1.0,0.0,0.0,0.0,0.0,0.0,0.0,0.0,1.0,1,1.0,1,1,0.0,0,0,1.0,1.0,1.0,1.0,1.0,1.0,1.0,1,1.0,1.0,1.0,2.0,0,0.0,0,0.0,0.0,0.0,0.0,0.0,1.0,1.0,1.0,1.0,1.0,1.0,1.0,1,1.0,1.0,1.0,0.0,0,1.0,1.0,1.0,1.0,0.0,0.0,1,1.0,1.0,1.0,0.0,0,1.0,2.0,0.0,0.0,0.0,0,0.0,0.0,0.0,1.0,1.0,0,1.0,0.0,0,0,0.0,0.0,0.0,0.0,1.0,1.0,1.0
1.0,0.0,0.0,1.0,1.0,1.0,0.0,0.0,0.0,0,0.0,0.0,0,0.0,0.0,1.0,1,0.0,0.0,0.0,0.0,0.0,0.0,0.0,0.0,0.0,0,0.0,0,0,0.0,1,0,0.0,0.0,0.0,2.0,1.0,1.0,1.0,1,1.0,1.0,0.0,0.0,0,2.0,0,0.0,0.0,0.0,0.0,0.0,1.0,1.0,0.0,0.0,0.0,0.0,0.0,2,2.0,2.0,2.0,0.0,0,1.0,0.0,0.0,0.0,2.0,0.0,0,0.0,0.0,0.0,0.0,0,0.0,0.0,0.0,0.0,0.0,0,0.0,1.0,2.0,0.0,1.0,0,1.0,0.0,0,2,2.0,2.0,1.0,1.0,0.0,1.0,1.0
1.0,0.0,0.0,0.0,1.0,1.0,0.0,1.0,1.0,1,1.0,1.0,1,0.0,0.0,0.0,0,1.0,1.0,0.0,0.0,0.0,0.0,2.0,0.0,0.0,0,0.0,0,0,1.0,1,0,0.0,0.0,0.0,1.0,1.0,2.0,2.0,2,2.0,1.0,0.0,0.0,0,2.0,0,0.0,0.0,0.0,0.0,0.0,1.0,1.0,1.0,1.0,1.0,1.0,0.0,1,1.0,1.0,1.0,0.0,0,0.0,2.0,2.0,2.0,1.0,1.0,0,0.0,0.0,1.0,0.0,0,0.0,0.0,1.0,1.0,0.0,0,0.0,0.0,0.0,2.0,0.0,1,0.0,,1,1,1.0,1.0,1.0,1.0,1.0,1.0,0.0
1.0,0.0,1.0,0.0,1.0,0.0,1.0,0.0,0.0,0,0.0,0.0,0,0.0,0.0,1.0,1,0.0,1.0,0.0,0.0,0.0,0.0,1.0,2.0,1.0,1,1.0,1,1,1.0,0,0,0.0,0.0,0.0,0.0,2.0,0.0,0.0,0,0.0,0.0,1.0,0.0,1,1.0,0,0.0,0.0,0.0,0.0,0.0,1.0,0.0,1.0,1.0,1.0,1.0,1.0,1,1.0,1.0,1.0,1.0,1,1.0,1.0,1.0,1.0,0.0,0.0,0,0.0,0.0,1.0,0.0,0,0.0,0.0,0.0,0.0,0.0,0,0.0,0.0,0.0,0.0,1.0,0,2.0,0.0,0,1,1.0,1.0,0.0,0.0,0.0,0.0,1.0
0.0,0.0,1.0,1.0,1.0,0.0,,0.0,1.0,0,0.0,0.0,0,0.0,0.0,1.0,1,1.0,0.0,0.0,0.0,0.0,0.0,0.0,1.0,0.0,0,2.0,1,0,0.0,1,0,1.0,2.0,1.0,1.0,1.0,1.0,1.0,1,1.0,1.0,1.0,2.0,1,0.0,0,0.0,0.0,0.0,0.0,0.0,1.0,0.0,1.0,1.0,1.0,1.0,1.0,0,0.0,0.0,0.0,0.0,0,2.0,1.0,1.0,1.0,1.0,0.0,0,0.0,0.0,0.0,0.0,0,0.0,0.0,0.0,0.0,0.0,0,0.0,0.0,0.0,,0.0,0,0.0,0.0,0,0,0.0,,0.0,2.0,0.0,0.0,1.0
2.0,0.0,1.0,0.0,0.0,1.0,1.0,1.0,1.0,1,1.0,1.0,1,0.0,0.0,0.0,0,0.0,0.0,0.0,0.0,0.0,0.0,2.0,0.0,0.0,1,1.0,1,1,0.0,1,0,2.0,0.0,0.0,0.0,0.0,0.0,0.0,0,0.0,0.0,0.0,0.0,1,1.0,1,1.0,1.0,1.0,1.0,1.0,0.0,0.0,1.0,1.0,1.0,1.0,0.0,1,1.0,1.0,1.0,1.0,1,0.0,0.0,0.0,0.0,0.0,0.0,0,0.0,0.0,1.0,1.0,1,1.0,1.0,0.0,0.0,1.0,1,1.0,2.0,2.0,0.0,2.0,0,1.0,0.0,0,0,0.0,0.0,0.0,,0.0,0.0,0.0
0.0,0.0,1.0,0.0,1.0,1.0,0.0,1.0,1.0,1,1.0,1.0,1,1.0,0.0,1.0,1,1.0,0.0,0.0,0.0,0.0,0.0,0.0,1.0,1.0,1,1.0,1,1,0.0,0,0,1.0,1.0,1.0,2.0,1.0,2.0,2.0,2,2.0,2.0,1.0,1.0,0,1.0,0,0.0,0.0,0.0,0.0,0.0,2.0,2.0,0.0,0.0,0.0,0.0,0.0,1,1.0,1.0,1.0,1.0,1,1.0,2.0,2.0,2.0,1.0,0.0,0,0.0,0.0,1.0,0.0,0,0.0,1.0,0.0,0.0,0.0,0,0.0,1.0,1.0,1.0,1.0,0,1.0,0.0,0,0,0.0,0.0,0.0,0.0,1.0,1.0,1.0
2.0,1.0,0.0,0.0,0.0,2.0,0.0,1.0,1.0,1,1.0,2.0,1,1.0,0.0,1.0,1,2.0,1.0,0.0,0.0,0.0,0.0,2.0,0.0,2.0,0,0.0,0,0,0.0,0,0,2.0,0.0,0.0,2.0,2.0,1.0,1.0,1,1.0,1.0,0.0,1.0,1,1.0,0,0.0,0.0,0.0,0.0,0.0,2.0,1.0,0.0,0.0,0.0,,1.0,0,0.0,0.0,0.0,0.0,0,1.0,0.0,0.0,0.0,1.0,1.0,0,0.0,0.0,0.0,0.0,0,0.0,0.0,0.0,0.0,0.0,0,0.0,1.0,1.0,1.0,1.0,0,0.0,0.0,0,1,1.0,1.0,0.0,0.0,1.0,1.0,0.0
1.0,0.0,1.0,1.0,0.0,1.0,2.0,0.0,,0,0.0,0.0,0,0.0,0.0,0.0,0,1.0,0.0,0.0,0.0,0.0,0.0,0.0,1.0,0.0,0,1.0,0,0,0.0,0,1,0.0,1.0,1.0,1.0,1.0,1.0,1.0,1,1.0,1.0,1.0,0.0,1,1.0,0,0.0,0.0,0.0,0.0,0.0,1.0,1.0,0.0,0.0,0.0,0.0,0.0,0,0.0,0.0,0.0,1.0,1,0.0,2.0,2.0,2.0,1.0,1.0,0,0.0,0.0,1.0,0.0,0,,1.0,0.0,0.0,0.0,0,0.0,2.0,2.0,1.0,0.0,0,1.0,0.0,0,1,0.0,0.0,1.0,0.0,2.0,2.0,0.0
0.0,0.0,1.0,1.0,0.0,1.0,0.0,0.0,0.0,0,0.0,0.0,0,0.0,0.0,2.0,2,1.0,1.0,0.0,0.0,0.0,0.0,1.0,1.0,1.0,0,0.0,0,0,1.0,0,0,1.0,0.0,0.0,1.0,0.0,1.0,1.0,1,1.0,1.0,0.0,0.0,0,0.0,2,2.0,2.0,2.0,2.0,2.0,0.0,1.0,1.0,0.0,1.0,0.0,1.0,0,0.0,0.0,0.0,1.0,2,2.0,1.0,1.0,1.0,0.0,2.0,1,1.0,1.0,0.0,1.0,1,0.0,0.0,0.0,0.0,0.0,0,0.0,1.0,1.0,1.0,0.0,1,2.0,0.0,0,0,0.0,0.0,2.0,0.0,1.0,1.0,0.0
1.0,1.0,0.0,0.0,0.0,0.0,0.0,0.0,0.0,0,0.0,0.0,0,0.0,0.0,0.0,0,0.0,0.0,0.0,0.0,0.0,0.0,0.0,0.0,0.0,0,0.0,0,0,1.0,0,0,1.0,0.0,0.0,0.0,0.0,0.0,0.0,0,0.0,0.0,0.0,1.0,0,2.0,0,0.0,0.0,0.0,0.0,0.0,0.0,0.0,0.0,0.0,0.0,0.0,0.0,0,0.0,0.0,0.0,1.0,1,0.0,2.0,2.0,2.0,0.0,1.0,0,0.0,1.0,1.0,0.0,0,,2.0,0.0,0.0,0.0,0,0.0,1.0,1.0,,1.0,0,2.0,0.0,0,0,0.0,0.0,1.0,0.0,1.0,1.0,0.0
1.0,0.0,1.0,2.0,0.0,0.0,1.0,0.0,0.0,0,0.0,0.0,0,1.0,0.0,0.0,0,0.0,1.0,1.0,1.0,1.0,,2.0,0.0,2.0,0,0.0,0,0,1.0,1,0,0.0,0.0,0.0,1.0,0.0,2.0,2.0,2,2.0,2.0,0.0,1.0,0,,1,1.0,1.0,1.0,1.0,1.0,1.0,2.0,0.0,0.0,1.0,0.0,0.0,2,2.0,2.0,2.0,1.0,1,1.0,2.0,2.0,2.0,1.0,1.0,0,0.0,0.0,1.0,1.0,1,0.0,0.0,0.0,0.0,0.0,0,0.0,1.0,1.0,1.0,1.0,1,1.0,0.0,0,0,0.0,0.0,0.0,0.0,1.0,1.0,0.0
0.0,0.0,0.0,1.0,0.0,1.0,1.0,0.0,0.0,0,0.0,0.0,0,0.0,0.0,1.0,1,1.0,0.0,0.0,0.0,0.0,0.0,1.0,0.0,1.0,0,0.0,0,0,0.0,0,0,1.0,0.0,0.0,2.0,1.0,1.0,1.0,1,1.0,1.0,1.0,0.0,2,0.0,0,0.0,0.0,0.0,0.0,0.0,0.0,0.0,0.0,0.0,0.0,0.0,0.0,1,1.0,1.0,1.0,1.0,1,0.0,0.0,0.0,0.0,1.0,1.0,0,0.0,0.0,0.0,1.0,1,1.0,1.0,1.0,1.0,1.0,1,1.0,1.0,1.0,0.0,0.0,0,1.0,1.0,1,1,1.0,1.0,0.0,1.0,1.0,1.0,0.0
0.0,1.0,0.0,1.0,2.0,0.0,2.0,0.0,0.0,0,0.0,0.0,0,0.0,0.0,1.0,1,2.0,0.0,0.0,0.0,0.0,0.0,1.0,0.0,0.0,1,1.0,1,1,1.0,1,0,0.0,0.0,0.0,1.0,1.0,1.0,1.0,1,1.0,1.0,1.0,1.0,0,1.0,0,0.0,0.0,0.0,0.0,0.0,0.0,1.0,1.0,1.0,1.0,1.0,1.0,2,2.0,2.0,2.0,0.0,0,1.0,1.0,1.0,1.0,1.0,0.0,0,0.0,0.0,1.0,1.0,1,1.0,1.0,0.0,0.0,0.0,0,0.0,1.0,1.0,0.0,0.0,0,0.0,0.0,0,1,1.0,1.0,0.0,0.0,1.0,1.0,0.0
1.0,1.0,1.0,1.0,2.0,0.0,0.0,0.0,0.0,0,0.0,0.0,0,0.0,0.0,0.0,0,0.0,0.0,0.0,0.0,0.0,0.0,2.0,,0.0,0,0.0,0,0,0.0,2,0,1.0,0.0,0.0,1.0,0.0,2.0,2.0,2,2.0,2.0,1.0,0.0,1,1.0,1,1.0,1.0,1.0,1.0,1.0,0.0,0.0,1.0,1.0,1.0,1.0,1.0,1,1.0,1.0,1.0,2.0,2,1.0,0.0,0.0,0.0,2.0,1.0,1,1.0,1.0,0.0,0.0,0,1.0,1.0,0.0,0.0,0.0,1,1.0,1.0,0.0,1.0,1.0,0,0.0,0.0,0,2,2.0,2.0,1.0,1.0,0.0,1.0,0.0
0.0,0.0,0.0,0.0,1.0,0.0,1.0,0.0,0.0,0,0.0,0.0,0,0.0,0.0,1.0,1,2.0,0.0,0.0,0.0,0.0,0.0,1.0,1.0,1.0,0,0.0,0,0,0.0,0,0,0.0,0.0,0.0,2.0,0.0,1.0,1.0,1,1.0,1.0,1.0,1.0,1,,0,0.0,0.0,1.0,1.0,1.0,1.0,0.0,1.0,1.0,1.0,1.0,0.0,2,2.0,2.0,2.0,0.0,1,0.0,0.0,0.0,0.0,1.0,0.0,0,0.0,0.0,0.0,1.0,1,1.0,0.0,1.0,1.0,0.0,0,0.0,0.0,0.0,1.0,1.0,0,1.0,0.0,0,2,2.0,2.0,0.0,0.0,1.0,1.0,0.0
0.0,0.0,1.0,1.0,0.0,1.0,0.0,2.0,2.0,2,2.0,2.0,2,0.0,0.0,1.0,1,1.0,1.0,1.0,1.0,1.0,1.0,0.0,2.0,0.0,0,0.0,0,0,0.0,0,0,1.0,0.0,0.0,1.0,0.0,1.0,1.0,1,1.0,1.0,1.0,1.0,0,2.0,0,0.0,0.0,0.0,0.0,0.0,0.0,2.0,0.0,0.0,0.0,0.0,1.0,1,1.0,1.0,1.0,2.0,2,1.0,1.0,1.0,1.0,1.0,2.0,0,0.0,0.0,0.0,1.0,1,1.0,,0.0,0.0,0.0,0,0.0,1.0,1.0,0.0,0.0,0,1.0,0.0,0,1,1.0,1.0,1.0,0.0,0.0,0.0,1.0
1.0,0.0,0.0,1.0,1.0,1.0,1.0,0.0,0.0,0,0.0,0.0,0,0.0,1.0,1.0,1,0.0,0.0,0.0,0.0,0.0,0.0,0.0,0.0,0.0,2,2.0,2,2,0.0,0,1,0.0,0.0,0.0,1.0,2.0,1.0,1.0,1,1.0,1.0,1.0,0.0,1,1.0,0,0.0,0.0,0.0,0.0,0.0,2.0,1.0,,0.0,0.0,0.0,1.0,0,0.0,0.0,0.0,2.0,2,1.0,1.0,1.0,1.0,1.0,0.0,0,0.0,0.0,1.0,0.0,0,0.0,1.0,0.0,0.0,0.0,0,0.0,0.0,0.0,0.0,1.0,0,0.0,0.0,0,2,2.0,2.0,0.0,1.0,0.0,1.0,1.0
1.0,0.0,2.0,0.0,0.0,0.0,0.0,0.0,0.0,0,0.0,0.0,0,0.0,0.0,1.0,1,1.0,0.0,0.0,0.0,0.0,0.0,0.0,1.0,0.0,1,1.0,1,1,1.0,0,1,1.0,1.0,1.0,1.0,1.0,0.0,0.0,0,0.0,0.0,1.0,1.0,0,0.0,1,1.0,1.0,1.0,1.0,1.0,0.0,2.0,0.0,0.0,0.0,0.0,0.0,2,2.0,2.0,2.0,1.0,1,1.0,0.0,0.0,0.0,0.0,1.0,0,0.0,0.0,1.0,0.0,0,0.0,0.0,0.0,0.0,0.0,0,0.0,1.0,1.0,0.0,1.0,0,0.0,0.0,0,1,1.0,1.0,2.0,2.0,1.0,1.0,1.0
0.0,1.0,2.0,0.0,1.0,,1.0,0.0,0.0,0,0.0,0.0,0,0.0,0.0,0.0,0,1.0,1.0,1.0,1.0,1.0,1.0,0.0,0.0,2.0,0,0.0,0,0,0.0,0,0,0.0,0.0,0.0,0.0,1.0,1.0,1.0,1,1.0,1.0,0.0,0.0,0,1.0,0,0.0,0.0,0.0,0.0,0.0,1.0,1.0,0.0,0.0,0.0,0.0,0.0,0,0.0,0.0,0.0,0.0,0,0.0,0.0,0.0,0.0,0.0,1.0,0,0.0,0.0,0.0,0.0,0,0.0,0.0,1.0,1.0,0.0,0,0.0,1.0,1.0,1.0,1.0,0,0.0,0.0,0,1,1.0,1.0,1.0,0.0,2.0,2.0,0.0
2.0,1.0,0.0,1.0,2.0,0.0,2.0,0.0,0.0,0,0.0,0.0,0,0.0,0.0,0.0,0,2.0,0.0,1.0,1.0,1.0,1.0,1.0,1.0,0.0,1,1.0,1,1,0.0,0,0,0.0,1.0,1.0,2.0,0.0,1.0,1.0,1,1.0,1.0,0.0,1.0,0,2.0,0,0.0,0.0,0.0,0.0,0.0,0.0,2.0,1.0,1.0,1.0,1.0,0.0,1,1.0,1.0,1.0,1.0,1,1.0,1.0,1.0,1.0,1.0,0.0,0,0.0,0.0,2.0,0.0,0,0.0,0.0,0.0,0.0,0.0,0,0.0,0.0,0.0,,1.0,1,0.0,0.0,0,0,0.0,0.0,1.0,0.0,1.0,1.0,1.0
0.0,0.0,0.0,2.0,2.0,0.0,1.0,0.0,0.0,0,0.0,0.0,0,0.0,0.0,2.0,2,0.0,0.0,0.0,0.0,0.0,0.0,1.0,1.0,0.0,0,0.0,0,0,0.0,2,0,2.0,1.0,1.0,0.0,1.0,0.0,0.0,0,1.0,1.0,0.0,0.0,1,0.0,0,0.0,0.0,0.0,0.0,0.0,0.0,0.0,0.0,0.0,0.0,0.0,2.0,1,1.0,1.0,2.0,1.0,1,0.0,0.0,0.0,0.0,2.0,0.0,0,0.0,0.0,1.0,1.0,1,0.0,0.0,0.0,0.0,0.0,0,0.0,0.0,0.0,0.0,1.0,0,0.0,0.0,0,0,0.0,0.0,0.0,0.0,0.0,1.0,1.0
1.0,1.0,0.0,1.0,1.0,1.0,0.0,2.0,2.0,2,,2.0,2,1.0,0.0,0.0,0,1.0,0.0,0.0,0.0,0.0,0.0,1.0,1.0,1.0,0,0.0,0,0,0.0,0,0,0.0,0.0,0.0,2.0,2.0,2.0,2.0,2,2.0,2.0,2.0,1.0,0,1.0,0,0.0,0.0,0.0,0.0,0.0,1.0,0.0,0.0,0.0,1.0,0.0,0.0,0,0.0,0.0,0.0,0.0,0,1.0,1.0,1.0,1.0,0.0,0.0,0,0.0,0.0,1.0,0.0,0,0.0,0.0,0.0,0.0,0.0,0,0.0,1.0,1.0,0.0,1.0,1,1.0,0.0,0,0,0.0,1.0,2.0,0.0,0.0,1.0,0.0
1.0,1.0,1.0,0.0,0.0,2.0,1.0,0.0,0.0,0,0.0,0.0,0,0.0,0.0,1.0,1,0.0,1.0,1.0,1.0,1.0,1.0,1.0,0.0,1.0,0,0.0,0,0,1.0,0,0,0.0,0.0,0.0,0.0,1.0,2.0,2.0,2,2.0,2.0,0.0,0.0,0,0.0,0,0.0,0.0,0.0,0.0,0.0,1.0,2.0,0.0,0.0,0.0,0.0,1.0,2,2.0,2.0,2.0,1.0,1,1.0,1.0,1.0,1.0,0.0,0.0,0,0.0,0.0,0.0,0.0,0,0.0,0.0,0.0,0.0,0.0,0,0.0,1.0,1.0,,1.0,0,0.0,0.0,0,1,1.0,1.0,1.0,0.0,1.0,1.0,1.0
1.0,0.0,0.0,0.0,0.0,2.0,1.0,0.0,0.0,0,0.0,0.0,0,0.0,0.0,0.0,0,2.0,0.0,1.0,1.0,1.0,1.0,0.0,0.0,0.0,0,0.0,0,0,2.0,0,0,1.0,1.0,1.0,1.0,2.0,1.0,1.0,1,1.0,1.0,0.0,0.0,1,0.0,1,1.0,1.0,1.0,1.0,1.0,2.0,1.0,1.0,0.0,1.0,0.0,0.0,1,1.0,1.0,1.0,1.0,1,1.0,0.0,0.0,0.0,1.0,1.0,0,0.0,0.0,2.0,1.0,1,0.0,0.0,0.0,0.0,0.0,1,0.0,1.0,1.0,2.0,1.0,0,0.0,0.0,0,1,1.0,1.0,0.0,0.0,0.0,0.0,0.0
1.0,0.0,0.0,0.0,,1.0,,0.0,0.0,0,0.0,0.0,0,0.0,0.0,1.0,1,1.0,0.0,0.0,0.0,0.0,0.0,0.0,1.0,2.0,0,0.0,0,0,1.0,0,0,2.0,0.0,0.0,2.0,1.0,2.0,1.0,1,1.0,1.0,1.0,0.0,0,2.0,0,0.0,0.0,0.0,0.0,0.0,2.0,1.0,0.0,1.0,1.0,1.0,0.0,0,0.0,0.0,0.0,1.0,1,0.0,2.0,2.0,2.0,1.0,1.0,0,0.0,0.0,0.0,0.0,0,0.0,0.0,0.0,0.0,0.0,0,0.0,1.0,1.0,1.0,0.0,1,0.0,1.0,1,0,0.0,1.0,0.0,0.0,0.0,0.0,0.0
0.0,1.0,0.0,1.0,1.0,,0.0,0.0,0.0,0,0.0,0.0,0,0.0,0.0,0.0,0,1.0,0.0,0.0,0.0,0.0,0.0,1.0,1.0,2.0,1,1.0,1,1,1.0,0,0,0.0,0.0,0.0,1.0,0.0,1.0,1.0,1,1.0,1.0,2.0,0.0,2,0.0,0,0.0,0.0,0.0,0.0,0.0,2.0,0.0,1.0,0.0,1.0,0.0,0.0,1,1.0,1.0,1.0,0.0,0,2.0,0.0,0.0,0.0,0.0,1.0,0,0.0,0.0,1.0,0.0,0,0.0,1.0,0.0,0.0,0.0,0,0.0,2.0,2.0,0.0,0.0,0,1.0,0.0,0,0,0.0,0.0,0.0,0.0,2.0,2.0,1.0
0.0,0.0,1.0,2.0,0.0,1.0,0.0,1.0,1.0,1,1.0,1.0,1,0.0,0.0,0.0,0,1.0,1.0,1.0,1.0,1.0,1.0,0.0,0.0,1.0,1,1.0,1,1,0.0,0,0,1.0,0.0,0.0,1.0,0.0,1.0,1.0,1,1.0,1.0,1.0,0.0,1,1.0,0,0.0,0.0,0.0,0.0,0.0,1.0,1.0,1.0,1.0,1.0,1.0,0.0,1,1.0,1.0,1.0,1.0,1,1.0,1.0,1.0,1.0,0.0,,0,0.0,0.0,1.0,0.0,0,0.0,1.0,0.0,0.0,0.0,0,0.0,,0.0,0.0,0.0,0,0.0,0.0,0,0,0.0,0.0,0.0,0.0,2.0,2.0,1.0
1.0,0.0,0.0,0.0,1.0,0.0,1.0,1.0,1.0,1,1.0,1.0,1,0.0,1.0,0.0,0,0.0,0.0,0.0,0.0,0.0,0.0,1.0,0.0,1.0,2,2.0,2,2,0.0,0,0,0.0,0.0,0.0,2.0,1.0,1.0,1.0,1,1.0,1.0,0.0,0.0,1,1.0,0,0.0,0.0,0.0,0.0,0.0,1.0,0.0,0.0,0.0,,0.0,0.0,1,1.0,1.0,1.0,1.0,1,0.0,0.0,0.0,0.0,0.0,0.0,0,0.0,0.0,0.0,2.0,2,1.0,1.0,0.0,0.0,0.0,0,0.0,1.0,1.0,1.0,0.0,0,1.0,0.0,0,1,1.0,1.0,1.0,1.0,1.0,1.0,0.0
1.0,0.0,0.0,0.0,0.0,1.0,,1.0,1.0,1,1.0,1.0,1,0.0,0.0,2.0,2,1.0,0.0,0.0,0.0,0.0,0.0,1.0,1.0,2.0,1,1.0,1,1,0.0,0,1,2.0,0.0,0.0,2.0,0.0,1.0,1.0,1,1.0,1.0,0.0,0.0,0,2.0,0,0.0,0.0,0.0,0.0,0.0,0.0,0.0,0.0,0.0,0.0,0.0,1.0,1,1.0,1.0,1.0,2.0,2,1.0,1.0,1.0,1.0,1.0,0.0,0,0.0,0.0,1.0,0.0,0,2.0,0.0,0.0,0.0,0.0,0,0.0,0.0,0.0,0.0,0.0,0,0.0,0.0,0,0,0.0,0.0,1.0,1.0,0.0,1.0,0.0
1.0,0.0,0.0,1.0,0.0,1.0,0.0,0.0,0.0,0,0.0,0.0,0,0.0,0.0,0.0,0,0.0,0.0,0.0,0.0,0.0,0.0,1.0,0.0,1.0,0,0.0,0,0,1.0,0,0,0.0,0.0,0.0,2.0,2.0,2.0,1.0,1,1.0,1.0,0.0,1.0,0,2.0,1,1.0,1.0,1.0,1.0,1.0,0.0,0.0,1.0,0.0,1.0,0.0,1.0,1,1.0,1.0,1.0,2.0,2,1.0,1.0,1.0,1.0,1.0,0.0,1,1.0,1.0,0.0,0.0,0,0.0,2.0,0.0,0.0,0.0,0,0.0,1.0,1.0,1.0,0.0,0,1.0,0.0,0,1,1.0,1.0,0.0,0.0,1.0,1.0,0.0
1.0,1.0,0.0,2.0,1.0,0.0,0.0,1.0,1.0,1,1.0,1.0,1,0.0,0.0,1.0,1,0.0,0.0,0.0,0.0,0.0,0.0,0.0,1.0,1.0,1,1.0,1,1,1.0,0,0,2.0,1.0,1.0,2.0,2.0,0.0,0.0,0,0.0,0.0,1.0,0.0,1,1.0,0,0.0,0.0,0.0,0.0,0.0,0.0,1.0,0.0,0.0,0.0,0.0,1.0,1,1.0,1.0,1.0,2.0,2,1.0,2.0,2.0,2.0,1.0,0.0,0,0.0,0.0,1.0,0.0,0,0.0,0.0,0.0,0.0,1.0,1,1.0,2.0,2.0,0.0,0.0,0,1.0,0.0,0,0,0.0,0.0,0.0,1.0,1.0,1.0,1.0
0.0,0.0,0.0,0.0,1.0,1.0,0.0,0.0,0.0,0,0.0,0.0,0,0.0,0.0,0.0,0,1.0,0.0,0.0,0.0,0.0,0.0,2.0,1.0,0.0,1,1.0,1,1,0.0,0,0,1.0,0.0,0.0,1.0,0.0,1.0,1.0,1,1.0,1.0,1.0,0.0,0,2.0,1,1.0,1.0,1.0,1.0,1.0,1.0,1.0,0.0,0.0,0.0,0.0,0.0,0,0.0,0.0,0.0,0.0,0,1.0,1.0,1.0,1.0,1.0,0.0,0,0.0,0.0,2.0,1.0,1,1.0,1.0,0.0,0.0,0.0,0,0.0,0.0,0.0,1.0,,0,0.0,0.0,0,1,1.0,1.0,1.0,1.0,0.0,0.0,0.0
1.0,0.0,0.0,1.0,0.0,0.0,0.0,1.0,1.0,1,1.0,1.0,1,0.0,0.0,0.0,0,1.0,0.0,0.0,0.0,0.0,0.0,1.0,1.0,1.0,0,0.0,0,0,1.0,1,0,1.0,0.0,0.0,1.0,0.0,1.0,1.0,1,1.0,1.0,1.0,0.0,2,0.0,0,0.0,0.0,0.0,0.0,0.0,2.0,0.0,0.0,0.0,0.0,0.0,0.0,2,2.0,2.0,2.0,2.0,2,0.0,1.0,1.0,1.0,0.0,1.0,0,0.0,0.0,1.0,1.0,1,0.0,0.0,1.0,1.0,0.0,0,0.0,1.0,1.0,1.0,1.0,1,0.0,0.0,0,1,1.0,1.0,1.0,0.0,0.0,0.0,0.0
0.0,0.0,1.0,2.0,0.0,1.0,0.0,1.0,1.0,1,0.0,1.0,1,0.0,0.0,1.0,1,1.0,1.0,1.0,1.0,1.0,1.0,0.0,1.0,2.0,1,1.0,1,1,1.0,0,0,2.0,0.0,0.0,1.0,2.0,0.0,0.0,0,0.0,0.0,0.0,1.0,0,1.0,1,1.0,1.0,1.0,1.0,1.0,0.0,0.0,0.0,0.0,0.0,0.0,1.0,0,0.0,0.0,0.0,0.0,0,1.0,0.0,0.0,0.0,1.0,1.0,0,0.0,0.0,0.0,0.0,0,0.0,0.0,0.0,0.0,1.0,0,0.0,1.0,1.0,1.0,0.0,0,1.0,0.0,0,0,0.0,0.0,1.0,0.0,0.0,1.0,0.0
0.0,0.0,0.0,1.0,0.0,1.0,1.0,0.0,0.0,0,0.0,0.0,0,0.0,0.0,0.0,0,0.0,0.0,0.0,0.0,0.0,0.0,1.0,0.0,0.0,0,0.0,0,0,1.0,0,0,0.0,1.0,1.0,1.0,0.0,0.0,0.0,0,0.0,0.0,1.0,0.0,0,1.0,0,0.0,0.0,0.0,0.0,0.0,1.0,1.0,1.0,1.0,1.0,,1.0,1,1.0,1.0,1.0,1.0,1,1.0,1.0,1.0,1.0,0.0,0.0,0,0.0,0.0,0.0,0.0,0,0.0,0.0,0.0,0.0,0.0,0,0.0,1.0,1.0,1.0,0.0,0,0.0,0.0,0,1,1.0,2.0,1.0,2.0,2.0,2.0,0.0
0.0,1.0,0.0,0.0,0.0,1.0,2.0,1.0,1.0,1,1.0,1.0,1,0.0,1.0,1.0,1,1.0,1.0,1.0,1.0,1.0,1.0,1.0,1.0,1.0,0,0.0,0,0,0.0,0,1,1.0,0.0,0.0,0.0,1.0,0.0,0.0,0,1.0,1.0,0.0,1.0,1,1.0,0,0.0,0.0,0.0,0.0,0.0,1.0,0.0,0.0,0.0,0.0,0.0,0.0,2,2.0,2.0,2.0,0.0,0,1.0,0.0,0.0,0.0,1.0,0.0,0,0.0,0.0,0.0,1.0,1,0.0,0.0,0.0,0.0,1.0,1,1.0,1.0,0.0,1.0,2.0,0,1.0,0.0,0,0,0.0,0.0,0.0,0.0,1.0,1.0,1.0
1.0,0.0,1.0,0.0,1.0,1.0,1.0,0.0,0.0,0,0.0,0.0,0,0.0,1.0,0.0,0,0.0,1.0,0.0,0.0,0.0,0.0,0.0,0.0,1.0,0,0.0,0,0,0.0,0,0,2.0,0.0,0.0,1.0,0.0,1.0,1.0,1,1.0,1.0,1.0,1.0,0,0.0,0,0.0,0.0,0.0,0.0,0.0,1.0,1.0,1.0,1.0,1.0,1.0,1.0,0,0.0,0.0,0.0,0.0,0,0.0,1.0,1.0,1.0,2.0,0.0,0,0.0,0.0,1.0,0.0,0,0.0,0.0,0.0,0.0,0.0,0,0.0,2.0,2.0,0.0,0.0,0,1.0,1.0,1,0,0.0,0.0,0.0,0.0,0.0,1.0,1.0
0.0,0.0,1.0,0.0,0.0,0.0,1.0,1.0,1.0,1,1.0,1.0,1,2.0,0.0,0.0,0,2.0,1.0,1.0,1.0,1.0,1.0,1.0,0.0,0.0,0,0.0,0,0,0.0,2,0,1.0,0.0,0.0,0.0,0.0,1.0,1.0,1,1.0,1.0,1.0,0.0,1,0.0,0,0.0,0.0,0.0,0.0,0.0,2.0,1.0,1.0,1.0,1.0,1.0,0.0,0,0.0,0.0,1.0,1.0,1,0.0,0.0,0.0,0.0,2.0,1.0,0,0.0,1.0,1.0,0.0,0,1.0,0.0,0.0,0.0,0.0,0,0.0,1.0,1.0,2.0,1.0,0,0.0,0.0,0,0,0.0,0.0,1.0,0.0,0.0,0.0,0.0
0.0,0.0,0.0,1.0,0.0,0.0,1.0,1.0,1.0,1,1.0,1.0,1,0.0,2.0,1.0,1,2.0,0.0,1.0,1.0,1.0,1.0,0.0,1.0,0.0,1,1.0,1,1,0.0,0,0,0.0,0.0,0.0,1.0,1.0,1.0,1.0,1,1.0,1.0,0.0,0.0,2,0.0,0,0.0,0.0,0.0,0.0,0.0,1.0,1.0,0.0,0.0,0.0,0.0,0.0,1,1.0,1.0,1.0,0.0,0,1.0,2.0,2.0,2.0,2.0,0.0,0,0.0,0.0,1.0,1.0,0,0.0,1.0,0.0,0.0,0.0,0,0.0,1.0,1.0,0.0,2.0,1,1.0,0.0,0,1,1.0,1.0,1.0,1.0,1.0,1.0,1.0
2.0,0.0,0.0,0.0,1.0,0.0,2.0,1.0,1.0,1,1.0,1.0,1,0.0,0.0,0.0,0,1.0,0.0,0.0,0.0,0.0,0.0,0.0,1.0,1.0,0,0.0,0,0,0.0,1,0,2.0,0.0,0.0,2.0,0.0,1.0,1.0,1,1.0,1.0,1.0,1.0,0,2.0,0,0.0,0.0,0.0,0.0,0.0,1.0,0.0,1.0,1.0,1.0,1.0,0.0,2,2.0,2.0,2.0,2.0,2,0.0,1.0,1.0,1.0,1.0,0.0,0,0.0,0.0,1.0,0.0,0,1.0,0.0,0.0,0.0,0.0,0,0.0,1.0,1.0,0.0,1.0,0,0.0,,1,0,0.0,0.0,1.0,2.0,2.0,2.0,1.0
1.0,0.0,0.0,1.0,1.0,0.0,0.0,0.0,0.0,0,0.0,0.0,0,2.0,0.0,1.0,1,0.0,1.0,1.0,1.0,1.0,1.0,2.0,0.0,0.0,1,1.0,1,1,0.0,1,1,0.0,1.0,1.0,0.0,2.0,1.0,1.0,1,1.0,1.0,0.0,0.0,1,1.0,1,1.0,1.0,0.0,0.0,0.0,0.0,0.0,2.0,2.0,2.0,2.0,1.0,0,0.0,1.0,0.0,2.0,2,0.0,1.0,1.0,1.0,2.0,1.0,0,0.0,0.0,2.0,1.0,0,1.0,1.0,0.0,0.0,0.0,0,0.0,2.0,2.0,1.0,1.0,1,2.0,0.0,0,2,2.0,2.0,0.0,1.0,2.0,2.0,1.0
0.0,0.0,0.0,0.0,1.0,0.0,0.0,1.0,1.0,1,1.0,1.0,1,0.0,0.0,1.0,1,0.0,0.0,1.0,1.0,1.0,1.0,2.0,0.0,1.0,0,0.0,0,0,1.0,0,0,1.0,0.0,0.0,2.0,2.0,0.0,0.0,0,0.0,0.0,0.0,1.0,0,1.0,0,0.0,0.0,0.0,0.0,0.0,0.0,1.0,0.0,0.0,0.0,0.0,1.0,1,1.0,1.0,1.0,0.0,0,1.0,1.0,1.0,1.0,0.0,1.0,0,0.0,0.0,1.0,1.0,1,2.0,0.0,0.0,0.0,0.0,0,0.0,1.0,2.0,2.0,0.0,0,1.0,0.0,0,0,0.0,0.0,0.0,1.0,0.0,0.0,0.0
2.0,0.0,1.0,1.0,0.0,0.0,1.0,0.0,0.0,0,0.0,0.0,0,0.0,1.0,0.0,0,1.0,1.0,1.0,1.0,1.0,1.0,2.0,0.0,0.0,1,1.0,1,1,0.0,0,0,0.0,0.0,0.0,1.0,1.0,1.0,1.0,1,1.0,1.0,2.0,2.0,0,1.0,0,0.0,0.0,0.0,0.0,0.0,0.0,1.0,1.0,0.0,1.0,0.0,0.0,1,1.0,1.0,1.0,1.0,1,1.0,1.0,1.0,1.0,1.0,0.0,1,1.0,1.0,1.0,0.0,0,0.0,1.0,0.0,0.0,1.0,1,1.0,0.0,0.0,1.0,,0,1.0,0.0,0,0,0.0,0.0,1.0,1.0,1.0,1.0,1.0
1.0,0.0,0.0,1.0,0.0,1.0,0.0,1.0,1.0,1,1.0,1.0,1,0.0,0.0,1.0,1,0.0,1.0,1.0,1.0,1.0,1.0,0.0,0.0,0.0,1,1.0,1,1,1.0,0,0,1.0,0.0,0.0,2.0,1.0,0.0,0.0,0,0.0,0.0,0.0,0.0,1,0.0,0,0.0,0.0,0.0,0.0,0.0,1.0,0.0,1.0,1.0,1.0,1.0,0.0,0,0.0,0.0,0.0,0.0,0,0.0,0.0,0.0,0.0,1.0,0.0,0,0.0,0.0,,0.0,0,1.0,2.0,0.0,0.0,0.0,0,0.0,1.0,0.0,1.0,,1,1.0,0.0,0,0,0.0,,1.0,1.0,1.0,1.0,0.0
0.0,0.0,0.0,2.0,0.0,1.0,1.0,1.0,1.0,1,1.0,1.0,1,0.0,0.0,0.0,0,0.0,0.0,0.0,0.0,0.0,0.0,1.0,0.0,2.0,0,0.0,0,0,1.0,1,0,1.0,0.0,0.0,2.0,1.0,1.0,1.0,1,1.0,1.0,0.0,0.0,1,1.0,0,0.0,0.0,0.0,0.0,0.0,0.0,1.0,1.0,1.0,1.0,1.0,0.0,1,1.0,1.0,1.0,1.0,1,1.0,2.0,2.0,2.0,1.0,0.0,0,0.0,0.0,1.0,0.0,0,0.0,2.0,1.0,1.0,0.0,0,0.0,1.0,1.0,0.0,0.0,0,0.0,0.0,0,2,2.0,2.0,0.0,1.0,0.0,0.0,1.0
1.0,0.0,0.0,1.0,1.0,0.0,0.0,1.0,1.0,1,1.0,1.0,1,0.0,0.0,0.0,0,0.0,0.0,0.0,0.0,0.0,0.0,0.0,1.0,0.0,0,0.0,0,0,0.0,0,0,1.0,0.0,0.0,2.0,1.0,2.0,2.0,2,2.0,2.0,0.0,1.0,2,0.0,0,0.0,0.0,0.0,0.0,0.0,0.0,1.0,0.0,0.0,,0.0,2.0,1,1.0,1.0,1.0,1.0,0,0.0,1.0,1.0,1.0,1.0,0.0,0,0.0,0.0,1.0,0.0,0,1.0,0.0,1.0,1.0,0.0,0,0.0,0.0,0.0,0.0,1.0,0,1.0,0.0,0,0,0.0,0.0,0.0,0.0,0.0,0.0,1.0
0.0,2.0,0.0,1.0,1.0,0.0,1.0,0.0,0.0,0,0.0,0.0,0,1.0,1.0,1.0,1,0.0,0.0,0.0,0.0,0.0,0.0,0.0,0.0,1.0,0,0.0,0,0,1.0,0,1,1.0,0.0,0.0,0.0,1.0,2.0,2.0,2,2.0,2.0,0.0,1.0,1,1.0,0,0.0,0.0,0.0,0.0,0.0,,1.0,0.0,0.0,0.0,0.0,0.0,0,0.0,0.0,0.0,1.0,1,2.0,1.0,1.0,1.0,1.0,1.0,0,0.0,0.0,0.0,1.0,1,0.0,0.0,0.0,0.0,0.0,0,0.0,1.0,1.0,0.0,0.0,0,1.0,0.0,0,1,1.0,1.0,1.0,2.0,1.0,2.0,1.0
1.0,0.0,1.0,0.0,0.0,1.0,1.0,0.0,0.0,0,0.0,0.0,0,0.0,1.0,0.0,0,0.0,0.0,0.0,0.0,0.0,0.0,2.0,0.0,1.0,0,0.0,0,0,0.0,0,0,1.0,0.0,0.0,1.0,1.0,1.0,1.0,1,1.0,1.0,1.0,0.0,1,0.0,0,0.0,0.0,0.0,0.0,0.0,0.0,2.0,0.0,0.0,0.0,0.0,0.0,1,1.0,1.0,1.0,0.0,0,1.0,0.0,0.0,0.0,1.0,0.0,1,1.0,1.0,1.0,0.0,0,0.0,0.0,0.0,0.0,1.0,2,2.0,0.0,0.0,2.0,1.0,0,0.0,0.0,0,0,0.0,0.0,1.0,1.0,0.0,0.0,1.0
2.0,0.0,1.0,0.0,1.0,1.0,1.0,0.0,0.0,0,0.0,0.0,0,0.0,0.0,1.0,1,1.0,2.0,2.0,2.0,2.0,2.0,1.0,0.0,1.0,1,1.0,1,1,1.0,0,0,1.0,0.0,0.0,0.0,1.0,1.0,1.0,1,1.0,1.0,1.0,1.0,2,0.0,0,0.0,0.0,0.0,0.0,0.0,0.0,0.0,0.0,0.0,0.0,0.0,0.0,2,2.0,2.0,2.0,1.0,1,0.0,0.0,0.0,0.0,0.0,1.0,0,0.0,1.0,2.0,0.0,0,0.0,0.0,0.0,0.0,0.0,0,0.0,0.0,0.0,2.0,0.0,0,0.0,0.0,0,0,0.0,0.0,0.0,1.0,0.0,0.0,1.0
0.0,1.0,1.0,1.0,0.0,1.0,2.0,0.0,0.0,0,0.0,0.0,0,0.0,0.0,0.0,0,1.0,1.0,0.0,0.0,0.0,0.0,1.0,1.0,1.0,1,1.0,1,1,1.0,1,0,0.0,0.0,0.0,0.0,2.0,2.0,2.0,2,2.0,2.0,1.0,0.0,0,2.0,1,1.0,1.0,1.0,1.0,1.0,1.0,2.0,0.0,0.0,0.0,0.0,1.0,1,1.0,1.0,1.0,1.0,1,0.0,1.0,1.0,1.0,0.0,2.0,0,0.0,0.0,1.0,0.0,0,0.0,0.0,0.0,0.0,0.0,0,0.0,1.0,1.0,0.0,2.0,0,1.0,0.0,0,0,0.0,0.0,0.0,0.0,0.0,0.0,0.0
2.0,0.0,0.0,1.0,1.0,1.0,0.0,0.0,0.0,0,0.0,0.0,0,0.0,1.0,1.0,1,0.0,1.0,0.0,0.0,0.0,0.0,0.0,0.0,0.0,0,0.0,0,0,0.0,1,0,0.0,0.0,0.0,2.0,1.0,1.0,1.0,1,1.0,1.0,0.0,0.0,1,1.0,0,0.0,0.0,0.0,0.0,0.0,0.0,1.0,1.0,1.0,1.0,1.0,0.0,2,2.0,2.0,2.0,1.0,1,0.0,1.0,1.0,1.0,0.0,0.0,0,0.0,1.0,1.0,0.0,0,0.0,1.0,0.0,0.0,0.0,0,0.0,1.0,1.0,0.0,0.0,0,0.0,0.0,0,0,0.0,0.0,0.0,2.0,2.0,2.0,1.0
1.0,0.0,0.0,1.0,1.0,1.0,1.0,0.0,0.0,0,0.0,0.0,0,0.0,0.0,0.0,0,0.0,0.0,1.0,1.0,1.0,1.0,2.0,0.0,1.0,0,0.0,0,0,1.0,0,0,1.0,0.0,0.0,2.0,2.0,2.0,2.0,2,2.0,2.0,0.0,1.0,1,1.0,2,2.0,2.0,2.0,2.0,2.0,,0.0,0.0,0.0,0.0,0.0,0.0,1,1.0,1.0,1.0,0.0,0,2.0,0.0,0.0,0.0,0.0,0.0,1,1.0,1.0,0.0,0.0,0,0.0,2.0,0.0,0.0,0.0,0,0.0,1.0,1.0,1.0,0.0,1,1.0,1.0,1,1,1.0,1.0,0.0,2.0,0.0,0.0,0.0
1.0,0.0,0.0,0.0,0.0,1.0,0.0,0.0,0.0,0,0.0,0.0,0,0.0,0.0,1.0,1,0.0,1.0,1.0,1.0,1.0,1.0,1.0,0.0,0.0,0,1.0,0,0,0.0,1,0,2.0,0.0,0.0,1.0,1.0,1.0,1.0,1,1.0,1.0,0.0,0.0,0,1.0,0,0.0,0.0,0.0,0.0,0.0,1.0,0.0,2.0,2.0,2.0,2.0,0.0,2,2.0,2.0,2.0,1.0,1,1.0,0.0,0.0,0.0,2.0,0.0,0,0.0,0.0,2.0,0.0,0,0.0,1.0,0.0,0.0,0.0,0,0.0,1.0,1.0,0.0,0.0,0,0.0,0.0,0,2,2.0,2.0,0.0,1.0,1.0,1.0,1.0
2.0,0.0,0.0,1.0,0.0,1.0,1.0,2.0,2.0,2,2.0,2.0,2,0.0,0.0,1.0,1,1.0,0.0,0.0,0.0,0.0,0.0,1.0,0.0,2.0,0,0.0,0,0,0.0,0,0,0.0,0.0,0.0,0.0,1.0,0.0,0.0,0,0.0,0.0,0.0,1.0,0,2.0,0,0.0,0.0,0.0,0.0,0.0,0.0,0.0,0.0,0.0,0.0,0.0,0.0,1,1.0,1.0,1.0,0.0,0,1.0,0.0,0.0,0.0,1.0,0.0,0,0.0,0.0,0.0,1.0,1,1.0,2.0,0.0,0.0,0.0,0,0.0,2.0,1.0,2.0,1.0,1,1.0,1.0,1,2,2.0,2.0,0.0,0.0,1.0,2.0,0.0
2.0,0.0,0.0,0.0,0.0,1.0,1.0,1.0,1.0,1,1.0,1.0,1,0.0,0.0,0.0,0,2.0,0.0,0.0,0.0,0.0,0.0,1.0,0.0,1.0,1,1.0,1,1,0.0,1,0,0.0,0.0,0.0,0.0,1.0,1.0,1.0,1,1.0,1.0,0.0,0.0,0,2.0,0,0.0,0.0,0.0,0.0,0.0,0.0,0.0,1.0,1.0,1.0,1.0,1.0,2,2.0,2.0,2.0,0.0,0,1.0,0.0,0.0,0.0,2.0,1.0,0,0.0,0.0,0.0,1.0,1,0.0,1.0,0.0,0.0,0.0,0,0.0,1.0,2.0,2.0,1.0,1,0.0,0.0,0,1,1.0,1.0,1.0,2.0,1.0,1.0,0.0
1.0,0.0,1.0,1.0,0.0,0.0,0.0,0.0,0.0,0,0.0,0.0,0,0.0,0.0,0.0,0,1.0,1.0,0.0,0.0,0.0,0.0,1.0,,0.0,0,0.0,0,0,1.0,1,0,1.0,0.0,0.0,1.0,2.0,1.0,1.0,1,1.0,1.0,1.0,1.0,1,0.0,1,1.0,1.0,1.0,1.0,1.0,1.0,1.0,0.0,0.0,0.0,0.0,1.0,1,1.0,1.0,1.0,0.0,0,0.0,1.0,1.0,1.0,2.0,1.0,0,0.0,0.0,0.0,0.0,0,0.0,0.0,0.0,0.0,0.0,0,0.0,0.0,0.0,0.0,0.0,0,0.0,0.0,0,1,1.0,1.0,0.0,0.0,0.0,0.0,1.0
1.0,1.0,0.0,0.0,0.0,0.0,1.0,0.0,0.0,0,0.0,0.0,0,0.0,1.0,0.0,0,0.0,1.0,1.0,1.0,1.0,1.0,2.0,1.0,0.0,0,0.0,0,0,0.0,0,0,0.0,0.0,0.0,1.0,1.0,1.0,1.0,1,1.0,1.0,0.0,0.0,0,2.0,1,1.0,1.0,1.0,1.0,1.0,0.0,1.0,1.0,1.0,1.0,1.0,1.0,0,0.0,0.0,0.0,1.0,1,0.0,1.0,1.0,1.0,1.0,0.0,0,0.0,0.0,1.0,1.0,1,0.0,1.0,1.0,1.0,0.0,0,0.0,2.0,2.0,1.0,1.0,2,0.0,0.0,0,0,0.0,0.0,0.0,0.0,0.0,0.0,0.0
1.0,0.0,1.0,2.0,0.0,2.0,0.0,1.0,1.0,1,1.0,1.0,1,0.0,0.0,0.0,0,1.0,1.0,0.0,0.0,0.0,0.0,2.0,0.0,1.0,1,1.0,1,1,1.0,0,0,0.0,,,0.0,1.0,0.0,0.0,0,0.0,0.0,0.0,1.0,0,1.0,1,1.0,1.0,1.0,1.0,1.0,0.0,1.0,2.0,2.0,2.0,2.0,0.0,1,1.0,1.0,1.0,0.0,0,0.0,1.0,1.0,1.0,2.0,0.0,0,0.0,0.0,2.0,0.0,0,0.0,1.0,0.0,0.0,0.0,0,0.0,2.0,1.0,1.0,1.0,1,0.0,1.0,1,0,0.0,0.0,1.0,0.0,1.0,1.0,0.0
1.0,1.0,1.0,1.0,0.0,1.0,0.0,1.0,1.0,1,1.0,1.0,1,0.0,0.0,1.0,1,1.0,0.0,0.0,0.0,1.0,0.0,1.0,0.0,1.0,0,0.0,0,0,0.0,0,0,0.0,0.0,0.0,2.0,0.0,1.0,1.0,1,2.0,2.0,1.0,0.0,1,1.0,0,0.0,0.0,0.0,0.0,0.0,0.0,1.0,1.0,1.0,1.0,1.0,0.0,2,2.0,2.0,2.0,2.0,2,0.0,0.0,0.0,0.0,1.0,0.0,0,0.0,0.0,1.0,0.0,0,0.0,0.0,0.0,0.0,0.0,0,0.0,0.0,0.0,1.0,0.0,0,0.0,0.0,0,0,0.0,0.0,0.0,1.0,0.0,0.0,1.0
1.0,1.0,0.0,1.0,1.0,0.0,,1.0,1.0,1,1.0,1.0,1,0.0,0.0,1.0,1,1.0,0.0,0.0,0.0,0.0,0.0,1.0,,0.0,0,0.0,0,0,1.0,1,0,1.0,0.0,0.0,1.0,1.0,0.0,0.0,0,0.0,0.0,0.0,0.0,1,1.0,0,0.0,0.0,0.0,0.0,0.0,1.0,0.0,0.0,1.0,1.0,1.0,0.0,1,1.0,1.0,1.0,1.0,1,2.0,0.0,0.0,0.0,0.0,1.0,0,0.0,0.0,2.0,0.0,0,0.0,0.0,1.0,0.0,0.0,0,0.0,2.0,2.0,1.0,0.0,1,0.0,0.0,0,1,1.0,1.0,0.0,0.0,0.0,0.0,0.0
2.0,2.0,1.0,2.0,0.0,1.0,0.0,0.0,0.0,0,0.0,0.0,0,,0.0,0.0,0,0.0,0.0,0.0,0.0,0.0,0.0,2.0,0.0,0.0,0,1.0,1,0,0.0,0,0,1.0,0.0,0.0,0.0,1.0,2.0,2.0,2,2.0,2.0,1.0,0.0,1,1.0,0,0.0,0.0,0.0,0.0,0.0,1.0,0.0,0.0,0.0,0.0,0.0,0.0,0,0.0,,0.0,0.0,0,1.0,1.0,1.0,1.0,0.0,0.0,0,0.0,0.0,1.0,,0,1.0,1.0,0.0,0.0,0.0,0,0.0,1.0,1.0,1.0,0.0,0,0.0,0.0,0,1,1.0,1.0,0.0,0.0,0.0,0.0,0.0
1.0,0.0,0.0,1.0,1.0,0.0,0.0,0.0,0.0,0,0.0,0.0,0,1.0,0.0,1.0,1,1.0,1.0,1.0,1.0,1.0,1.0,1.0,0.0,0.0,0,0.0,0,0,1.0,1,0,1.0,0.0,0.0,1.0,0.0,1.0,1.0,1,1.0,1.0,0.0,1.0,0,1.0,0,0.0,0.0,0.0,0.0,0.0,1.0,0.0,1.0,1.0,1.0,1.0,0.0,2,2.0,2.0,2.0,1.0,1,1.0,1.0,1.0,1.0,2.0,0.0,0,0.0,0.0,0.0,0.0,0,0.0,0.0,0.0,0.0,0.0,0,0.0,0.0,0.0,2.0,2.0,0,0.0,0.0,0,1,1.0,1.0,1.0,1.0,1.0,1.0,1.0
1.0,0.0,0.0,1.0,0.0,0.0,0.0,1.0,1.0,1,1.0,1.0,1,0.0,1.0,1.0,1,1.0,0.0,0.0,0.0,0.0,0.0,0.0,1.0,0.0,0,0.0,0,0,0.0,0,0,0.0,0.0,0.0,2.0,1.0,0.0,0.0,0,0.0,0.0,0.0,1.0,1,0.0,0,0.0,0.0,0.0,0.0,0.0,0.0,1.0,1.0,0.0,1.0,0.0,0.0,0,0.0,0.0,0.0,2.0,2,1.0,1.0,1.0,1.0,1.0,0.0,0,0.0,0.0,0.0,1.0,1,0.0,0.0,0.0,0.0,1.0,1,1.0,0.0,0.0,0.0,0.0,0,0.0,0.0,0,0,0.0,0.0,1.0,1.0,0.0,0.0,1.0
1.0,0.0,2.0,0.0,2.0,0.0,0.0,0.0,0.0,0,0.0,0.0,0,0.0,0.0,1.0,1,1.0,0.0,0.0,0.0,0.0,0.0,1.0,0.0,1.0,0,0.0,0,0,0.0,0,0,0.0,0.0,0.0,0.0,1.0,2.0,2.0,2,2.0,2.0,0.0,1.0,1,0.0,0,0.0,0.0,0.0,0.0,0.0,0.0,0.0,0.0,0.0,0.0,0.0,0.0,1,1.0,1.0,1.0,1.0,1,2.0,1.0,1.0,1.0,0.0,1.0,0,0.0,0.0,1.0,0.0,0,0.0,0.0,0.0,0.0,0.0,0,0.0,1.0,1.0,1.0,1.0,0,0.0,0.0,0,0,0.0,0.0,,1.0,1.0,1.0,1.0
1.0,0.0,0.0,1.0,0.0,,0.0,1.0,1.0,1,1.0,,1,0.0,0.0,1.0,1,0.0,0.0,0.0,0.0,0.0,0.0,2.0,0.0,1.0,0,0.0,0,0,1.0,1,0,1.0,0.0,0.0,1.0,1.0,2.0,2.0,2,2.0,2.0,1.0,0.0,0,2.0,0,0.0,0.0,0.0,0.0,0.0,1.0,1.0,1.0,1.0,1.0,1.0,0.0,2,2.0,2.0,2.0,1.0,1,0.0,1.0,1.0,1.0,2.0,0.0,0,0.0,0.0,0.0,1.0,1,0.0,0.0,0.0,0.0,0.0,0,0.0,1.0,1.0,1.0,1.0,0,1.0,0.0,0,0,0.0,0.0,0.0,0.0,0.0,0.0,1.0
0.0,0.0,0.0,0.0,1.0,0.0,0.0,0.0,0.0,0,0.0,0.0,0,0.0,0.0,2.0,2,0.0,0.0,0.0,0.0,0.0,0.0,1.0,0.0,1.0,1,1.0,1,1,1.0,0,0,0.0,0.0,0.0,1.0,1.0,1.0,1.0,1,1.0,1.0,0.0,0.0,1,1.0,0,0.0,0.0,0.0,0.0,0.0,0.0,0.0,0.0,0.0,0.0,0.0,0.0,1,1.0,1.0,1.0,1.0,1,0.0,2.0,1.0,1.0,0.0,0.0,0,0.0,,1.0,0.0,0,0.0,2.0,0.0,0.0,0.0,0,0.0,0.0,0.0,0.0,0.0,0,2.0,0.0,0,0,0.0,0.0,1.0,1.0,1.0,1.0,1.0
1.0,0.0,0.0,0.0,0.0,2.0,0.0,1.0,1.0,1,1.0,1.0,1,0.0,0.0,1.0,1,0.0,1.0,1.0,1.0,1.0,1.0,1.0,0.0,0.0,2,2.0,2,2,1.0,0,0,0.0,0.0,0.0,1.0,0.0,1.0,1.0,1,1.0,1.0,1.0,0.0,0,2.0,0,0.0,0.0,0.0,0.0,0.0,0.0,1.0,0.0,0.0,0.0,0.0,0.0,1,1.0,1.0,1.0,1.0,1,0.0,0.0,0.0,0.0,1.0,1.0,0,0.0,1.0,2.0,,1,0.0,2.0,0.0,0.0,0.0,0,0.0,0.0,0.0,0.0,0.0,1,0.0,0.0,0,1,1.0,1.0,1.0,0.0,0.0,0.0,0.0
2.0,0.0,1.0,1.0,1.0,0.0,0.0,1.0,1.0,1,1.0,1.0,1,0.0,0.0,0.0,0,0.0,0.0,0.0,0.0,0.0,0.0,0.0,0.0,0.0,0,0.0,0,0,0.0,0,1,0.0,0.0,0.0,0.0,1.0,2.0,2.0,2,2.0,2.0,1.0,0.0,0,1.0,0,0.0,0.0,0.0,0.0,0.0,1.0,1.0,1.0,1.0,1.0,1.0,1.0,2,2.0,2.0,2.0,1.0,1,0.0,0.0,0.0,0.0,0.0,0.0,0,0.0,0.0,0.0,0.0,0,0.0,1.0,0.0,0.0,0.0,0,0.0,2.0,2.0,1.0,0.0,0,1.0,1.0,1,1,1.0,1.0,0.0,1.0,1.0,1.0,1.0
1.0,0.0,1.0,1.0,0.0,0.0,1.0,0.0,0.0,0,0.0,0.0,0,0.0,0.0,0.0,0,0.0,1.0,1.0,1.0,1.0,1.0,1.0,0.0,0.0,1,1.0,1,1,0.0,0,2,0.0,0.0,0.0,1.0,0.0,2.0,2.0,2,2.0,2.0,1.0,1.0,1,0.0,0,0.0,0.0,0.0,0.0,0.0,2.0,0.0,1.0,1.0,1.0,1.0,0.0,0,0.0,0.0,0.0,1.0,1,0.0,0.0,0.0,0.0,1.0,0.0,0,0.0,0.0,0.0,0.0,0,0.0,1.0,0.0,0.0,1.0,1,1.0,1.0,0.0,1.0,0.0,0,0.0,0.0,0,0,0.0,0.0,1.0,0.0,1.0,1.0,1.0
2.0,0.0,1.0,0.0,1.0,1.0,1.0,0.0,0.0,0,0.0,0.0,0,0.0,0.0,0.0,0,1.0,0.0,0.0,0.0,0.0,0.0,1.0,1.0,0.0,2,2.0,2,2,0.0,0,0,1.0,0.0,0.0,0.0,1.0,1.0,1.0,1,1.0,1.0,2.0,1.0,0,1.0,0,0.0,0.0,0.0,0.0,0.0,1.0,0.0,1.0,1.0,1.0,1.0,0.0,1,1.0,1.0,1.0,0.0,0,1.0,2.0,2.0,2.0,0.0,1.0,0,0.0,1.0,1.0,0.0,0,0.0,0.0,0.0,0.0,0.0,0,0.0,2.0,2.0,1.0,0.0,1,0.0,0.0,0,1,1.0,1.0,0.0,1.0,1.0,1.0,1.0
2.0,0.0,1.0,1.0,1.0,0.0,,1.0,1.0,1,1.0,2.0,1,0.0,1.0,0.0,0,1.0,1.0,1.0,1.0,1.0,1.0,2.0,1.0,1.0,1,1.0,1,1,1.0,0,0,0.0,0.0,0.0,1.0,1.0,1.0,1.0,1,1.0,1.0,0.0,1.0,1,0.0,0,0.0,0.0,0.0,0.0,0.0,2.0,0.0,1.0,1.0,1.0,1.0,0.0,0,0.0,,0.0,0.0,0,0.0,0.0,0.0,0.0,0.0,1.0,0,0.0,0.0,1.0,0.0,0,0.0,1.0,0.0,0.0,0.0,1,1.0,0.0,0.0,0.0,1.0,0,0.0,1.0,1,1,1.0,1.0,0.0,1.0,1.0,1.0,1.0
1.0,0.0,0.0,1.0,0.0,2.0,1.0,1.0,1.0,1,1.0,2.0,1,0.0,0.0,1.0,1,0.0,1.0,1.0,1.0,1.0,1.0,1.0,0.0,1.0,0,0.0,0,0,1.0,0,0,0.0,0.0,0.0,1.0,1.0,1.0,1.0,1,1.0,1.0,1.0,0.0,1,1.0,2,2.0,2.0,2.0,2.0,2.0,0.0,0.0,0.0,0.0,0.0,0.0,,1,1.0,1.0,1.0,0.0,0,0.0,0.0,0.0,1.0,0.0,0.0,1,1.0,1.0,1.0,1.0,0,1.0,1.0,1.0,1.0,0.0,0,0.0,0.0,0.0,2.0,0.0,0,1.0,0.0,0,1,1.0,1.0,,1.0,0.0,0.0,0.0
0.0,0.0,1.0,1.0,1.0,0.0,1.0,0.0,,0,0.0,0.0,0,0.0,0.0,1.0,1,1.0,0.0,0.0,0.0,0.0,0.0,1.0,0.0,0.0,1,1.0,1,1,1.0,1,0,0.0,0.0,0.0,1.0,1.0,1.0,1.0,1,1.0,1.0,1.0,1.0,0,1.0,0,0.0,0.0,0.0,0.0,0.0,1.0,1.0,1.0,1.0,1.0,1.0,0.0,1,1.0,1.0,1.0,0.0,0,0.0,1.0,1.0,1.0,1.0,0.0,1,1.0,1.0,1.0,0.0,0,0.0,1.0,0.0,0.0,0.0,0,0.0,2.0,2.0,2.0,1.0,0,0.0,0.0,0,1,1.0,1.0,0.0,0.0,1.0,1.0,1.0
1.0,0.0,1.0,0.0,0.0,1.0,1.0,0.0,0.0,0,0.0,0.0,0,2.0,1.0,0.0,0,0.0,0.0,0.0,0.0,0.0,0.0,0.0,0.0,0.0,1,1.0,1,1,0.0,0,0,0.0,0.0,0.0,1.0,0.0,0.0,0.0,0,0.0,0.0,0.0,0.0,1,1.0,0,0.0,0.0,0.0,0.0,0.0,1.0,1.0,2.0,2.0,2.0,2.0,0.0,1,1.0,1.0,1.0,0.0,0,2.0,1.0,1.0,1.0,2.0,0.0,0,0.0,0.0,2.0,,1,1.0,1.0,1.0,1.0,0.0,0,0.0,1.0,1.0,1.0,1.0,0,0.0,0.0,0,1,1.0,1.0,0.0,0.0,0.0,0.0,1.0
2.0,2.0,1.0,0.0,0.0,0.0,0.0,0.0,0.0,0,0.0,0.0,0,0.0,0.0,1.0,1,1.0,1.0,1.0,1.0,1.0,1.0,1.0,0.0,0.0,1,1.0,1,1,0.0,1,0,2.0,0.0,0.0,1.0,2.0,1.0,1.0,1,1.0,1.0,1.0,1.0,1,0.0,0,0.0,0.0,0.0,0.0,0.0,0.0,1.0,0.0,0.0,0.0,0.0,2.0,0,0.0,0.0,0.0,0.0,0,2.0,0.0,0.0,0.0,0.0,1.0,0,0.0,0.0,0.0,0.0,0,0.0,1.0,0.0,0.0,0.0,0,0.0,1.0,1.0,1.0,,0,0.0,0.0,0,1,1.0,1.0,0.0,0.0,1.0,1.0,1.0
1.0,0.0,1.0,2.0,1.0,0.0,1.0,0.0,0.0,0,0.0,0.0,0,0.0,0.0,0.0,0,1.0,0.0,0.0,0.0,0.0,0.0,2.0,1.0,0.0,1,2.0,2,1,1.0,0,0,0.0,1.0,1.0,0.0,2.0,2.0,2.0,2,2.0,2.0,1.0,2.0,1,0.0,0,0.0,0.0,0.0,0.0,0.0,1.0,1.0,2.0,1.0,2.0,1.0,1.0,1,1.0,1.0,1.0,0.0,0,1.0,1.0,1.0,1.0,1.0,0.0,0,0.0,1.0,1.0,1.0,1,0.0,1.0,0.0,0.0,0.0,0,0.0,0.0,0.0,1.0,0.0,0,0.0,0.0,0,0,0.0,0.0,0.0,1.0,2.0,2.0,1.0
0.0,0.0,0.0,1.0,2.0,0.0,0.0,1.0,1.0,1,1.0,1.0,1,0.0,0.0,0.0,0,0.0,1.0,1.0,1.0,1.0,1.0,1.0,0.0,0.0,0,0.0,0,0,0.0,0,0,1.0,0.0,0.0,0.0,1.0,2.0,2.0,2,2.0,2.0,0.0,0.0,1,1.0,0,0.0,0.0,0.0,0.0,0.0,0.0,0.0,1.0,0.0,1.0,0.0,0.0,0,0.0,0.0,0.0,1.0,0,1.0,1.0,1.0,1.0,1.0,0.0,0,0.0,1.0,1.0,0.0,0,0.0,0.0,0.0,0.0,0.0,0,0.0,1.0,1.0,1.0,0.0,0,1.0,1.0,1,0,0.0,0.0,0.0,1.0,0.0,1.0,1.0
1.0,0.0,1.0,1.0,1.0,0.0,0.0,1.0,1.0,1,1.0,1.0,1,0.0,0.0,0.0,0,0.0,0.0,0.0,0.0,0.0,0.0,2.0,1.0,0.0,1,1.0,1,1,0.0,0,1,1.0,0.0,0.0,0.0,0.0,2.0,2.0,2,2.0,2.0,1.0,1.0,2,0.0,0,0.0,0.0,0.0,0.0,0.0,0.0,1.0,0.0,0.0,0.0,0.0,2.0,2,2.0,2.0,2.0,1.0,1,1.0,1.0,1.0,1.0,2.0,0.0,0,0.0,0.0,1.0,1.0,1,0.0,0.0,0.0,0.0,0.0,0,0.0,0.0,1.0,1.0,0.0,0,0.0,0.0,0,1,1.0,1.0,2.0,1.0,1.0,1.0,1.0
1.0,0.0,0.0,0.0,1.0,0.0,1.0,0.0,0.0,0,0.0,0.0,0,,0.0,0.0,0,1.0,0.0,0.0,0.0,0.0,0.0,2.0,1.0,2.0,0,0.0,0,0,1.0,1,0,2.0,0.0,0.0,1.0,0.0,1.0,1.0,1,1.0,1.0,1.0,0.0,1,0.0,0,0.0,0.0,0.0,0.0,0.0,1.0,0.0,0.0,0.0,0.0,0.0,0.0,2,2.0,2.0,2.0,0.0,0,0.0,0.0,0.0,0.0,1.0,1.0,0,0.0,0.0,0.0,1.0,1,0.0,1.0,0.0,0.0,0.0,0,0.0,1.0,1.0,1.0,1.0,0,0.0,0.0,0,0,0.0,0.0,0.0,0.0,0.0,0.0,0.0
1.0,2.0,0.0,1.0,1.0,1.0,0.0,1.0,1.0,1,1.0,1.0,1,0.0,0.0,0.0,0,1.0,0.0,0.0,0.0,0.0,0.0,1.0,1.0,0.0,1,1.0,1,1,1.0,0,0,1.0,0.0,0.0,1.0,2.0,1.0,1.0,1,1.0,1.0,0.0,0.0,0,1.0,0,0.0,0.0,0.0,0.0,0.0,1.0,0.0,1.0,1.0,1.0,1.0,1.0,1,1.0,1.0,1.0,0.0,0,0.0,1.0,1.0,1.0,1.0,1.0,0,0.0,0.0,1.0,1.0,1,0.0,2.0,1.0,1.0,0.0,0,0.0,1.0,1.0,1.0,1.0,0,1.0,0.0,0,0,0.0,0.0,0.0,1.0,1.0,1.0,0.0
0.0,0.0,0.0,1.0,1.0,1.0,1.0,0.0,0.0,0,0.0,0.0,0,1.0,0.0,0.0,0,0.0,2.0,2.0,2.0,2.0,2.0,0.0,0.0,0.0,0,0.0,0,0,1.0,0,0,1.0,0.0,0.0,2.0,1.0,2.0,2.0,2,2.0,2.0,0.0,1.0,0,1.0,0,0.0,0.0,0.0,0.0,0.0,0.0,0.0,1.0,1.0,1.0,1.0,0.0,1,1.0,1.0,1.0,1.0,1,0.0,0.0,0.0,0.0,1.0,0.0,0,0.0,0.0,1.0,1.0,1,0.0,,0.0,0.0,0.0,0,0.0,0.0,0.0,1.0,1.0,0,1.0,1.0,1,0,0.0,0.0,0.0,0.0,0.0,1.0,1.0
1.0,0.0,1.0,1.0,,1.0,0.0,1.0,1.0,1,1.0,1.0,1,0.0,0.0,2.0,2,1.0,0.0,0.0,0.0,0.0,0.0,1.0,0.0,0.0,0,0.0,0,0,0.0,0,0,0.0,0.0,0.0,1.0,1.0,1.0,1.0,1,1.0,1.0,1.0,0.0,0,0.0,0,0.0,0.0,0.0,0.0,0.0,1.0,1.0,0.0,0.0,0.0,0.0,1.0,1,1.0,1.0,1.0,0.0,0,1.0,1.0,1.0,1.0,0.0,1.0,1,1.0,1.0,0.0,0.0,0,0.0,0.0,0.0,0.0,0.0,0,0.0,1.0,1.0,1.0,0.0,0,0.0,0.0,0,0,0.0,0.0,,0.0,1.0,1.0,0.0
2.0,0.0,0.0,1.0,0.0,0.0,0.0,1.0,1.0,1,1.0,1.0,1,0.0,0.0,0.0,0,1.0,0.0,0.0,0.0,0.0,0.0,1.0,2.0,0.0,0,0.0,0,0,1.0,0,0,1.0,0.0,0.0,1.0,1.0,1.0,1.0,1,1.0,1.0,0.0,0.0,1,1.0,0,0.0,0.0,0.0,0.0,0.0,0.0,0.0,1.0,1.0,1.0,1.0,0.0,1,1.0,1.0,1.0,0.0,0,0.0,0.0,0.0,0.0,1.0,2.0,0,0.0,0.0,0.0,0.0,0,0.0,1.0,0.0,0.0,0.0,0,0.0,1.0,1.0,1.0,0.0,1,1.0,0.0,0,0,0.0,0.0,1.0,0.0,0.0,0.0,0.0
1.0,0.0,1.0,1.0,1.0,,0.0,1.0,1.0,1,1.0,1.0,1,1.0,0.0,0.0,0,2.0,0.0,0.0,0.0,0.0,0.0,1.0,1.0,1.0,0,1.0,0,0,2.0,1,1,1.0,0.0,0.0,1.0,0.0,0.0,0.0,0,0.0,0.0,0.0,0.0,0,1.0,0,0.0,0.0,0.0,0.0,0.0,1.0,0.0,0.0,0.0,0.0,0.0,0.0,0,0.0,0.0,0.0,1.0,1,0.0,1.0,1.0,1.0,1.0,0.0,0,0.0,0.0,0.0,0.0,0,0.0,0.0,0.0,0.0,0.0,0,0.0,1.0,1.0,1.0,1.0,0,0.0,0.0,0,0,0.0,0.0,,1.0,1.0,1.0,0.0
0.0,0.0,1.0,0.0,2.0,0.0,1.0,1.0,1.0,1,1.0,1.0,1,0.0,0.0,1.0,1,0.0,0.0,0.0,0.0,0.0,0.0,0.0,0.0,0.0,0,0.0,0,0,0.0,1,0,0.0,0.0,0.0,1.0,2.0,1.0,1.0,1,1.0,1.0,0.0,1.0,0,,0,0.0,0.0,0.0,0.0,0.0,1.0,2.0,0.0,0.0,0.0,0.0,0.0,0,0.0,0.0,0.0,2.0,2,0.0,0.0,0.0,0.0,0.0,0.0,0,0.0,0.0,1.0,0.0,0,1.0,1.0,0.0,0.0,0.0,0,0.0,2.0,2.0,2.0,1.0,1,1.0,0.0,0,2,2.0,2.0,0.0,1.0,0.0,1.0,1.0
2.0,0.0,1.0,1.0,0.0,0.0,0.0,0.0,0.0,0,0.0,0.0,0,0.0,0.0,1.0,1,1.0,0.0,0.0,0.0,0.0,0.0,1.0,1.0,0.0,0,0.0,0,0,0.0,0,0,1.0,0.0,0.0,2.0,2.0,1.0,1.0,1,1.0,1.0,0.0,0.0,1,0.0,0,0.0,0.0,0.0,0.0,0.0,1.0,0.0,1.0,1.0,1.0,1.0,1.0,2,2.0,2.0,2.0,1.0,1,1.0,0.0,0.0,0.0,1.0,0.0,0,0.0,0.0,0.0,0.0,0,0.0,0.0,0.0,0.0,0.0,0,0.0,1.0,1.0,0.0,1.0,0,0.0,0.0,0,0,0.0,0.0,0.0,0.0,1.0,1.0,0.0
0.0,0.0,1.0,0.0,2.0,0.0,1.0,1.0,1.0,1,1.0,1.0,1,0.0,1.0,0.0,0,0.0,0.0,0.0,0.0,0.0,0.0,1.0,1.0,1.0,1,1.0,1,1,0.0,1,0,0.0,0.0,0.0,0.0,2.0,0.0,0.0,0,0.0,0.0,1.0,0.0,1,1.0,0,,,0.0,0.0,0.0,1.0,0.0,0.0,0.0,0.0,0.0,0.0,0,0.0,0.0,0.0,1.0,1,0.0,1.0,1.0,1.0,1.0,1.0,1,1.0,,1.0,0.0,0,0.0,0.0,0.0,0.0,0.0,0,0.0,2.0,2.0,0.0,1.0,0,0.0,1.0,0,0,0.0,1.0,0.0,1.0,1.0,1.0,1.0
1.0,1.0,1.0,1.0,1.0,0.0,0.0,1.0,1.0,1,1.0,1.0,1,0.0,0.0,1.0,1,1.0,0.0,0.0,0.0,0.0,0.0,0.0,0.0,1.0,0,0.0,0,0,0.0,0,0,1.0,0.0,0.0,0.0,2.0,1.0,1.0,1,1.0,1.0,0.0,0.0,0,0.0,0,0.0,0.0,0.0,0.0,0.0,0.0,1.0,1.0,1.0,1.0,1.0,0.0,0,0.0,,0.0,2.0,2,0.0,0.0,0.0,0.0,1.0,0.0,0,0.0,0.0,0.0,0.0,0,1.0,0.0,0.0,0.0,0.0,0,0.0,1.0,1.0,1.0,0.0,0,1.0,0.0,0,1,1.0,1.0,1.0,0.0,0.0,0.0,0.0
1.0,0.0,0.0,1.0,0.0,1.0,0.0,0.0,0.0,0,0.0,0.0,0,0.0,0.0,1.0,1,0.0,0.0,0.0,0.0,0.0,0.0,0.0,0.0,1.0,0,0.0,0,0,0.0,1,0,0.0,0.0,0.0,2.0,1.0,0.0,0.0,0,0.0,0.0,0.0,1.0,1,1.0,0,0.0,0.0,0.0,0.0,0.0,1.0,0.0,,1.0,1.0,1.0,1.0,2,2.0,2.0,2.0,0.0,0,1.0,1.0,1.0,1.0,1.0,0.0,1,1.0,2.0,2.0,0.0,0,0.0,0.0,0.0,0.0,0.0,0,0.0,1.0,1.0,0.0,1.0,0,0.0,,0,1,1.0,1.0,1.0,1.0,1.0,1.0,1.0
1.0,0.0,2.0,0.0,0.0,1.0,1.0,1.0,1.0,1,1.0,1.0,1,0.0,0.0,2.0,2,1.0,1.0,1.0,1.0,1.0,1.0,1.0,1.0,0.0,1,1.0,1,1,0.0,0,0,0.0,0.0,0.0,0.0,0.0,2.0,2.0,2,2.0,2.0,0.0,0.0,2,0.0,0,0.0,0.0,0.0,0.0,0.0,0.0,2.0,0.0,0.0,0.0,0.0,0.0,1,1.0,1.0,1.0,2.0,2,1.0,0.0,0.0,0.0,0.0,0.0,0,0.0,0.0,1.0,0.0,0,0.0,0.0,0.0,0.0,1.0,1,1.0,1.0,1.0,1.0,2.0,0,0.0,0.0,0,1,1.0,1.0,0.0,2.0,0.0,0.0,1.0
2.0,0.0,0.0,1.0,0.0,1.0,0.0,0.0,0.0,0,0.0,0.0,0,0.0,0.0,0.0,0,1.0,1.0,0.0,0.0,0.0,0.0,0.0,0.0,1.0,0,0.0,0,0,0.0,2,0,2.0,0.0,0.0,2.0,2.0,1.0,1.0,1,1.0,1.0,2.0,1.0,1,1.0,1,1.0,1.0,1.0,1.0,1.0,0.0,1.0,0.0,0.0,0.0,0.0,0.0,1,1.0,1.0,1.0,0.0,0,0.0,2.0,2.0,2.0,0.0,0.0,0,0.0,1.0,1.0,0.0,0,0.0,0.0,0.0,0.0,0.0,0,0.0,0.0,0.0,1.0,0.0,0,0.0,0.0,0,1,1.0,1.0,0.0,1.0,1.0,1.0,1.0
0.0,0.0,1.0,1.0,0.0,1.0,0.0,0.0,0.0,0,0.0,0.0,0,,0.0,1.0,1,0.0,0.0,0.0,0.0,0.0,0.0,2.0,2.0,0.0,0,0.0,0,0,1.0,0,0,1.0,0.0,0.0,1.0,0.0,2.0,2.0,2,2.0,2.0,1.0,1.0,0,1.0,0,0.0,0.0,0.0,0.0,0.0,1.0,0.0,0.0,0.0,0.0,0.0,1.0,1,1.0,1.0,1.0,1.0,1,1.0,1.0,1.0,1.0,1.0,1.0,0,0.0,0.0,0.0,1.0,1,0.0,1.0,0.0,0.0,0.0,0,0.0,1.0,1.0,0.0,0.0,0,1.0,0.0,0,0,0.0,0.0,0.0,1.0,2.0,2.0,1.0
1.0,0.0,0.0,1.0,1.0,0.0,0.0,1.0,1.0,1,1.0,1.0,1,1.0,0.0,0.0,0,2.0,0.0,0.0,0.0,0.0,0.0,2.0,0.0,1.0,0,0.0,0,0,0.0,0,0,0.0,0.0,0.0,2.0,1.0,1.0,1.0,1,1.0,1.0,0.0,1.0,1,1.0,0,0.0,0.0,0.0,0.0,0.0,0.0,2.0,2.0,2.0,2.0,2.0,0.0,1,1.0,1.0,1.0,1.0,1,2.0,1.0,1.0,1.0,1.0,1.0,0,0.0,0.0,2.0,0.0,0,0.0,0.0,0.0,0.0,1.0,1,1.0,0.0,0.0,2.0,0.0,0,1.0,0.0,0,2,2.0,2.0,0.0,1.0,1.0,1.0,1.0
1.0,1.0,0.0,1.0,0.0,1.0,1.0,2.0,2.0,2,2.0,2.0,2,0.0,0.0,1.0,1,0.0,1.0,1.0,1.0,1.0,1.0,0.0,1.0,1.0,0,0.0,0,0,1.0,0,0,0.0,0.0,0.0,0.0,2.0,1.0,1.0,1,1.0,1.0,0.0,1.0,0,1.0,0,0.0,0.0,0.0,0.0,0.0,1.0,0.0,0.0,0.0,0.0,0.0,1.0,2,2.0,2.0,2.0,0.0,0,0.0,0.0,0.0,0.0,0.0,2.0,0,0.0,0.0,1.0,0.0,0,0.0,0.0,0.0,0.0,0.0,0,0.0,1.0,1.0,1.0,1.0,0,1.0,0.0,0,0,0.0,0.0,2.0,0.0,0.0,0.0,0.0
2.0,0.0,1.0,1.0,0.0,0.0,0.0,0.0,0.0,0,0.0,0.0,0,0.0,0.0,1.0,1,1.0,0.0,0.0,0.0,0.0,0.0,1.0,0.0,1.0,0,0.0,0,0,0.0,0,1,0.0,0.0,0.0,1.0,1.0,1.0,1.0,1,1.0,1.0,0.0,,1,1.0,0,0.0,0.0,0.0,0.0,0.0,1.0,0.0,0.0,0.0,0.0,0.0,0.0,1,1.0,1.0,1.0,1.0,1,1.0,2.0,2.0,2.0,2.0,0.0,0,0.0,0.0,2.0,1.0,1,0.0,2.0,0.0,0.0,1.0,1,1.0,1.0,2.0,0.0,1.0,0,0.0,0.0,0,0,0.0,0.0,0.0,0.0,1.0,1.0,1.0
1.0,0.0,1.0,1.0,0.0,1.0,2.0,1.0,1.0,1,1.0,1.0,1,0.0,0.0,0.0,0,2.0,1.0,0.0,0.0,0.0,0.0,1.0,0.0,2.0,0,0.0,0,0,0.0,0,0,0.0,0.0,0.0,2.0,0.0,1.0,1.0,1,1.0,1.0,0.0,0.0,0,2.0,0,0.0,0.0,0.0,0.0,0.0,1.0,0.0,0.0,0.0,0.0,0.0,1.0,0,0.0,0.0,0.0,0.0,0,0.0,0.0,0.0,0.0,2.0,1.0,0,0.0,0.0,1.0,0.0,0,0.0,0.0,0.0,0.0,0.0,0,0.0,0.0,0.0,1.0,0.0,1,1.0,0.0,0,2,2.0,2.0,0.0,0.0,0.0,0.0,0.0
0.0,1.0,1.0,1.0,0.0,1.0,1.0,1.0,1.0,0,1.0,1.0,1,0.0,0.0,0.0,0,1.0,0.0,1.0,1.0,1.0,1.0,1.0,0.0,1.0,0,0.0,0,0,0.0,0,1,0.0,0.0,0.0,0.0,1.0,1.0,1.0,1,1.0,1.0,2.0,0.0,0,1.0,0,0.0,0.0,0.0,0.0,0.0,2.0,1.0,0.0,0.0,0.0,0.0,1.0,0,0.0,0.0,0.0,2.0,2,0.0,1.0,1.0,1.0,0.0,0.0,0,0.0,0.0,1.0,0.0,0,0.0,1.0,0.0,0.0,1.0,0,0.0,1.0,1.0,1.0,,1,0.0,0.0,0,0,0.0,0.0,0.0,1.0,0.0,0.0,0.0
2.0,0.0,1.0,1.0,1.0,1.0,1.0,1.0,1.0,1,1.0,1.0,1,0.0,0.0,0.0,0,1.0,1.0,1.0,1.0,1.0,1.0,2.0,0.0,1.0,2,2.0,2,2,0.0,0,0,0.0,0.0,0.0,2.0,2.0,2.0,2.0,2,2.0,2.0,0.0,0.0,1,1.0,1,1.0,1.0,1.0,1.0,1.0,0.0,2.0,1.0,1.0,1.0,1.0,1.0,1,1.0,1.0,1.0,1.0,0,2.0,2.0,2.0,2.0,2.0,0.0,0,0.0,0.0,,0.0,0,0.0,1.0,1.0,1.0,1.0,1,1.0,0.0,0.0,0.0,0.0,1,0.0,0.0,0,1,1.0,1.0,1.0,0.0,0.0,,1.0
1.0,0.0,1.0,0.0,2.0,0.0,2.0,1.0,1.0,1,1.0,1.0,1,1.0,0.0,1.0,1,1.0,0.0,0.0,0.0,0.0,0.0,0.0,0.0,1.0,0,0.0,0,0,0.0,0,1,2.0,0.0,0.0,1.0,2.0,1.0,1.0,1,1.0,1.0,0.0,0.0,0,1.0,0,0.0,0.0,0.0,0.0,0.0,0.0,2.0,0.0,0.0,,0.0,0.0,1,1.0,1.0,1.0,0.0,0,0.0,0.0,0.0,0.0,1.0,0.0,0,0.0,0.0,0.0,0.0,0,0.0,0.0,1.0,1.0,0.0,0,0.0,2.0,2.0,0.0,2.0,0,2.0,0.0,0,0,0.0,0.0,0.0,2.0,0.0,0.0,1.0
1.0,0.0,0.0,1.0,0.0,0.0,1.0,2.0,2.0,2,2.0,2.0,2,0.0,0.0,0.0,0,2.0,0.0,0.0,0.0,0.0,0.0,2.0,1.0,0.0,0,0.0,0,0,2.0,0,0,0.0,0.0,0.0,1.0,1.0,1.0,1.0,1,1.0,1.0,1.0,0.0,0,1.0,1,1.0,1.0,1.0,1.0,1.0,1.0,1.0,1.0,1.0,1.0,1.0,1.0,2,2.0,2.0,2.0,1.0,1,1.0,0.0,0.0,0.0,0.0,1.0,1,1.0,1.0,0.0,1.0,0,1.0,1.0,0.0,0.0,0.0,0,0.0,0.0,0.0,0.0,0.0,1,1.0,0.0,0,1,1.0,1.0,1.0,0.0,0.0,0.0,0.0
0.0,1.0,0.0,1.0,0.0,0.0,0.0,1.0,,1,1.0,1.0,1,1.0,0.0,0.0,0,1.0,1.0,1.0,1.0,1.0,1.0,1.0,1.0,0.0,1,1.0,1,1,0.0,0,0,1.0,0.0,0.0,1.0,1.0,2.0,2.0,2,2.0,2.0,2.0,0.0,2,0.0,0,0.0,0.0,0.0,0.0,0.0,0.0,1.0,0.0,0.0,0.0,0.0,1.0,1,1.0,1.0,1.0,0.0,0,1.0,0.0,0.0,0.0,2.0,2.0,0,0.0,0.0,1.0,1.0,1,0.0,1.0,0.0,0.0,0.0,0,0.0,2.0,2.0,2.0,0.0,0,1.0,0.0,0,1,1.0,1.0,1.0,2.0,2.0,2.0,1.0
0.0,0.0,0.0,1.0,0.0,0.0,0.0,2.0,2.0,2,2.0,2.0,2,0.0,0.0,0.0,0,1.0,0.0,0.0,0.0,0.0,0.0,2.0,1.0,1.0,0,0.0,0,0,1.0,0,0,2.0,0.0,0.0,1.0,0.0,1.0,1.0,1,1.0,2.0,0.0,0.0,0,1.0,0,0.0,0.0,0.0,0.0,0.0,0.0,0.0,0.0,0.0,0.0,0.0,1.0,1,1.0,1.0,1.0,1.0,1,2.0,0.0,0.0,0.0,2.0,0.0,1,1.0,1.0,1.0,0.0,0,0.0,1.0,0.0,0.0,0.0,0,0.0,1.0,1.0,1.0,1.0,0,0.0,0.0,0,1,1.0,1.0,1.0,1.0,1.0,1.0,0.0
1.0,0.0,0.0,1.0,0.0,,1.0,1.0,1.0,1,1.0,1.0,1,0.0,0.0,0.0,0,1.0,0.0,0.0,0.0,0.0,0.0,2.0,0.0,1.0,0,1.0,1,0,2.0,0,0,0.0,0.0,0.0,2.0,2.0,2.0,2.0,2,2.0,2.0,1.0,0.0,1,2.0,0,0.0,0.0,0.0,0.0,0.0,0.0,1.0,2.0,2.0,2.0,2.0,1.0,1,1.0,1.0,1.0,1.0,1,1.0,0.0,0.0,0.0,0.0,0.0,1,1.0,1.0,1.0,0.0,0,0.0,1.0,0.0,0.0,0.0,0,0.0,0.0,0.0,1.0,1.0,0,1.0,0.0,0,1,1.0,1.0,1.0,0.0,1.0,1.0,0.0
2.0,0.0,0.0,1.0,2.0,0.0,0.0,0.0,0.0,0,0.0,0.0,0,1.0,0.0,0.0,0,1.0,0.0,0.0,0.0,0.0,0.0,1.0,1.0,0.0,0,0.0,0,0,2.0,0,1,0.0,1.0,1.0,1.0,1.0,2.0,2.0,2,2.0,2.0,0.0,0.0,2,0.0,0,0.0,0.0,0.0,0.0,0.0,2.0,1.0,1.0,0.0,1.0,0.0,1.0,1,1.0,1.0,1.0,1.0,1,2.0,1.0,1.0,1.0,1.0,1.0,1,1.0,1.0,0.0,1.0,1,0.0,0.0,0.0,0.0,1.0,1,1.0,0.0,0.0,0.0,,0,0.0,0.0,0,1,1.0,1.0,2.0,2.0,0.0,1.0,1.0
2.0,0.0,0.0,1.0,0.0,1.0,0.0,0.0,0.0,0,0.0,0.0,0,0.0,0.0,0.0,0,1.0,1.0,1.0,1.0,1.0,1.0,1.0,0.0,1.0,0,0.0,0,0,0.0,0,0,0.0,1.0,1.0,1.0,0.0,0.0,0.0,0,0.0,0.0,1.0,2.0,0,2.0,0,0.0,0.0,0.0,0.0,0.0,0.0,0.0,1.0,1.0,1.0,1.0,1.0,1,1.0,1.0,1.0,2.0,2,0.0,1.0,1.0,1.0,1.0,1.0,0,0.0,0.0,0.0,0.0,0,0.0,1.0,,1.0,0.0,0,0.0,2.0,2.0,1.0,0.0,0,0.0,0.0,0,0,0.0,0.0,2.0,1.0,0.0,0.0,1.0
2.0,0.0,0.0,0.0,1.0,0.0,1.0,1.0,1.0,1,1.0,1.0,1,0.0,2.0,0.0,0,1.0,0.0,0.0,0.0,0.0,0.0,1.0,1.0,2.0,0,1.0,1,0,0.0,0,0,0.0,0.0,0.0,1.0,0.0,0.0,1.0,1,1.0,1.0,0.0,0.0,1,0.0,0,0.0,0.0,0.0,0.0,0.0,2.0,1.0,0.0,0.0,1.0,,1.0,1,1.0,1.0,1.0,0.0,0,2.0,0.0,0.0,0.0,2.0,0.0,0,0.0,0.0,1.0,0.0,0,0.0,1.0,0.0,0.0,0.0,0,0.0,0.0,0.0,1.0,1.0,2,0.0,0.0,0,0,0.0,1.0,0.0,0.0,0.0,0.0,1.0
2.0,0.0,0.0,1.0,1.0,1.0,0.0,1.0,1.0,1,1.0,1.0,1,1.0,1.0,1.0,1,1.0,0.0,0.0,0.0,0.0,0.0,1.0,1.0,0.0,1,1.0,1,1,0.0,0,0,0.0,0.0,0.0,0.0,1.0,1.0,1.0,1,1.0,1.0,0.0,1.0,1,1.0,0,0.0,0.0,0.0,0.0,0.0,0.0,0.0,1.0,1.0,1.0,1.0,0.0,1,1.0,1.0,1.0,1.0,1,1.0,1.0,1.0,1.0,0.0,1.0,0,0.0,1.0,0.0,1.0,1,0.0,2.0,0.0,0.0,0.0,0,0.0,2.0,2.0,0.0,0.0,0,0.0,0.0,0,1,1.0,1.0,1.0,0.0,0.0,0.0,1.0
2.0,1.0,0.0,0.0,1.0,1.0,0.0,0.0,0.0,0,0.0,0.0,0,0.0,0.0,2.0,2,2.0,0.0,0.0,0.0,0.0,0.0,1.0,0.0,1.0,2,2.0,2,2,0.0,0,0,0.0,0.0,0.0,0.0,2.0,0.0,0.0,0,0.0,0.0,0.0,0.0,0,1.0,0,0.0,0.0,0.0,0.0,0.0,1.0,1.0,1.0,0.0,1.0,0.0,2.0,2,2.0,2.0,2.0,1.0,1,0.0,2.0,2.0,2.0,1.0,0.0,0,0.0,0.0,1.0,0.0,0,0.0,1.0,0.0,0.0,0.0,0,0.0,0.0,0.0,0.0,0.0,1,0.0,1.0,1,1,1.0,1.0,1.0,0.0,0.0,0.0,1.0
0.0,0.0,0.0,0.0,1.0,1.0,0.0,0.0,0.0,0,0.0,0.0,0,0.0,0.0,0.0,0,0.0,0.0,0.0,0.0,0.0,0.0,1.0,1.0,1.0,1,1.0,1,1,1.0,1,0,0.0,0.0,0.0,1.0,2.0,1.0,1.0,1,1.0,1.0,1.0,0.0,0,2.0,0,0.0,0.0,0.0,0.0,0.0,1.0,1.0,0.0,0.0,0.0,,1.0,1,1.0,1.0,1.0,0.0,0,0.0,0.0,0.0,0.0,2.0,0.0,1,1.0,1.0,0.0,2.0,2,1.0,2.0,0.0,0.0,0.0,1,1.0,2.0,2.0,1.0,1.0,0,0.0,0.0,0,0,0.0,0.0,0.0,2.0,0.0,0.0,0.0
0.0,2.0,1.0,1.0,1.0,1.0,1.0,1.0,1.0,1,1.0,,1,0.0,0.0,1.0,1,2.0,1.0,1.0,1.0,1.0,1.0,1.0,0.0,0.0,1,1.0,1,1,1.0,0,0,0.0,0.0,0.0,2.0,1.0,2.0,2.0,2,2.0,2.0,0.0,0.0,0,2.0,0,0.0,0.0,0.0,0.0,0.0,0.0,2.0,1.0,1.0,1.0,1.0,1.0,1,1.0,1.0,1.0,1.0,1,0.0,1.0,1.0,1.0,1.0,,0,0.0,0.0,2.0,0.0,0,0.0,0.0,0.0,0.0,1.0,1,1.0,1.0,1.0,0.0,1.0,0,0.0,1.0,1,0,0.0,0.0,0.0,0.0,0.0,,0.0
0.0,0.0,0.0,0.0,0.0,0.0,1.0,0.0,0.0,0,0.0,0.0,0,0.0,0.0,2.0,2,0.0,0.0,0.0,0.0,0.0,0.0,2.0,1.0,0.0,1,1.0,1,1,1.0,1,0,0.0,0.0,0.0,0.0,1.0,1.0,1.0,1,1.0,1.0,0.0,1.0,0,2.0,0,0.0,0.0,0.0,0.0,0.0,1.0,1.0,0.0,0.0,0.0,0.0,1.0,1,1.0,1.0,1.0,1.0,1,0.0,1.0,1.0,1.0,2.0,0.0,0,0.0,0.0,0.0,0.0,0,0.0,0.0,0.0,0.0,0.0,0,0.0,1.0,1.0,0.0,0.0,0,0.0,0.0,0,1,1.0,1.0,0.0,0.0,0.0,0.0,1.0
2.0,0.0,0.0,0.0,2.0,,1.0,0.0,0.0,0,0.0,0.0,0,0.0,0.0,1.0,1,2.0,0.0,0.0,0.0,0.0,0.0,1.0,0.0,1.0,0,0.0,0,0,1.0,1,0,2.0,1.0,1.0,1.0,1.0,0.0,0.0,0,0.0,0.0,0.0,1.0,1,0.0,0,0.0,0.0,0.0,0.0,0.0,1.0,1.0,2.0,1.0,2.0,1.0,2.0,1,1.0,1.0,1.0,1.0,1,,1.0,1.0,1.0,2.0,0.0,1,1.0,1.0,1.0,1.0,0,0.0,1.0,0.0,0.0,0.0,0,0.0,1.0,1.0,2.0,0.0,0,0.0,0.0,0,1,1.0,1.0,0.0,1.0,1.0,,0.0
,0.0,0.0,1.0,0.0,1.0,2.0,0.0,0.0,0,0.0,0.0,0,0.0,0.0,0.0,0,1.0,0.0,0.0,0.0,0.0,0.0,2.0,1.0,1.0,1,1.0,1,1,1.0,0,0,2.0,0.0,0.0,1.0,2.0,1.0,1.0,1,1.0,1.0,0.0,0.0,1,1.0,0,0.0,0.0,0.0,0.0,0.0,1.0,2.0,0.0,0.0,0.0,0.0,1.0,2,2.0,2.0,2.0,0.0,0,1.0,1.0,1.0,1.0,1.0,1.0,0,0.0,0.0,1.0,0.0,0,0.0,1.0,0.0,0.0,0.0,0,0.0,0.0,0.0,1.0,1.0,0,0.0,,1,0,0.0,0.0,0.0,1.0,0.0,1.0,1.0
1.0,0.0,0.0,1.0,0.0,0.0,0.0,0.0,0.0,0,0.0,0.0,0,0.0,0.0,0.0,0,0.0,0.0,0.0,0.0,0.0,0.0,0.0,0.0,1.0,0,0.0,0,0,1.0,0,0,1.0,1.0,1.0,2.0,1.0,2.0,2.0,2,2.0,2.0,1.0,0.0,2,0.0,0,0.0,0.0,0.0,0.0,0.0,1.0,0.0,0.0,0.0,0.0,0.0,0.0,2,2.0,2.0,2.0,1.0,1,0.0,0.0,0.0,0.0,2.0,0.0,0,0.0,0.0,2.0,0.0,0,1.0,2.0,0.0,0.0,0.0,0,0.0,2.0,2.0,1.0,2.0,0,0.0,0.0,0,1,1.0,1.0,0.0,1.0,0.0,0.0,1.0
2.0,0.0,1.0,1.0,0.0,1.0,0.0,0.0,0.0,0,0.0,0.0,0,0.0,0.0,1.0,1,1.0,1.0,0.0,0.0,0.0,0.0,0.0,0.0,1.0,0,0.0,0,0,0.0,1,0,0.0,0.0,0.0,1.0,1.0,2.0,2.0,2,2.0,2.0,1.0,0.0,2,0.0,0,0.0,0.0,0.0,0.0,0.0,1.0,0.0,0.0,0.0,0.0,0.0,0.0,1,1.0,1.0,1.0,0.0,0,0.0,0.0,0.0,0.0,1.0,1.0,0,0.0,0.0,0.0,0.0,0,0.0,1.0,0.0,0.0,0.0,0,0.0,1.0,1.0,1.0,1.0,0,0.0,0.0,0,1,1.0,1.0,0.0,1.0,1.0,1.0,1.0
2.0,0.0,0.0,1.0,0.0,2.0,1.0,2.0,2.0,2,2.0,2.0,2,1.0,1.0,1.0,1,1.0,0.0,0.0,0.0,0.0,0.0,1.0,1.0,1.0,0,0.0,0,0,0.0,0,0,0.0,0.0,0.0,2.0,0.0,0.0,0.0,0,0.0,0.0,0.0,0.0,0,1.0,0,0.0,0.0,0.0,0.0,0.0,1.0,0.0,1.0,1.0,1.0,1.0,1.0,1,1.0,1.0,1.0,0.0,0,1.0,1.0,1.0,1.0,1.0,0.0,1,1.0,1.0,1.0,1.0,1,1.0,1.0,0.0,0.0,0.0,0,0.0,1.0,1.0,1.0,1.0,0,1.0,0.0,0,0,0.0,0.0,1.0,0.0,1.0,0.0,0.0
1.0,0.0,0.0,1.0,1.0,0.0,1.0,1.0,1.0,1,1.0,1.0,1,0.0,0.0,0.0,0,0.0,0.0,1.0,1.0,1.0,1.0,0.0,0.0,0.0,0,0.0,0,0,0.0,0,1,0.0,1.0,1.0,0.0,0.0,0.0,0.0,0,0.0,0.0,0.0,1.0,0,0.0,1,1.0,1.0,1.0,1.0,1.0,0.0,1.0,1.0,1.0,1.0,1.0,1.0,0,0.0,0.0,0.0,0.0,0,0.0,1.0,1.0,1.0,2.0,1.0,0,0.0,0.0,2.0,0.0,0,0.0,1.0,0.0,0.0,0.0,0,0.0,1.0,1.0,0.0,1.0,0,0.0,0.0,0,0,0.0,0.0,0.0,1.0,0.0,,1.0
1.0,0.0,1.0,0.0,0.0,1.0,0.0,0.0,0.0,0,0.0,0.0,0,0.0,0.0,0.0,0,0.0,1.0,0.0,0.0,0.0,0.0,2.0,1.0,0.0,0,0.0,0,0,1.0,1,0,1.0,0.0,0.0,0.0,2.0,1.0,1.0,1,1.0,1.0,1.0,0.0,1,0.0,0,0.0,0.0,0.0,0.0,0.0,1.0,0.0,0.0,0.0,0.0,0.0,0.0,1,1.0,1.0,1.0,1.0,1,0.0,0.0,0.0,0.0,1.0,0.0,0,0.0,1.0,0.0,1.0,1,0.0,0.0,0.0,0.0,1.0,1,1.0,1.0,0.0,0.0,1.0,0,1.0,0.0,0,0,0.0,0.0,0.0,1.0,0.0,0.0,0.0
1.0,0.0,2.0,1.0,2.0,0.0,1.0,0.0,0.0,0,0.0,0.0,0,0.0,0.0,1.0,1,2.0,0.0,0.0,0.0,0.0,0.0,1.0,0.0,0.0,0,0.0,0,0,0.0,0,0,1.0,0.0,0.0,0.0,1.0,0.0,0.0,0,0.0,0.0,1.0,0.0,0,1.0,0,0.0,0.0,0.0,0.0,0.0,0.0,1.0,,1.0,1.0,1.0,0.0,1,1.0,1.0,,0.0,0,0.0,0.0,0.0,0.0,1.0,1.0,0,0.0,0.0,0.0,0.0,0,0.0,0.0,0.0,0.0,0.0,0,0.0,0.0,0.0,1.0,1.0,0,0.0,0.0,0,0,0.0,1.0,1.0,1.0,1.0,1.0,1.0
2.0,0.0,0.0,0.0,2.0,0.0,0.0,0.0,0.0,0,0.0,0.0,0,0.0,0.0,1.0,1,0.0,1.0,0.0,0.0,0.0,0.0,0.0,0.0,0.0,1,1.0,1,1,0.0,0,0,0.0,0.0,0.0,1.0,1.0,2.0,2.0,2,2.0,2.0,0.0,2.0,0,2.0,0,0.0,0.0,0.0,0.0,0.0,1.0,1.0,0.0,0.0,0.0,0.0,0.0,0,0.0,0.0,0.0,1.0,1,0.0,1.0,1.0,1.0,1.0,1.0,0,0.0,0.0,2.0,0.0,0,0.0,1.0,0.0,0.0,0.0,0,0.0,2.0,2.0,1.0,2.0,0,0.0,0.0,0,1,1.0,1.0,0.0,0.0,1.0,1.0,1.0
1.0,0.0,1.0,0.0,1.0,1.0,1.0,1.0,1.0,1,1.0,1.0,1,0.0,0.0,1.0,1,0.0,0.0,0.0,0.0,0.0,0.0,1.0,0.0,1.0,0,0.0,0,0,1.0,1,0,1.0,0.0,0.0,2.0,1.0,2.0,2.0,2,2.0,2.0,2.0,1.0,1,0.0,0,0.0,0.0,0.0,0.0,0.0,2.0,0.0,0.0,0.0,0.0,0.0,2.0,0,0.0,,0.0,1.0,1,0.0,1.0,1.0,1.0,1.0,0.0,0,0.0,0.0,1.0,0.0,0,0.0,1.0,0.0,0.0,0.0,0,0.0,0.0,0.0,2.0,0.0,1,0.0,1.0,1,1,1.0,1.0,0.0,1.0,0.0,0.0,0.0
0.0,1.0,1.0,2.0,1.0,0.0,0.0,1.0,1.0,1,1.0,1.0,1,1.0,1.0,0.0,0,1.0,1.0,0.0,0.0,0.0,0.0,1.0,0.0,1.0,0,0.0,0,0,0.0,0,0,2.0,0.0,0.0,1.0,0.0,0.0,0.0,0,0.0,0.0,1.0,1.0,1,1.0,0,0.0,0.0,0.0,0.0,0.0,1.0,2.0,0.0,0.0,0.0,0.0,1.0,1,1.0,1.0,1.0,0.0,0,1.0,2.0,2.0,2.0,1.0,1.0,0,0.0,0.0,0.0,0.0,0,1.0,0.0,0.0,0.0,0.0,0,1.0,1.0,0.0,2.0,1.0,0,1.0,0.0,0,0,0.0,0.0,0.0,0.0,1.0,1.0,0.0
0.0,0.0,0.0,2.0,1.0,1.0,0.0,1.0,1.0,1,1.0,1.0,1,0.0,0.0,1.0,1,0.0,0.0,0.0,0.0,0.0,0.0,2.0,0.0,1.0,0,0.0,0,0,0.0,0,0,2.0,0.0,0.0,1.0,0.0,2.0,2.0,2,2.0,2.0,0.0,0.0,1,1.0,0,0.0,0.0,0.0,0.0,0.0,1.0,0.0,0.0,0.0,0.0,0.0,0.0,1,1.0,1.0,1.0,0.0,0,0.0,1.0,1.0,1.0,1.0,1.0,1,1.0,2.0,0.0,1.0,1,0.0,2.0,0.0,0.0,1.0,1,1.0,2.0,2.0,1.0,0.0,0,0.0,0.0,0,0,0.0,0.0,0.0,0.0,0.0,1.0,0.0
1.0,1.0,1.0,0.0,0.0,0.0,0.0,0.0,0.0,0,0.0,0.0,0,0.0,0.0,0.0,0,2.0,1.0,0.0,0.0,0.0,0.0,1.0,0.0,2.0,1,1.0,1,1,0.0,0,0,2.0,0.0,0.0,1.0,1.0,1.0,1.0,1,1.0,2.0,1.0,0.0,0,,0,0.0,0.0,0.0,0.0,0.0,0.0,1.0,0.0,0.0,0.0,0.0,0.0,0,0.0,0.0,0.0,0.0,0,1.0,0.0,0.0,0.0,0.0,2.0,0,0.0,1.0,1.0,0.0,0,0.0,2.0,0.0,0.0,0.0,0,0.0,1.0,0.0,2.0,2.0,0,2.0,0.0,0,0,0.0,0.0,0.0,1.0,1.0,,0.0
2.0,0.0,0.0,0.0,0.0,1.0,1.0,0.0,0.0,0,0.0,0.0,0,0.0,1.0,0.0,0,1.0,0.0,0.0,0.0,0.0,0.0,0.0,2.0,1.0,0,0.0,0,0,2.0,0,0,2.0,0.0,0.0,,0.0,1.0,1.0,1,1.0,1.0,0.0,0.0,0,1.0,0,0.0,0.0,0.0,0.0,0.0,1.0,0.0,1.0,1.0,1.0,1.0,1.0,2,2.0,2.0,2.0,1.0,1,0.0,2.0,2.0,2.0,1.0,0.0,0,0.0,0.0,0.0,1.0,1,1.0,0.0,0.0,0.0,0.0,0,0.0,1.0,1.0,0.0,2.0,0,0.0,1.0,0,1,1.0,1.0,0.0,0.0,0.0,0.0,0.0
1.0,0.0,1.0,0.0,1.0,0.0,0.0,1.0,1.0,1,1.0,1.0,1,0.0,0.0,0.0,0,0.0,2.0,2.0,2.0,2.0,2.0,0.0,1.0,1.0,0,0.0,0,0,0.0,0,1,0.0,2.0,2.0,2.0,0.0,2.0,2.0,2,2.0,2.0,1.0,0.0,0,0.0,0,0.0,0.0,0.0,0.0,0.0,0.0,2.0,0.0,0.0,0.0,0.0,0.0,0,0.0,0.0,1.0,0.0,0,1.0,1.0,1.0,1.0,1.0,0.0,0,0.0,0.0,1.0,,0,0.0,1.0,0.0,0.0,1.0,1,1.0,0.0,0.0,1.0,0.0,0,0.0,0.0,0,0,0.0,0.0,,1.0,1.0,1.0,1.0
1.0,0.0,1.0,1.0,0.0,1.0,0.0,0.0,0.0,0,0.0,0.0,0,1.0,0.0,0.0,0,1.0,1.0,1.0,1.0,2.0,1.0,1.0,0.0,0.0,1,1.0,1,1,1.0,0,0,1.0,0.0,0.0,2.0,2.0,2.0,2.0,2,2.0,2.0,0.0,0.0,1,1.0,0,0.0,0.0,0.0,0.0,0.0,0.0,0.0,2.0,1.0,2.0,1.0,0.0,1,1.0,1.0,1.0,1.0,1,1.0,2.0,2.0,2.0,1.0,0.0,0,0.0,0.0,2.0,1.0,1,0.0,1.0,0.0,0.0,0.0,0,0.0,1.0,0.0,1.0,1.0,0,0.0,0.0,0,1,1.0,1.0,0.0,0.0,0.0,0.0,1.0
1.0,0.0,1.0,0.0,0.0,2.0,,0.0,0.0,0,0.0,0.0,0,0.0,0.0,1.0,0,0.0,0.0,0.0,0.0,0.0,0.0,1.0,2.0,0.0,1,1.0,1,1,0.0,0,0,1.0,0.0,0.0,2.0,1.0,0.0,0.0,0,0.0,0.0,1.0,1.0,0,1.0,0,0.0,0.0,0.0,0.0,0.0,1.0,0.0,0.0,0.0,0.0,0.0,1.0,2,2.0,2.0,2.0,2.0,2,1.0,0.0,0.0,0.0,2.0,0.0,0,0.0,,2.0,0.0,0,0.0,1.0,0.0,0.0,0.0,0,0.0,2.0,2.0,1.0,0.0,0,0.0,0.0,0,0,0.0,0.0,0.0,0.0,1.0,1.0,1.0
1.0,1.0,0.0,0.0,1.0,0.0,0.0,1.0,1.0,1,1.0,1.0,1,1.0,0.0,1.0,1,1.0,0.0,0.0,0.0,0.0,0.0,1.0,1.0,1.0,0,0.0,0,0,0.0,0,0,1.0,0.0,0.0,1.0,0.0,1.0,1.0,1,1.0,1.0,1.0,1.0,1,1.0,0,0.0,0.0,0.0,0.0,0.0,0.0,2.0,1.0,1.0,1.0,1.0,0.0,0,0.0,0.0,0.0,1.0,1,0.0,0.0,0.0,0.0,1.0,0.0,0,0.0,0.0,1.0,0.0,0,0.0,1.0,0.0,0.0,0.0,0,0.0,2.0,1.0,1.0,0.0,0,1.0,0.0,0,1,1.0,1.0,0.0,0.0,0.0,0.0,1.0
1.0,0.0,1.0,1.0,1.0,1.0,0.0,1.0,1.0,1,1.0,1.0,1,1.0,0.0,1.0,1,1.0,0.0,0.0,0.0,0.0,0.0,1.0,1.0,2.0,0,0.0,0,0,2.0,0,0,1.0,0.0,0.0,2.0,1.0,0.0,0.0,0,0.0,0.0,2.0,1.0,1,1.0,0,0.0,0.0,0.0,0.0,0.0,1.0,0.0,0.0,0.0,0.0,0.0,1.0,0,0.0,0.0,0.0,2.0,2,2.0,1.0,1.0,1.0,1.0,1.0,0,0.0,0.0,1.0,1.0,1,1.0,,0.0,0.0,0.0,1,1.0,2.0,2.0,1.0,1.0,0,0.0,1.0,1,2,2.0,2.0,,0.0,0.0,0.0,0.0
0.0,0.0,0.0,0.0,0.0,0.0,1.0,1.0,1.0,1,1.0,1.0,1,0.0,0.0,0.0,0,0.0,0.0,0.0,0.0,0.0,0.0,0.0,1.0,0.0,0,0.0,0,0,1.0,0,0,1.0,0.0,0.0,0.0,1.0,1.0,1.0,1,1.0,1.0,1.0,1.0,1,1.0,0,0.0,0.0,0.0,0.0,0.0,1.0,0.0,1.0,1.0,1.0,1.0,0.0,0,0.0,0.0,0.0,1.0,1,0.0,1.0,1.0,1.0,2.0,0.0,0,0.0,1.0,1.0,1.0,1,0.0,0.0,0.0,0.0,0.0,0,0.0,2.0,2.0,1.0,0.0,0,2.0,0.0,0,1,1.0,1.0,0.0,0.0,2.0,2.0,0.0
0.0,0.0,1.0,2.0,0.0,1.0,0.0,0.0,0.0,0,0.0,0.0,0,0.0,0.0,0.0,0,1.0,0.0,0.0,0.0,0.0,0.0,2.0,0.0,1.0,0,1.0,1,0,0.0,0,0,1.0,0.0,0.0,1.0,1.0,1.0,1.0,1,1.0,1.0,2.0,0.0,0,1.0,0,0.0,0.0,0.0,0.0,0.0,1.0,1.0,0.0,0.0,0.0,0.0,1.0,2,2.0,2.0,2.0,0.0,0,0.0,1.0,1.0,1.0,1.0,0.0,0,0.0,0.0,1.0,0.0,0,0.0,0.0,0.0,0.0,1.0,1,1.0,0.0,0.0,1.0,0.0,0,1.0,0.0,0,1,1.0,1.0,0.0,0.0,1.0,1.0,0.0
1.0,2.0,1.0,0.0,0.0,2.0,2.0,0.0,0.0,0,0.0,0.0,0,,0.0,0.0,0,1.0,0.0,0.0,0.0,0.0,0.0,0.0,0.0,1.0,1,1.0,1,1,0.0,1,0,2.0,0.0,0.0,2.0,1.0,1.0,1.0,1,1.0,1.0,0.0,0.0,0,2.0,0,0.0,0.0,0.0,0.0,0.0,0.0,2.0,1.0,0.0,1.0,0.0,1.0,1,1.0,1.0,1.0,0.0,0,0.0,2.0,2.0,2.0,0.0,0.0,1,1.0,1.0,1.0,1.0,1,0.0,1.0,0.0,0.0,0.0,0,0.0,2.0,2.0,,1.0,0,0.0,0.0,0,2,2.0,2.0,1.0,0.0,1.0,2.0,0.0
1.0,1.0,1.0,1.0,0.0,1.0,0.0,0.0,0.0,0,0.0,0.0,0,0.0,0.0,1.0,1,1.0,0.0,0.0,0.0,0.0,0.0,1.0,1.0,1.0,1,1.0,1,1,0.0,0,0,1.0,0.0,0.0,1.0,1.0,0.0,0.0,0,0.0,0.0,0.0,0.0,2,0.0,1,1.0,1.0,1.0,1.0,1.0,1.0,0.0,0.0,0.0,0.0,0.0,0.0,1,1.0,1.0,1.0,0.0,0,0.0,0.0,0.0,0.0,2.0,1.0,0,0.0,0.0,2.0,0.0,0,0.0,0.0,0.0,0.0,1.0,1,1.0,2.0,2.0,1.0,0.0,0,0.0,0.0,0,1,1.0,1.0,1.0,0.0,0.0,0.0,0.0
0.0,0.0,1.0,1.0,0.0,,0.0,1.0,1.0,1,1.0,1.0,1,0.0,0.0,1.0,1,2.0,1.0,1.0,1.0,1.0,1.0,1.0,0.0,0.0,1,1.0,1,1,0.0,0,0,0.0,0.0,0.0,1.0,2.0,1.0,1.0,1,1.0,1.0,2.0,0.0,0,0.0,0,0.0,0.0,0.0,0.0,0.0,1.0,0.0,0.0,0.0,0.0,0.0,0.0,0,0.0,0.0,0.0,2.0,2,0.0,2.0,2.0,2.0,2.0,0.0,0,0.0,0.0,0.0,0.0,0,0.0,2.0,0.0,0.0,0.0,0,0.0,1.0,1.0,1.0,1.0,0,2.0,0.0,0,0,0.0,0.0,,1.0,1.0,1.0,1.0
1.0,0.0,0.0,0.0,0.0,2.0,0.0,0.0,0.0,0,0.0,0.0,0,0.0,1.0,0.0,0,1.0,0.0,0.0,0.0,0.0,0.0,1.0,1.0,2.0,0,0.0,0,0,0.0,1,1,2.0,0.0,0.0,1.0,1.0,0.0,0.0,0,0.0,0.0,0.0,0.0,1,0.0,0,0.0,0.0,0.0,0.0,0.0,1.0,0.0,1.0,1.0,1.0,1.0,0.0,0,0.0,0.0,0.0,1.0,1,0.0,2.0,2.0,2.0,0.0,0.0,0,0.0,1.0,0.0,0.0,0,0.0,0.0,2.0,2.0,1.0,1,1.0,1.0,1.0,1.0,1.0,0,0.0,0.0,0,1,1.0,1.0,1.0,1.0,1.0,1.0,1.0
0.0,0.0,0.0,1.0,0.0,2.0,0.0,1.0,1.0,1,1.0,1.0,1,0.0,0.0,2.0,2,0.0,0.0,0.0,0.0,0.0,0.0,1.0,1.0,0.0,1,1.0,1,1,1.0,1,0,1.0,0.0,0.0,0.0,0.0,2.0,2.0,2,2.0,2.0,0.0,0.0,0,2.0,0,0.0,0.0,0.0,0.0,0.0,1.0,0.0,1.0,1.0,1.0,1.0,0.0,2,2.0,2.0,2.0,0.0,0,0.0,0.0,0.0,,2.0,0.0,1,1.0,2.0,0.0,0.0,0,0.0,0.0,0.0,0.0,0.0,0,0.0,0.0,0.0,0.0,1.0,1,1.0,0.0,0,0,0.0,0.0,0.0,1.0,0.0,0.0,0.0
0.0,0.0,1.0,0.0,0.0,0.0,0.0,0.0,0.0,0,0.0,0.0,0,0.0,0.0,1.0,1,2.0,0.0,0.0,0.0,0.0,0.0,2.0,1.0,0.0,0,0.0,0,0,0.0,0,1,0.0,0.0,0.0,0.0,1.0,2.0,2.0,2,,2.0,1.0,0.0,0,1.0,0,0.0,0.0,0.0,0.0,0.0,1.0,2.0,0.0,0.0,0.0,0.0,0.0,2,2.0,2.0,2.0,1.0,1,0.0,1.0,1.0,1.0,1.0,1.0,0,0.0,0.0,1.0,0.0,0,0.0,1.0,0.0,0.0,2.0,2,2.0,1.0,1.0,0.0,1.0,0,0.0,0.0,0,1,1.0,1.0,1.0,1.0,1.0,1.0,1.0
1.0,0.0,0.0,0.0,0.0,2.0,0.0,1.0,1.0,1,1.0,1.0,1,0.0,0.0,0.0,0,0.0,0.0,0.0,0.0,0.0,0.0,0.0,0.0,2.0,0,0.0,0,0,0.0,0,0,1.0,1.0,1.0,1.0,1.0,1.0,1.0,1,1.0,1.0,1.0,0.0,0,2.0,1,1.0,1.0,1.0,1.0,1.0,1.0,0.0,1.0,0.0,1.0,0.0,1.0,1,1.0,1.0,1.0,1.0,1,0.0,0.0,0.0,0.0,1.0,0.0,0,0.0,0.0,1.0,0.0,0,1.0,1.0,0.0,0.0,0.0,0,0.0,1.0,0.0,1.0,0.0,1,0.0,0.0,0,0,0.0,0.0,2.0,0.0,0.0,0.0,0.0
1.0,0.0,1.0,0.0,0.0,0.0,0.0,0.0,0.0,0,0.0,0.0,0,0.0,0.0,1.0,1,1.0,0.0,0.0,0.0,0.0,0.0,2.0,1.0,1.0,1,1.0,1,1,1.0,0,0,1.0,0.0,0.0,1.0,1.0,2.0,2.0,2,2.0,2.0,1.0,1.0,1,0.0,0,0.0,0.0,0.0,0.0,0.0,1.0,1.0,0.0,0.0,0.0,0.0,0.0,1,1.0,1.0,1.0,0.0,0,1.0,0.0,0.0,0.0,1.0,0.0,0,0.0,0.0,1.0,0.0,0,0.0,1.0,1.0,1.0,0.0,0,0.0,1.0,1.0,1.0,0.0,0,1.0,0.0,0,0,0.0,0.0,0.0,0.0,0.0,1.0,1.0
1.0,0.0,1.0,1.0,0.0,1.0,1.0,0.0,0.0,0,0.0,0.0,0,0.0,0.0,1.0,1,1.0,1.0,0.0,0.0,0.0,0.0,1.0,1.0,2.0,1,1.0,1,1,1.0,1,0,1.0,1.0,1.0,0.0,2.0,1.0,1.0,1,1.0,1.0,1.0,1.0,1,1.0,0,0.0,0.0,0.0,0.0,0.0,2.0,0.0,1.0,1.0,1.0,1.0,0.0,1,1.0,1.0,1.0,1.0,1,1.0,1.0,1.0,1.0,1.0,0.0,0,0.0,0.0,1.0,1.0,0,0.0,1.0,1.0,1.0,0.0,0,0.0,1.0,1.0,1.0,0.0,0,1.0,0.0,0,2,2.0,2.0,0.0,0.0,0.0,0.0,1.0
2.0,0.0,0.0,0.0,1.0,1.0,1.0,1.0,1.0,1,1.0,1.0,1,1.0,0.0,1.0,1,0.0,0.0,0.0,0.0,0.0,0.0,2.0,0.0,1.0,1,1.0,1,1,0.0,0,0,1.0,0.0,0.0,1.0,1.0,1.0,1.0,1,1.0,1.0,1.0,0.0,0,1.0,0,0.0,0.0,0.0,0.0,0.0,1.0,1.0,2.0,1.0,2.0,1.0,1.0,2,2.0,2.0,2.0,0.0,0,1.0,0.0,0.0,0.0,1.0,0.0,0,0.0,0.0,1.0,1.0,1,0.0,0.0,0.0,0.0,0.0,0,0.0,1.0,1.0,1.0,1.0,0,2.0,0.0,0,1,1.0,1.0,1.0,1.0,0.0,0.0,1.0
2.0,1.0,0.0,0.0,0.0,0.0,0.0,1.0,1.0,1,1.0,1.0,1,,0.0,0.0,0,1.0,0.0,0.0,0.0,0.0,0.0,1.0,1.0,0.0,0,0.0,0,0,0.0,1,0,1.0,0.0,0.0,1.0,0.0,1.0,1.0,1,1.0,1.0,0.0,1.0,1,1.0,0,0.0,0.0,0.0,0.0,0.0,1.0,2.0,1.0,1.0,1.0,1.0,1.0,1,1.0,1.0,1.0,0.0,0,1.0,1.0,1.0,1.0,2.0,0.0,0,0.0,0.0,1.0,0.0,0,0.0,1.0,0.0,0.0,0.0,0,0.0,1.0,1.0,1.0,1.0,1,2.0,0.0,0,0,0.0,0.0,0.0,0.0,2.0,2.0,1.0
2.0,0.0,1.0,1.0,1.0,0.0,0.0,2.0,2.0,2,2.0,2.0,2,0.0,0.0,1.0,1,0.0,1.0,1.0,1.0,1.0,1.0,0.0,0.0,0.0,0,2.0,2,0,1.0,0,1,1.0,0.0,0.0,0.0,2.0,2.0,2.0,2,2.0,2.0,1.0,1.0,1,0.0,0,0.0,0.0,0.0,0.0,0.0,0.0,1.0,1.0,1.0,,0.0,0.0,0,0.0,,0.0,2.0,2,0.0,1.0,0.0,0.0,0.0,0.0,0,0.0,1.0,0.0,1.0,1,0.0,0.0,0.0,0.0,0.0,0,0.0,0.0,0.0,2.0,1.0,0,1.0,0.0,0,0,0.0,1.0,0.0,0.0,1.0,1.0,1.0
0.0,0.0,1.0,0.0,0.0,0.0,1.0,0.0,0.0,0,0.0,0.0,0,1.0,0.0,0.0,0,0.0,1.0,0.0,0.0,0.0,0.0,0.0,,1.0,0,0.0,0,0,0.0,0,0,0.0,0.0,0.0,0.0,0.0,0.0,0.0,0,0.0,1.0,0.0,0.0,0,1.0,0,0.0,0.0,0.0,0.0,0.0,1.0,0.0,1.0,1.0,1.0,1.0,0.0,1,1.0,,1.0,2.0,2,0.0,0.0,0.0,0.0,1.0,2.0,0,0.0,0.0,2.0,1.0,0,0.0,0.0,0.0,0.0,0.0,0,0.0,2.0,2.0,1.0,1.0,1,2.0,0.0,0,0,0.0,0.0,0.0,1.0,1.0,1.0,1.0
1.0,0.0,,0.0,2.0,0.0,2.0,1.0,1.0,1,1.0,1.0,1,1.0,0.0,1.0,1,1.0,0.0,0.0,0.0,0.0,0.0,1.0,0.0,0.0,0,1.0,0,0,1.0,0,0,0.0,0.0,0.0,1.0,1.0,1.0,1.0,1,1.0,1.0,0.0,1.0,2,0.0,0,0.0,0.0,0.0,0.0,0.0,1.0,1.0,1.0,1.0,1.0,1.0,1.0,0,0.0,1.0,0.0,1.0,1,1.0,1.0,1.0,1.0,1.0,0.0,1,1.0,1.0,1.0,1.0,0,0.0,0.0,0.0,0.0,0.0,0,0.0,1.0,1.0,0.0,1.0,0,2.0,0.0,0,2,2.0,2.0,0.0,1.0,1.0,1.0,1.0
0.0,0.0,0.0,1.0,0.0,1.0,1.0,0.0,0.0,0,0.0,0.0,0,0.0,0.0,2.0,2,0.0,1.0,1.0,1.0,1.0,1.0,0.0,1.0,0.0,0,1.0,1,0,0.0,1,0,0.0,0.0,0.0,0.0,0.0,0.0,0.0,0,0.0,0.0,0.0,0.0,0,1.0,0,0.0,0.0,0.0,0.0,0.0,0.0,2.0,0.0,0.0,0.0,0.0,0.0,0,0.0,0.0,0.0,0.0,0,0.0,1.0,1.0,1.0,1.0,1.0,0,0.0,1.0,1.0,0.0,0,0.0,2.0,0.0,0.0,0.0,0,0.0,1.0,0.0,1.0,1.0,0,1.0,0.0,0,0,0.0,0.0,2.0,1.0,1.0,1.0,1.0
2.0,0.0,0.0,1.0,1.0,0.0,0.0,0.0,0.0,0,0.0,0.0,0,0.0,0.0,0.0,0,0.0,0.0,0.0,0.0,0.0,0.0,1.0,0.0,1.0,0,0.0,0,0,0.0,0,1,2.0,0.0,0.0,0.0,0.0,1.0,1.0,1,1.0,1.0,0.0,1.0,2,0.0,0,0.0,0.0,0.0,0.0,0.0,1.0,0.0,1.0,1.0,1.0,1.0,0.0,2,2.0,2.0,2.0,0.0,0,1.0,2.0,2.0,2.0,2.0,0.0,0,0.0,0.0,1.0,0.0,0,0.0,0.0,0.0,0.0,0.0,0,0.0,0.0,0.0,1.0,1.0,1,2.0,0.0,0,2,2.0,2.0,0.0,0.0,0.0,0.0,1.0
1.0,0.0,1.0,1.0,0.0,1.0,1.0,1.0,1.0,1,1.0,1.0,1,0.0,0.0,1.0,1,1.0,1.0,1.0,1.0,1.0,1.0,1.0,0.0,0.0,1,1.0,1,1,1.0,0,0,1.0,0.0,0.0,,0.0,0.0,0.0,0,0.0,0.0,2.0,0.0,1,1.0,0,0.0,0.0,0.0,0.0,0.0,1.0,1.0,0.0,0.0,0.0,0.0,0.0,0,0.0,0.0,0.0,1.0,1,1.0,1.0,1.0,1.0,1.0,0.0,0,0.0,1.0,0.0,2.0,2,0.0,1.0,0.0,0.0,0.0,0,0.0,2.0,2.0,0.0,0.0,0,0.0,0.0,0,2,2.0,2.0,0.0,2.0,1.0,1.0,0.0
1.0,1.0,0.0,1.0,0.0,1.0,0.0,0.0,0.0,0,0.0,0.0,0,,0.0,1.0,1,0.0,0.0,0.0,0.0,0.0,0.0,1.0,0.0,1.0,0,1.0,1,0,0.0,1,0,1.0,0.0,0.0,2.0,0.0,2.0,2.0,2,2.0,2.0,2.0,0.0,1,1.0,0,0.0,0.0,0.0,0.0,0.0,0.0,1.0,0.0,0.0,0.0,0.0,1.0,1,1.0,1.0,1.0,1.0,1,0.0,1.0,1.0,1.0,0.0,1.0,1,1.0,1.0,0.0,2.0,2,1.0,2.0,0.0,0.0,0.0,0,0.0,1.0,1.0,0.0,1.0,0,0.0,0.0,0,1,1.0,1.0,1.0,0.0,1.0,1.0,0.0
0.0,0.0,0.0,0.0,0.0,1.0,0.0,0.0,0.0,0,0.0,0.0,0,0.0,0.0,0.0,0,1.0,1.0,0.0,0.0,0.0,0.0,0.0,0.0,1.0,2,2.0,2,2,1.0,0,0,2.0,0.0,0.0,0.0,2.0,2.0,2.0,2,2.0,2.0,1.0,1.0,1,1.0,0,0.0,0.0,0.0,0.0,0.0,,1.0,0.0,0.0,0.0,0.0,0.0,2,2.0,2.0,1.0,2.0,2,1.0,0.0,0.0,0.0,1.0,0.0,0,0.0,0.0,2.0,0.0,0,0.0,,0.0,0.0,0.0,0,0.0,0.0,0.0,0.0,1.0,0,1.0,0.0,0,0,0.0,0.0,0.0,1.0,1.0,1.0,1.0
1.0,0.0,1.0,0.0,1.0,1.0,0.0,1.0,1.0,1,1.0,1.0,1,2.0,1.0,1.0,1,1.0,0.0,1.0,1.0,1.0,1.0,0.0,0.0,0.0,0,0.0,0,0,1.0,1,0,2.0,0.0,0.0,1.0,1.0,0.0,0.0,0,0.0,0.0,0.0,0.0,0,2.0,0,0.0,0.0,0.0,0.0,0.0,0.0,1.0,,1.0,1.0,1.0,1.0,0,0.0,,0.0,1.0,1,1.0,1.0,1.0,2.0,1.0,0.0,0,0.0,0.0,0.0,1.0,1,0.0,0.0,1.0,1.0,0.0,0,0.0,0.0,0.0,0.0,0.0,0,1.0,0.0,0,0,0.0,0.0,1.0,1.0,2.0,2.0,1.0
0.0,0.0,0.0,0.0,1.0,1.0,1.0,2.0,,2,1.0,2.0,2,1.0,0.0,0.0,0,1.0,0.0,0.0,0.0,0.0,0.0,0.0,1.0,0.0,0,0.0,0,0,0.0,0,0,1.0,0.0,0.0,1.0,1.0,1.0,1.0,1,1.0,1.0,0.0,0.0,1,0.0,0,0.0,0.0,0.0,0.0,0.0,0.0,0.0,0.0,0.0,0.0,0.0,1.0,1,1.0,1.0,1.0,2.0,2,1.0,0.0,0.0,0.0,1.0,1.0,0,0.0,0.0,1.0,0.0,0,1.0,0.0,0.0,0.0,0.0,1,1.0,1.0,1.0,1.0,0.0,0,0.0,0.0,0,1,1.0,1.0,0.0,0.0,1.0,1.0,1.0
2.0,0.0,1.0,2.0,1.0,0.0,1.0,0.0,0.0,0,0.0,0.0,0,0.0,1.0,1.0,1,0.0,0.0,0.0,0.0,0.0,0.0,1.0,1.0,1.0,0,0.0,0,0,2.0,1,0,0.0,0.0,0.0,1.0,1.0,1.0,1.0,1,1.0,1.0,0.0,0.0,1,0.0,0,0.0,0.0,0.0,0.0,0.0,1.0,0.0,1.0,1.0,1.0,1.0,0.0,0,0.0,0.0,0.0,2.0,2,0.0,1.0,1.0,1.0,1.0,1.0,0,0.0,0.0,0.0,0.0,0,0.0,2.0,0.0,0.0,1.0,1,1.0,1.0,1.0,1.0,0.0,0,0.0,0.0,0,0,0.0,0.0,0.0,1.0,0.0,0.0,0.0
0.0,1.0,1.0,1.0,0.0,0.0,0.0,0.0,0.0,0,0.0,,0,0.0,0.0,1.0,1,0.0,0.0,0.0,0.0,0.0,0.0,2.0,1.0,0.0,0,0.0,0,0,1.0,1,0,1.0,0.0,0.0,2.0,1.0,1.0,1.0,1,1.0,1.0,1.0,0.0,0,0.0,0,0.0,0.0,0.0,0.0,0.0,1.0,0.0,1.0,1.0,1.0,1.0,0.0,1,1.0,1.0,1.0,1.0,1,0.0,0.0,0.0,0.0,0.0,0.0,0,0.0,0.0,1.0,0.0,0,0.0,2.0,0.0,0.0,0.0,0,0.0,1.0,1.0,2.0,0.0,0,1.0,0.0,0,0,0.0,0.0,1.0,1.0,1.0,1.0,0.0
0.0,0.0,0.0,1.0,0.0,,2.0,1.0,1.0,1,1.0,1.0,1,0.0,1.0,0.0,0,0.0,2.0,1.0,1.0,1.0,1.0,0.0,1.0,1.0,0,0.0,0,0,1.0,0,0,1.0,0.0,0.0,1.0,0.0,0.0,0.0,0,0.0,0.0,1.0,0.0,1,1.0,0,0.0,0.0,0.0,0.0,0.0,1.0,0.0,1.0,1.0,2.0,1.0,0.0,0,0.0,0.0,0.0,0.0,0,0.0,1.0,1.0,1.0,1.0,0.0,1,1.0,1.0,1.0,,0,0.0,1.0,0.0,0.0,0.0,0,0.0,0.0,0.0,0.0,1.0,1,1.0,1.0,1,2,2.0,2.0,,1.0,0.0,0.0,0.0
1.0,0.0,1.0,0.0,0.0,1.0,1.0,2.0,2.0,2,2.0,2.0,2,1.0,0.0,0.0,0,2.0,1.0,2.0,2.0,2.0,2.0,1.0,1.0,0.0,1,1.0,1,1,0.0,0,0,1.0,0.0,0.0,1.0,1.0,1.0,1.0,1,1.0,1.0,2.0,1.0,1,1.0,0,0.0,0.0,0.0,0.0,0.0,2.0,2.0,1.0,1.0,1.0,1.0,0.0,1,1.0,1.0,,1.0,1,1.0,1.0,1.0,1.0,0.0,1.0,2,2.0,2.0,2.0,1.0,1,1.0,0.0,0.0,0.0,0.0,0,0.0,1.0,1.0,,0.0,1,0.0,0.0,0,0,0.0,0.0,0.0,0.0,1.0,1.0,0.0
0.0,0.0,1.0,0.0,0.0,,1.0,0.0,0.0,0,0.0,0.0,0,1.0,0.0,0.0,0,1.0,0.0,0.0,0.0,0.0,0.0,0.0,0.0,1.0,0,1.0,1,0,,0,0,2.0,0.0,0.0,2.0,2.0,2.0,2.0,2,,2.0,0.0,0.0,1,0.0,0,0.0,0.0,0.0,0.0,0.0,0.0,1.0,1.0,1.0,1.0,1.0,1.0,1,1.0,1.0,1.0,1.0,0,0.0,0.0,0.0,0.0,2.0,1.0,0,0.0,0.0,1.0,0.0,0,1.0,1.0,0.0,0.0,0.0,0,0.0,2.0,2.0,0.0,0.0,0,,0.0,0,1,1.0,1.0,2.0,1.0,0.0,0.0,0.0
1.0,0.0,0.0,0.0,0.0,2.0,0.0,1.0,1.0,1,0.0,1.0,1,0.0,0.0,2.0,2,1.0,1.0,1.0,1.0,1.0,1.0,1.0,1.0,0.0,1,1.0,1,1,2.0,0,0,2.0,1.0,1.0,1.0,1.0,0.0,0.0,0,0.0,0.0,1.0,1.0,0,1.0,0,1.0,1.0,2.0,2.0,2.0,0.0,0.0,0.0,0.0,0.0,0.0,1.0,1,1.0,1.0,1.0,0.0,0,0.0,1.0,1.0,1.0,1.0,0.0,0,0.0,0.0,0.0,0.0,0,0.0,1.0,0.0,0.0,0.0,0,0.0,1.0,1.0,1.0,0.0,1,0.0,0.0,0,0,0.0,0.0,0.0,1.0,0.0,0.0,0.0
2.0,0.0,0.0,1.0,1.0,1.0,1.0,1.0,1.0,1,1.0,1.0,1,0.0,0.0,1.0,1,0.0,0.0,0.0,0.0,0.0,0.0,1.0,0.0,1.0,0,0.0,0,0,1.0,0,0,0.0,0.0,0.0,1.0,0.0,2.0,2.0,2,2.0,2.0,0.0,0.0,0,1.0,0,0.0,0.0,0.0,0.0,0.0,0.0,1.0,0.0,0.0,0.0,0.0,1.0,1,1.0,1.0,1.0,1.0,1,1.0,0.0,0.0,0.0,1.0,0.0,0,0.0,0.0,0.0,1.0,1,1.0,1.0,0.0,0.0,0.0,0,0.0,1.0,1.0,2.0,0.0,0,0.0,0.0,0,1,1.0,1.0,0.0,1.0,0.0,0.0,1.0
2.0,0.0,1.0,0.0,1.0,0.0,1.0,1.0,1.0,1,1.0,1.0,1,0.0,0.0,1.0,1,1.0,0.0,0.0,0.0,0.0,0.0,1.0,0.0,0.0,2,2.0,2,2,0.0,0,0,2.0,0.0,0.0,1.0,1.0,1.0,1.0,1,1.0,1.0,0.0,1.0,0,0.0,0,0.0,0.0,0.0,0.0,0.0,0.0,2.0,0.0,0.0,0.0,0.0,0.0,1,1.0,1.0,1.0,1.0,1,1.0,1.0,1.0,1.0,2.0,1.0,0,0.0,0.0,0.0,0.0,0,0.0,1.0,0.0,0.0,1.0,1,1.0,1.0,1.0,0.0,2.0,1,0.0,0.0,0,0,0.0,0.0,0.0,2.0,0.0,0.0,1.0
1.0,1.0,0.0,2.0,0.0,1.0,1.0,0.0,0.0,0,0.0,0.0,0,0.0,0.0,1.0,1,0.0,0.0,0.0,0.0,0.0,0.0,1.0,1.0,0.0,1,1.0,1,1,,0,1,1.0,0.0,0.0,1.0,0.0,1.0,1.0,1,1.0,1.0,0.0,0.0,0,2.0,0,0.0,0.0,0.0,0.0,0.0,1.0,2.0,0.0,0.0,0.0,0.0,1.0,1,1.0,1.0,1.0,0.0,0,0.0,0.0,0.0,0.0,1.0,0.0,0,0.0,0.0,2.0,1.0,1,0.0,0.0,1.0,1.0,0.0,0,0.0,2.0,2.0,1.0,1.0,0,2.0,,0,0,0.0,0.0,0.0,1.0,0.0,0.0,0.0
1.0,0.0,0.0,0.0,1.0,0.0,0.0,1.0,1.0,1,1.0,1.0,1,0.0,0.0,0.0,0,0.0,0.0,0.0,0.0,0.0,0.0,1.0,0.0,1.0,0,0.0,0,0,1.0,1,0,0.0,0.0,0.0,0.0,1.0,2.0,2.0,2,2.0,2.0,0.0,0.0,1,1.0,1,1.0,1.0,1.0,1.0,1.0,0.0,2.0,0.0,0.0,0.0,0.0,0.0,2,2.0,2.0,2.0,0.0,0,1.0,0.0,0.0,0.0,0.0,0.0,0,0.0,0.0,0.0,1.0,1,0.0,1.0,0.0,0.0,1.0,1,1.0,0.0,1.0,1.0,1.0,1,0.0,0.0,0,0,0.0,0.0,0.0,0.0,0.0,0.0,1.0
1.0,0.0,0.0,1.0,1.0,1.0,0.0,1.0,1.0,1,1.0,1.0,1,0.0,0.0,1.0,0,0.0,0.0,0.0,0.0,0.0,0.0,1.0,1.0,1.0,1,1.0,1,1,0.0,0,0,1.0,1.0,1.0,1.0,1.0,0.0,0.0,0,0.0,0.0,2.0,0.0,0,1.0,0,0.0,0.0,0.0,0.0,0.0,2.0,1.0,0.0,0.0,0.0,0.0,1.0,1,1.0,1.0,1.0,1.0,1,0.0,1.0,1.0,1.0,1.0,0.0,0,0.0,0.0,2.0,0.0,0,0.0,1.0,0.0,0.0,0.0,0,0.0,0.0,0.0,0.0,1.0,0,1.0,0.0,0,1,1.0,1.0,0.0,1.0,1.0,2.0,0.0
1.0,0.0,1.0,0.0,2.0,0.0,0.0,0.0,0.0,0,0.0,0.0,0,0.0,0.0,0.0,0,1.0,1.0,0.0,0.0,0.0,0.0,1.0,0.0,2.0,0,1.0,0,0,1.0,0,0,1.0,0.0,0.0,1.0,2.0,2.0,2.0,2,2.0,2.0,0.0,0.0,0,1.0,0,0.0,0.0,0.0,0.0,0.0,0.0,1.0,0.0,0.0,0.0,0.0,0.0,2,2.0,2.0,2.0,0.0,0,0.0,1.0,1.0,1.0,1.0,1.0,0,0.0,0.0,1.0,0.0,0,0.0,0.0,1.0,1.0,1.0,1,1.0,0.0,0.0,0.0,0.0,1,1.0,0.0,0,0,0.0,0.0,0.0,1.0,1.0,1.0,1.0
1.0,0.0,0.0,2.0,0.0,1.0,1.0,1.0,1.0,1,1.0,1.0,1,0.0,0.0,1.0,1,1.0,0.0,0.0,0.0,0.0,0.0,0.0,0.0,1.0,0,0.0,0,0,1.0,0,0,2.0,0.0,0.0,1.0,0.0,1.0,1.0,1,1.0,1.0,0.0,0.0,0,2.0,0,0.0,0.0,0.0,0.0,0.0,1.0,0.0,1.0,1.0,,1.0,0.0,2,2.0,2.0,2.0,1.0,1,0.0,2.0,2.0,2.0,1.0,1.0,0,0.0,0.0,1.0,0.0,0,2.0,1.0,0.0,0.0,0.0,0,0.0,0.0,0.0,1.0,0.0,1,1.0,0.0,0,0,0.0,0.0,0.0,0.0,0.0,0.0,0.0
,0.0,0.0,2.0,0.0,0.0,2.0,0.0,0.0,0,0.0,0.0,0,0.0,0.0,1.0,1,2.0,0.0,0.0,0.0,0.0,0.0,1.0,0.0,2.0,1,1.0,1,1,1.0,1,0,0.0,0.0,0.0,2.0,2.0,0.0,0.0,0,0.0,0.0,1.0,0.0,1,0.0,0,0.0,0.0,0.0,0.0,0.0,1.0,1.0,0.0,0.0,0.0,0.0,0.0,0,0.0,0.0,0.0,2.0,2,0.0,2.0,,2.0,0.0,0.0,0,0.0,0.0,1.0,0.0,0,0.0,1.0,0.0,0.0,0.0,0,0.0,1.0,0.0,1.0,0.0,0,0.0,0.0,0,1,1.0,1.0,1.0,1.0,1.0,1.0,0.0
2.0,0.0,0.0,1.0,1.0,1.0,0.0,0.0,0.0,0,0.0,0.0,0,0.0,0.0,1.0,1,0.0,2.0,2.0,2.0,2.0,2.0,2.0,0.0,0.0,1,1.0,1,1,1.0,0,0,0.0,0.0,0.0,1.0,1.0,1.0,1.0,1,1.0,2.0,1.0,2.0,2,0.0,0,0.0,0.0,0.0,0.0,0.0,0.0,2.0,1.0,0.0,1.0,0.0,0.0,1,1.0,1.0,1.0,1.0,1,0.0,0.0,0.0,0.0,1.0,1.0,0,0.0,0.0,2.0,0.0,0,1.0,1.0,0.0,0.0,0.0,0,0.0,1.0,1.0,1.0,2.0,0,0.0,0.0,0,0,0.0,0.0,2.0,1.0,1.0,1.0,1.0
1.0,0.0,0.0,1.0,0.0,1.0,0.0,0.0,0.0,0,0.0,0.0,0,0.0,0.0,1.0,1,2.0,0.0,0.0,0.0,0.0,0.0,1.0,1.0,0.0,0,0.0,0,0,1.0,0,0,2.0,0.0,,1.0,1.0,1.0,1.0,1,1.0,1.0,0.0,0.0,0,0.0,0,0.0,0.0,0.0,0.0,0.0,1.0,1.0,1.0,1.0,1.0,1.0,0.0,0,0.0,0.0,0.0,0.0,0,2.0,0.0,0.0,0.0,0.0,,1,1.0,1.0,0.0,0.0,0,1.0,1.0,0.0,0.0,0.0,0,0.0,1.0,0.0,0.0,0.0,0,0.0,0.0,0,1,1.0,1.0,1.0,1.0,1.0,1.0,0.0
2.0,0.0,0.0,0.0,0.0,1.0,0.0,2.0,2.0,2,2.0,2.0,2,0.0,0.0,1.0,1,1.0,1.0,1.0,1.0,1.0,1.0,1.0,0.0,1.0,0,0.0,0,0,0.0,0,0,1.0,0.0,0.0,2.0,2.0,0.0,0.0,0,0.0,0.0,1.0,0.0,1,0.0,0,0.0,0.0,0.0,0.0,0.0,1.0,0.0,0.0,0.0,0.0,0.0,0.0,0,0.0,0.0,0.0,2.0,2,0.0,1.0,1.0,1.0,1.0,1.0,0,0.0,1.0,1.0,0.0,0,0.0,0.0,0.0,0.0,1.0,1,1.0,1.0,1.0,2.0,1.0,1,1.0,0.0,0,1,1.0,1.0,1.0,1.0,,2.0,0.0
2.0,1.0,0.0,0.0,1.0,1.0,1.0,1.0,1.0,1,1.0,2.0,1,0.0,1.0,1.0,1,2.0,0.0,0.0,0.0,0.0,,1.0,1.0,0.0,1,1.0,1,1,0.0,0,0,1.0,1.0,1.0,2.0,1.0,1.0,1.0,1,1.0,1.0,1.0,1.0,2,0.0,0,1.0,1.0,0.0,0.0,0.0,0.0,1.0,2.0,1.0,2.0,1.0,1.0,1,1.0,1.0,1.0,1.0,1,2.0,1.0,1.0,1.0,0.0,1.0,0,0.0,0.0,1.0,1.0,1,0.0,1.0,0.0,0.0,0.0,1,1.0,1.0,1.0,0.0,0.0,0,1.0,0.0,0,0,0.0,0.0,0.0,0.0,0.0,0.0,1.0
2.0,1.0,0.0,0.0,1.0,0.0,1.0,0.0,0.0,0,0.0,0.0,0,0.0,0.0,1.0,1,1.0,0.0,0.0,0.0,0.0,0.0,1.0,0.0,0.0,0,0.0,0,0,0.0,1,0,0.0,0.0,0.0,1.0,0.0,1.0,1.0,1,1.0,1.0,0.0,0.0,0,1.0,0,0.0,0.0,0.0,0.0,0.0,0.0,0.0,1.0,1.0,1.0,1.0,1.0,1,1.0,1.0,1.0,0.0,0,0.0,1.0,1.0,1.0,1.0,0.0,0,0.0,0.0,1.0,0.0,0,0.0,0.0,0.0,0.0,0.0,0,0.0,,0.0,1.0,1.0,0,1.0,0.0,0,0,0.0,0.0,0.0,0.0,1.0,1.0,1.0
1.0,1.0,0.0,0.0,1.0,0.0,0.0,1.0,1.0,1,1.0,1.0,1,0.0,0.0,0.0,0,2.0,0.0,0.0,0.0,0.0,0.0,1.0,0.0,1.0,0,0.0,0,0,0.0,0,0,0.0,0.0,0.0,2.0,1.0,1.0,1.0,1,1.0,1.0,0.0,0.0,2,0.0,0,0.0,0.0,0.0,0.0,0.0,2.0,1.0,1.0,1.0,1.0,1.0,0.0,1,1.0,1.0,1.0,1.0,1,0.0,0.0,0.0,0.0,0.0,2.0,1,2.0,1.0,0.0,0.0,0,0.0,0.0,0.0,0.0,0.0,0,0.0,2.0,2.0,1.0,0.0,0,0.0,0.0,0,2,1.0,1.0,1.0,2.0,1.0,1.0,0.0
1.0,1.0,1.0,2.0,0.0,1.0,1.0,1.0,1.0,1,1.0,,1,0.0,0.0,0.0,0,2.0,0.0,0.0,0.0,0.0,0.0,0.0,0.0,1.0,1,1.0,1,1,0.0,0,1,1.0,0.0,0.0,2.0,1.0,1.0,1.0,1,1.0,1.0,0.0,0.0,0,1.0,0,0.0,0.0,0.0,0.0,0.0,1.0,2.0,0.0,0.0,0.0,0.0,0.0,0,0.0,0.0,0.0,1.0,1,1.0,0.0,0.0,0.0,1.0,0.0,0,0.0,0.0,1.0,1.0,1,0.0,0.0,0.0,0.0,0.0,0,0.0,2.0,0.0,1.0,1.0,0,1.0,0.0,0,0,0.0,0.0,1.0,1.0,1.0,1.0,1.0
2.0,0.0,1.0,1.0,1.0,,0.0,1.0,1.0,1,1.0,1.0,1,0.0,0.0,1.0,1,0.0,1.0,1.0,1.0,1.0,1.0,0.0,0.0,1.0,1,2.0,1,1,0.0,0,0,1.0,1.0,1.0,2.0,0.0,1.0,1.0,1,1.0,1.0,1.0,0.0,1,1.0,0,0.0,0.0,0.0,0.0,0.0,2.0,1.0,0.0,0.0,0.0,0.0,1.0,1,1.0,1.0,1.0,1.0,1,0.0,0.0,0.0,0.0,0.0,1.0,1,1.0,1.0,0.0,1.0,1,1.0,0.0,1.0,1.0,0.0,0,0.0,0.0,0.0,1.0,1.0,0,0.0,0.0,0,0,0.0,0.0,0.0,0.0,1.0,1.0,1.0
0.0,0.0,1.0,0.0,0.0,2.0,0.0,1.0,1.0,1,1.0,1.0,1,0.0,1.0,1.0,1,0.0,0.0,0.0,0.0,0.0,0.0,1.0,0.0,0.0,0,0.0,0,0,1.0,0,0,1.0,0.0,0.0,2.0,1.0,0.0,0.0,0,0.0,0.0,1.0,0.0,0,0.0,0,0.0,0.0,0.0,0.0,0.0,1.0,0.0,1.0,1.0,1.0,1.0,1.0,1,1.0,1.0,1.0,1.0,1,0.0,0.0,0.0,0.0,1.0,1.0,1,1.0,1.0,1.0,2.0,2,0.0,1.0,0.0,0.0,0.0,0,0.0,1.0,1.0,,1.0,0,1.0,0.0,0,0,0.0,0.0,1.0,0.0,0.0,0.0,0.0
2.0,0.0,0.0,1.0,1.0,0.0,1.0,1.0,1.0,1,1.0,,1,0.0,0.0,0.0,0,0.0,0.0,0.0,0.0,0.0,0.0,1.0,0.0,0.0,0,0.0,0,0,0.0,0,0,2.0,0.0,0.0,2.0,1.0,2.0,2.0,2,2.0,2.0,0.0,0.0,1,0.0,0,0.0,0.0,0.0,0.0,0.0,0.0,0.0,0.0,0.0,0.0,0.0,0.0,2,2.0,2.0,2.0,0.0,0,1.0,0.0,0.0,0.0,1.0,0.0,0,0.0,1.0,1.0,0.0,0,1.0,0.0,0.0,0.0,0.0,1,1.0,1.0,1.0,1.0,1.0,0,0.0,0.0,0,0,0.0,0.0,1.0,2.0,0.0,0.0,1.0
0.0,1.0,0.0,1.0,0.0,1.0,0.0,1.0,1.0,1,1.0,1.0,1,0.0,0.0,0.0,0,1.0,0.0,0.0,0.0,0.0,0.0,2.0,1.0,0.0,0,1.0,1,0,0.0,0,0,2.0,0.0,0.0,0.0,1.0,1.0,1.0,1,1.0,1.0,0.0,,1,0.0,1,1.0,1.0,1.0,1.0,1.0,2.0,0.0,2.0,0.0,1.0,0.0,1.0,0,0.0,0.0,0.0,0.0,0,0.0,1.0,1.0,1.0,0.0,1.0,0,0.0,0.0,0.0,2.0,1,0.0,1.0,0.0,0.0,0.0,0,0.0,2.0,2.0,0.0,1.0,1,0.0,0.0,0,1,1.0,1.0,0.0,1.0,0.0,0.0,0.0
1.0,0.0,0.0,2.0,0.0,0.0,0.0,0.0,0.0,0,0.0,0.0,0,1.0,0.0,0.0,0,0.0,1.0,1.0,1.0,1.0,1.0,0.0,1.0,1.0,1,1.0,1,1,0.0,1,0,1.0,1.0,1.0,0.0,1.0,0.0,0.0,0,0.0,0.0,0.0,1.0,1,0.0,0,0.0,0.0,0.0,0.0,0.0,1.0,1.0,0.0,0.0,,0.0,1.0,0,0.0,,0.0,2.0,2,1.0,0.0,0.0,0.0,0.0,0.0,1,1.0,1.0,0.0,0.0,0,0.0,0.0,0.0,0.0,0.0,0,0.0,1.0,1.0,,1.0,0,1.0,0.0,0,1,1.0,1.0,0.0,2.0,0.0,0.0,1.0
1.0,0.0,1.0,2.0,1.0,1.0,0.0,1.0,1.0,1,1.0,1.0,1,0.0,0.0,0.0,0,0.0,0.0,0.0,0.0,0.0,0.0,2.0,1.0,0.0,0,0.0,0,0,1.0,0,0,1.0,0.0,0.0,0.0,0.0,1.0,1.0,1,1.0,1.0,0.0,0.0,0,1.0,0,0.0,0.0,0.0,0.0,0.0,0.0,0.0,1.0,0.0,1.0,0.0,1.0,1,1.0,1.0,1.0,0.0,0,0.0,0.0,0.0,0.0,1.0,0.0,0,0.0,0.0,0.0,0.0,0,0.0,1.0,0.0,0.0,0.0,0,0.0,1.0,1.0,2.0,1.0,1,1.0,1.0,1,1,1.0,1.0,0.0,0.0,0.0,0.0,0.0
1.0,0.0,1.0,0.0,1.0,1.0,0.0,0.0,0.0,0,0.0,0.0,0,0.0,0.0,2.0,2,1.0,1.0,1.0,1.0,1.0,1.0,1.0,0.0,1.0,0,0.0,0,0,1.0,0,0,1.0,0.0,0.0,2.0,1.0,1.0,1.0,1,1.0,1.0,1.0,0.0,0,2.0,0,0.0,0.0,0.0,0.0,0.0,1.0,1.0,0.0,0.0,0.0,0.0,1.0,1,1.0,1.0,1.0,1.0,1,0.0,1.0,1.0,1.0,0.0,0.0,0,0.0,0.0,2.0,1.0,1,0.0,2.0,0.0,0.0,0.0,0,0.0,1.0,1.0,0.0,1.0,2,1.0,0.0,0,1,1.0,1.0,1.0,1.0,0.0,1.0,1.0
2.0,0.0,0.0,1.0,1.0,0.0,1.0,0.0,0.0,0,0.0,0.0,0,1.0,0.0,0.0,0,0.0,0.0,1.0,1.0,1.0,1.0,2.0,0.0,1.0,1,1.0,1,1,0.0,1,0,2.0,0.0,0.0,1.0,1.0,1.0,1.0,1,1.0,1.0,0.0,1.0,0,2.0,0,0.0,0.0,0.0,0.0,0.0,1.0,1.0,1.0,1.0,1.0,1.0,0.0,2,2.0,2.0,2.0,0.0,0,1.0,1.0,1.0,1.0,1.0,0.0,0,0.0,0.0,1.0,0.0,0,0.0,1.0,0.0,0.0,0.0,0,0.0,0.0,0.0,1.0,0.0,1,0.0,0.0,0,0,0.0,0.0,0.0,0.0,2.0,2.0,1.0
1.0,0.0,0.0,0.0,0.0,1.0,0.0,0.0,0.0,0,0.0,0.0,0,0.0,1.0,2.0,1,0.0,0.0,0.0,0.0,0.0,0.0,0.0,1.0,1.0,1,1.0,1,1,0.0,1,1,2.0,0.0,0.0,1.0,1.0,0.0,0.0,0,0.0,0.0,0.0,0.0,2,0.0,0,0.0,0.0,0.0,0.0,0.0,0.0,1.0,2.0,2.0,2.0,2.0,0.0,1,1.0,1.0,1.0,2.0,1,0.0,2.0,2.0,2.0,0.0,0.0,1,1.0,1.0,2.0,0.0,0,0.0,0.0,0.0,0.0,0.0,0,0.0,1.0,1.0,1.0,1.0,1,0.0,1.0,1,0,0.0,0.0,0.0,2.0,0.0,0.0,1.0
1.0,0.0,0.0,0.0,0.0,0.0,0.0,1.0,1.0,1,1.0,1.0,1,1.0,2.0,0.0,0,1.0,1.0,0.0,0.0,0.0,0.0,1.0,0.0,1.0,0,1.0,1,0,0.0,0,0,1.0,0.0,0.0,0.0,0.0,2.0,2.0,2,2.0,2.0,1.0,1.0,0,2.0,0,0.0,0.0,0.0,0.0,0.0,0.0,1.0,0.0,0.0,0.0,0.0,1.0,2,2.0,2.0,2.0,2.0,2,0.0,0.0,0.0,0.0,2.0,0.0,0,0.0,0.0,1.0,1.0,1,0.0,2.0,0.0,0.0,0.0,0,0.0,0.0,0.0,2.0,1.0,0,1.0,0.0,0,0,0.0,0.0,0.0,1.0,1.0,1.0,1.0
1.0,1.0,0.0,0.0,0.0,2.0,1.0,1.0,1.0,1,1.0,1.0,1,0.0,0.0,2.0,2,2.0,2.0,2.0,1.0,1.0,1.0,1.0,0.0,2.0,0,0.0,0,0,1.0,0,0,2.0,0.0,0.0,0.0,1.0,0.0,0.0,0,0.0,0.0,1.0,0.0,1,1.0,1,1.0,1.0,1.0,1.0,1.0,0.0,1.0,0.0,0.0,0.0,0.0,0.0,0,0.0,0.0,0.0,0.0,0,0.0,0.0,0.0,0.0,0.0,1.0,0,0.0,0.0,1.0,0.0,0,0.0,1.0,0.0,0.0,0.0,0,0.0,1.0,1.0,2.0,0.0,0,1.0,0.0,0,2,2.0,2.0,0.0,0.0,1.0,1.0,0.0
2.0,0.0,0.0,0.0,0.0,0.0,1.0,1.0,1.0,1,1.0,1.0,1,0.0,0.0,1.0,1,2.0,1.0,1.0,1.0,1.0,1.0,1.0,0.0,1.0,0,0.0,0,0,1.0,0,0,2.0,0.0,0.0,0.0,2.0,0.0,0.0,0,0.0,0.0,1.0,0.0,0,1.0,0,0.0,0.0,0.0,0.0,0.0,2.0,1.0,0.0,0.0,0.0,0.0,0.0,1,1.0,1.0,1.0,1.0,0,0.0,2.0,2.0,2.0,1.0,1.0,1,1.0,1.0,0.0,0.0,0,0.0,1.0,0.0,0.0,0.0,0,0.0,2.0,2.0,1.0,1.0,0,1.0,0.0,0,0,0.0,0.0,1.0,0.0,1.0,1.0,0.0
1.0,0.0,0.0,1.0,0.0,0.0,1.0,0.0,0.0,0,0.0,0.0,0,1.0,0.0,0.0,0,0.0,2.0,2.0,2.0,2.0,2.0,0.0,0.0,2.0,1,2.0,2,1,0.0,1,0,0.0,0.0,0.0,2.0,1.0,2.0,2.0,2,2.0,2.0,1.0,1.0,0,1.0,0,0.0,0.0,0.0,0.0,0.0,1.0,2.0,0.0,0.0,0.0,0.0,1.0,1,1.0,1.0,2.0,1.0,1,1.0,1.0,1.0,1.0,0.0,1.0,0,0.0,0.0,0.0,0.0,0,1.0,1.0,0.0,0.0,0.0,0,0.0,1.0,1.0,0.0,,0,0.0,0.0,0,1,1.0,1.0,0.0,1.0,0.0,0.0,1.0
1.0,0.0,1.0,2.0,1.0,1.0,1.0,1.0,1.0,1,1.0,1.0,1,0.0,0.0,1.0,1,0.0,0.0,1.0,1.0,1.0,1.0,2.0,1.0,0.0,1,1.0,1,1,0.0,1,0,1.0,0.0,0.0,2.0,0.0,0.0,2.0,2,2.0,2.0,0.0,0.0,0,1.0,0,0.0,0.0,0.0,0.0,0.0,0.0,1.0,0.0,0.0,0.0,0.0,1.0,0,0.0,0.0,0.0,1.0,1,2.0,1.0,1.0,1.0,2.0,1.0,0,0.0,1.0,0.0,0.0,0,0.0,1.0,1.0,1.0,0.0,0,0.0,1.0,1.0,0.0,0.0,0,1.0,0.0,0,1,1.0,1.0,0.0,1.0,0.0,1.0,0.0
0.0,0.0,0.0,1.0,0.0,1.0,1.0,1.0,1.0,1,1.0,,1,1.0,0.0,2.0,2,1.0,0.0,0.0,0.0,0.0,0.0,2.0,0.0,2.0,1,1.0,1,1,1.0,0,0,1.0,0.0,0.0,1.0,1.0,0.0,0.0,0,0.0,,1.0,,1,0.0,0,0.0,0.0,0.0,0.0,0.0,0.0,0.0,2.0,2.0,2.0,2.0,0.0,1,1.0,1.0,1.0,2.0,2,0.0,2.0,2.0,2.0,2.0,0.0,0,0.0,0.0,1.0,0.0,0,1.0,1.0,0.0,0.0,0.0,0,0.0,0.0,0.0,2.0,0.0,0,1.0,0.0,0,0,0.0,0.0,0.0,2.0,0.0,0.0,1.0
0.0,1.0,0.0,2.0,1.0,1.0,0.0,0.0,0.0,0,0.0,0.0,0,1.0,0.0,0.0,0,0.0,0.0,0.0,0.0,0.0,0.0,1.0,0.0,0.0,0,0.0,0,0,0.0,0,0,1.0,0.0,0.0,2.0,1.0,1.0,1.0,1,1.0,1.0,1.0,0.0,1,1.0,0,0.0,0.0,0.0,0.0,0.0,2.0,0.0,0.0,0.0,0.0,0.0,0.0,1,1.0,1.0,1.0,0.0,0,0.0,0.0,0.0,0.0,0.0,1.0,0,0.0,0.0,1.0,0.0,0,1.0,1.0,0.0,0.0,0.0,0,0.0,1.0,1.0,2.0,0.0,0,0.0,0.0,0,1,1.0,1.0,,0.0,0.0,0.0,0.0
0.0,0.0,1.0,1.0,1.0,1.0,1.0,1.0,1.0,1,1.0,1.0,1,0.0,0.0,1.0,1,2.0,0.0,0.0,0.0,0.0,0.0,0.0,0.0,1.0,0,0.0,0,0,0.0,0,0,1.0,0.0,0.0,2.0,1.0,1.0,1.0,1,1.0,1.0,0.0,1.0,0,2.0,0,0.0,0.0,0.0,0.0,0.0,2.0,0.0,0.0,0.0,0.0,0.0,0.0,0,0.0,0.0,0.0,2.0,2,0.0,2.0,2.0,2.0,0.0,,1,1.0,1.0,0.0,0.0,0,0.0,1.0,0.0,0.0,0.0,0,0.0,,1.0,1.0,0.0,1,0.0,0.0,0,0,0.0,0.0,0.0,1.0,1.0,1.0,0.0
0.0,0.0,0.0,1.0,0.0,2.0,2.0,2.0,2.0,2,2.0,2.0,2,0.0,0.0,0.0,0,1.0,0.0,0.0,0.0,0.0,0.0,2.0,0.0,0.0,0,0.0,0,0,0.0,0,0,0.0,0.0,0.0,1.0,0.0,1.0,1.0,1,1.0,1.0,1.0,1.0,0,2.0,0,0.0,0.0,0.0,0.0,0.0,1.0,0.0,0.0,0.0,,0.0,1.0,1,1.0,1.0,1.0,0.0,0,1.0,0.0,0.0,0.0,1.0,0.0,0,0.0,0.0,0.0,0.0,0,1.0,2.0,2.0,2.0,0.0,0,0.0,2.0,2.0,1.0,0.0,0,1.0,0.0,0,1,1.0,1.0,1.0,1.0,1.0,1.0,0.0
0.0,1.0,1.0,1.0,1.0,0.0,2.0,0.0,0.0,0,0.0,0.0,0,0.0,0.0,2.0,2,1.0,2.0,2.0,2.0,2.0,2.0,1.0,0.0,0.0,0,0.0,0,0,1.0,1,0,1.0,0.0,0.0,0.0,2.0,0.0,0.0,0,0.0,0.0,1.0,0.0,0,2.0,0,0.0,0.0,0.0,0.0,0.0,1.0,1.0,1.0,1.0,1.0,1.0,1.0,0,0.0,0.0,0.0,0.0,0,0.0,1.0,1.0,1.0,0.0,0.0,1,1.0,1.0,0.0,1.0,1,0.0,1.0,0.0,0.0,0.0,0,0.0,0.0,0.0,2.0,0.0,0,0.0,0.0,0,1,1.0,1.0,1.0,0.0,0.0,0.0,0.0
2.0,0.0,0.0,1.0,1.0,0.0,0.0,1.0,1.0,1,1.0,1.0,1,0.0,0.0,1.0,1,1.0,0.0,0.0,0.0,0.0,0.0,1.0,0.0,0.0,1,1.0,1,1,0.0,1,1,0.0,0.0,0.0,1.0,1.0,0.0,0.0,0,0.0,0.0,2.0,1.0,1,1.0,1,1.0,1.0,1.0,1.0,1.0,0.0,0.0,0.0,0.0,0.0,0.0,0.0,0,0.0,0.0,0.0,1.0,1,1.0,1.0,1.0,1.0,1.0,0.0,0,0.0,1.0,2.0,0.0,0,0.0,1.0,0.0,0.0,0.0,0,0.0,1.0,1.0,0.0,0.0,1,1.0,0.0,0,1,1.0,1.0,1.0,0.0,1.0,1.0,1.0
0.0,0.0,,2.0,0.0,2.0,1.0,1.0,1.0,1,1.0,,1,0.0,0.0,0.0,0,1.0,0.0,0.0,0.0,0.0,0.0,1.0,1.0,0.0,1,1.0,1,1,1.0,1,0,1.0,0.0,0.0,1.0,0.0,1.0,1.0,1,1.0,1.0,1.0,0.0,2,0.0,0,0.0,0.0,0.0,0.0,0.0,1.0,1.0,0.0,0.0,0.0,0.0,1.0,1,1.0,1.0,1.0,0.0,0,1.0,2.0,2.0,2.0,0.0,0.0,0,0.0,0.0,1.0,0.0,0,0.0,1.0,0.0,0.0,0.0,0,0.0,0.0,0.0,1.0,1.0,1,0.0,1.0,1,2,2.0,2.0,0.0,1.0,1.0,1.0,0.0
1.0,1.0,0.0,1.0,0.0,0.0,0.0,0.0,0.0,0,0.0,0.0,0,0.0,0.0,0.0,0,1.0,1.0,0.0,0.0,0.0,0.0,2.0,0.0,0.0,0,0.0,0,0,1.0,0,1,1.0,0.0,0.0,2.0,1.0,1.0,1.0,1,1.0,1.0,2.0,0.0,0,2.0,0,0.0,0.0,0.0,0.0,0.0,0.0,1.0,0.0,0.0,0.0,0.0,1.0,0,0.0,0.0,0.0,0.0,0,0.0,2.0,2.0,2.0,1.0,2.0,0,0.0,0.0,1.0,0.0,0,1.0,2.0,0.0,0.0,0.0,0,0.0,2.0,2.0,1.0,1.0,0,1.0,1.0,1,1,1.0,1.0,0.0,1.0,2.0,,0.0
1.0,1.0,0.0,0.0,0.0,,0.0,0.0,0.0,0,0.0,0.0,0,1.0,0.0,0.0,0,0.0,0.0,1.0,1.0,1.0,1.0,1.0,0.0,1.0,0,1.0,1,0,1.0,1,0,2.0,0.0,0.0,0.0,1.0,1.0,1.0,1,1.0,1.0,0.0,0.0,1,1.0,0,0.0,0.0,0.0,0.0,0.0,0.0,0.0,0.0,0.0,0.0,0.0,1.0,1,1.0,1.0,1.0,1.0,1,1.0,1.0,1.0,1.0,1.0,0.0,0,0.0,0.0,1.0,1.0,1,0.0,0.0,0.0,0.0,0.0,0,0.0,1.0,1.0,1.0,1.0,0,0.0,0.0,0,0,0.0,0.0,0.0,0.0,0.0,0.0,1.0
2.0,0.0,1.0,1.0,0.0,0.0,0.0,1.0,1.0,1,1.0,1.0,1,1.0,1.0,2.0,1,0.0,0.0,0.0,0.0,0.0,0.0,1.0,0.0,2.0,0,0.0,0,0,1.0,0,0,1.0,0.0,0.0,0.0,1.0,1.0,1.0,1,1.0,1.0,1.0,0.0,0,0.0,0,0.0,0.0,0.0,0.0,0.0,0.0,0.0,0.0,0.0,0.0,0.0,0.0,1,1.0,1.0,1.0,1.0,1,1.0,0.0,0.0,0.0,1.0,1.0,0,0.0,0.0,0.0,0.0,0,0.0,2.0,0.0,0.0,0.0,0,0.0,1.0,1.0,0.0,0.0,0,0.0,0.0,0,0,0.0,0.0,0.0,1.0,1.0,1.0,1.0
0.0,1.0,0.0,0.0,0.0,0.0,0.0,0.0,0.0,0,0.0,0.0,0,0.0,0.0,0.0,0,1.0,1.0,0.0,0.0,0.0,0.0,0.0,0.0,1.0,1,1.0,1,1,0.0,1,0,1.0,0.0,0.0,2.0,0.0,1.0,1.0,1,1.0,1.0,0.0,0.0,1,0.0,0,0.0,0.0,0.0,0.0,0.0,0.0,1.0,1.0,1.0,1.0,1.0,0.0,1,1.0,1.0,1.0,1.0,1,0.0,0.0,0.0,0.0,0.0,0.0,0,0.0,0.0,1.0,0.0,0,0.0,1.0,0.0,0.0,0.0,0,0.0,2.0,1.0,2.0,0.0,0,1.0,0.0,0,0,0.0,0.0,0.0,1.0,0.0,0.0,1.0
0.0,1.0,0.0,0.0,1.0,0.0,1.0,1.0,1.0,1,1.0,1.0,1,0.0,0.0,0.0,0,0.0,0.0,0.0,0.0,0.0,0.0,1.0,1.0,1.0,1,1.0,1,1,1.0,0,0,1.0,0.0,0.0,0.0,1.0,1.0,1.0,1,1.0,1.0,1.0,1.0,1,1.0,0,0.0,0.0,0.0,0.0,0.0,0.0,1.0,0.0,0.0,0.0,0.0,0.0,0,0.0,0.0,0.0,1.0,1,1.0,0.0,0.0,0.0,1.0,1.0,0,0.0,0.0,0.0,1.0,0,0.0,1.0,0.0,0.0,0.0,0,0.0,2.0,2.0,2.0,1.0,0,1.0,0.0,0,0,0.0,0.0,0.0,0.0,1.0,1.0,0.0
1.0,0.0,0.0,,1.0,1.0,0.0,1.0,1.0,1,1.0,1.0,1,1.0,0.0,0.0,0,2.0,0.0,0.0,0.0,0.0,0.0,0.0,0.0,1.0,1,1.0,1,1,1.0,1,0,1.0,0.0,0.0,1.0,1.0,0.0,0.0,0,0.0,0.0,0.0,1.0,1,1.0,0,0.0,0.0,0.0,0.0,0.0,0.0,1.0,1.0,1.0,1.0,1.0,1.0,2,2.0,2.0,2.0,2.0,2,2.0,0.0,0.0,0.0,1.0,0.0,0,0.0,0.0,1.0,0.0,0,1.0,0.0,0.0,0.0,0.0,0,0.0,0.0,0.0,1.0,1.0,0,1.0,0.0,0,0,0.0,1.0,0.0,1.0,1.0,1.0,1.0
2.0,0.0,0.0,1.0,0.0,1.0,0.0,1.0,1.0,1,1.0,1.0,1,0.0,1.0,0.0,0,1.0,0.0,0.0,0.0,0.0,0.0,1.0,0.0,0.0,0,0.0,0,0,1.0,0,0,2.0,1.0,1.0,1.0,1.0,0.0,0.0,0,0.0,0.0,0.0,0.0,1,0.0,0,0.0,0.0,0.0,0.0,0.0,1.0,1.0,1.0,1.0,1.0,1.0,0.0,0,0.0,0.0,0.0,0.0,0,0.0,1.0,1.0,1.0,1.0,0.0,0,0.0,0.0,1.0,2.0,2,1.0,0.0,0.0,0.0,1.0,1,1.0,1.0,1.0,0.0,,0,0.0,0.0,0,0,0.0,0.0,0.0,1.0,1.0,1.0,0.0
2.0,1.0,1.0,1.0,1.0,1.0,0.0,1.0,1.0,1,1.0,1.0,1,0.0,0.0,1.0,1,1.0,0.0,0.0,0.0,0.0,0.0,2.0,0.0,2.0,0,0.0,0,0,1.0,0,0,2.0,0.0,0.0,,1.0,1.0,1.0,1,1.0,1.0,0.0,0.0,1,1.0,0,0.0,0.0,0.0,0.0,0.0,,0.0,0.0,0.0,0.0,0.0,0.0,1,1.0,1.0,1.0,0.0,0,1.0,2.0,2.0,2.0,1.0,0.0,0,0.0,0.0,1.0,1.0,1,0.0,1.0,0.0,,0.0,0,0.0,0.0,0.0,0.0,1.0,0,0.0,0.0,0,2,2.0,2.0,0.0,1.0,2.0,2.0,1.0
2.0,0.0,0.0,0.0,2.0,0.0,0.0,0.0,0.0,0,0.0,0.0,0,1.0,0.0,0.0,0,0.0,1.0,1.0,1.0,1.0,1.0,2.0,0.0,0.0,2,2.0,2,2,1.0,0,0,0.0,0.0,0.0,0.0,2.0,1.0,1.0,1,1.0,1.0,0.0,0.0,0,2.0,0,0.0,0.0,0.0,0.0,0.0,1.0,2.0,1.0,0.0,1.0,0.0,0.0,2,2.0,2.0,2.0,1.0,1,1.0,1.0,1.0,1.0,2.0,0.0,0,0.0,0.0,1.0,0.0,0,0.0,1.0,0.0,0.0,0.0,0,0.0,1.0,1.0,2.0,1.0,0,1.0,0.0,0,0,0.0,0.0,0.0,0.0,0.0,,1.0
1.0,0.0,0.0,0.0,0.0,2.0,1.0,1.0,,1,1.0,1.0,1,0.0,0.0,1.0,1,1.0,1.0,0.0,0.0,,0.0,1.0,0.0,0.0,1,1.0,1,1,0.0,0,1,1.0,0.0,0.0,0.0,0.0,0.0,0.0,0,0.0,0.0,1.0,0.0,1,1.0,0,0.0,0.0,0.0,0.0,0.0,1.0,1.0,0.0,0.0,0.0,0.0,1.0,2,2.0,2.0,2.0,1.0,1,1.0,0.0,0.0,0.0,0.0,0.0,1,1.0,2.0,1.0,1.0,1,0.0,1.0,0.0,0.0,0.0,0,0.0,0.0,0.0,1.0,,1,1.0,0.0,0,2,2.0,2.0,1.0,0.0,0.0,0.0,0.0
1.0,0.0,0.0,2.0,0.0,2.0,0.0,1.0,1.0,1,1.0,1.0,1,1.0,0.0,0.0,0,1.0,0.0,0.0,0.0,0.0,0.0,0.0,0.0,1.0,0,0.0,0,0,1.0,0,0,0.0,0.0,0.0,1.0,0.0,1.0,1.0,1,1.0,1.0,1.0,1.0,0,2.0,0,0.0,0.0,0.0,0.0,0.0,0.0,1.0,0.0,0.0,0.0,0.0,1.0,0,0.0,0.0,0.0,1.0,1,1.0,0.0,0.0,0.0,2.0,1.0,0,0.0,0.0,1.0,0.0,0,0.0,0.0,0.0,0.0,0.0,0,0.0,1.0,1.0,2.0,1.0,1,1.0,0.0,0,0,0.0,0.0,,1.0,1.0,1.0,0.0
2.0,0.0,0.0,1.0,1.0,,1.0,1.0,1.0,1,1.0,1.0,1,0.0,0.0,0.0,0,1.0,1.0,1.0,1.0,1.0,1.0,1.0,0.0,0.0,0,0.0,0,0,1.0,0,0,1.0,0.0,0.0,0.0,2.0,2.0,2.0,2,2.0,2.0,1.0,0.0,0,2.0,0,0.0,0.0,0.0,0.0,0.0,1.0,1.0,0.0,0.0,0.0,0.0,1.0,0,0.0,0.0,0.0,2.0,1,1.0,1.0,1.0,1.0,0.0,0.0,0,0.0,0.0,0.0,0.0,0,0.0,0.0,1.0,1.0,1.0,0,0.0,2.0,2.0,0.0,0.0,0,2.0,0.0,0,1,1.0,1.0,1.0,1.0,0.0,0.0,0.0
2.0,0.0,2.0,1.0,0.0,0.0,1.0,1.0,1.0,1,1.0,1.0,1,0.0,0.0,0.0,0,2.0,0.0,1.0,1.0,1.0,1.0,1.0,0.0,0.0,0,1.0,0,0,0.0,0,0,0.0,0.0,0.0,1.0,1.0,0.0,0.0,0,0.0,0.0,1.0,1.0,0,1.0,0,0.0,0.0,0.0,0.0,0.0,1.0,1.0,1.0,1.0,1.0,1.0,1.0,0,0.0,0.0,0.0,2.0,2,0.0,0.0,0.0,1.0,0.0,2.0,0,0.0,0.0,0.0,0.0,0,0.0,2.0,0.0,0.0,0.0,0,0.0,1.0,1.0,1.0,1.0,1,1.0,1.0,1,2,2.0,2.0,1.0,2.0,0.0,0.0,0.0
2.0,1.0,0.0,1.0,0.0,0.0,2.0,0.0,0.0,0,0.0,0.0,0,0.0,0.0,1.0,1,2.0,1.0,1.0,1.0,1.0,1.0,1.0,1.0,1.0,0,0.0,0,0,0.0,0,1,1.0,0.0,0.0,0.0,1.0,0.0,0.0,0,0.0,0.0,1.0,0.0,0,,2,2.0,,2.0,2.0,2.0,,0.0,2.0,2.0,2.0,2.0,1.0,1,1.0,1.0,1.0,0.0,0,0.0,1.0,1.0,1.0,1.0,0.0,0,0.0,0.0,1.0,0.0,0,0.0,0.0,0.0,0.0,0.0,0,0.0,0.0,0.0,1.0,0.0,0,1.0,0.0,0,0,0.0,1.0,0.0,1.0,0.0,0.0,1.0
1.0,0.0,1.0,1.0,0.0,0.0,0.0,1.0,1.0,1,0.0,1.0,1,0.0,0.0,0.0,0,0.0,1.0,1.0,1.0,1.0,1.0,0.0,0.0,0.0,0,0.0,0,0,1.0,0,1,0.0,0.0,0.0,2.0,2.0,2.0,2.0,2,2.0,2.0,0.0,2.0,1,0.0,0,0.0,0.0,0.0,0.0,0.0,1.0,0.0,1.0,1.0,1.0,1.0,1.0,0,0.0,0.0,0.0,1.0,1,0.0,1.0,1.0,1.0,1.0,0.0,0,0.0,0.0,2.0,0.0,0,1.0,1.0,0.0,0.0,0.0,0,0.0,1.0,1.0,1.0,0.0,0,0.0,0.0,0,1,1.0,1.0,1.0,1.0,1.0,1.0,1.0
0.0,0.0,0.0,1.0,0.0,0.0,0.0,1.0,1.0,1,0.0,1.0,1,0.0,0.0,0.0,0,0.0,2.0,,1.0,1.0,1.0,1.0,0.0,1.0,0,0.0,0,0,0.0,0,0,0.0,1.0,1.0,0.0,1.0,1.0,1.0,1,1.0,1.0,0.0,1.0,0,2.0,2,2.0,2.0,2.0,2.0,2.0,0.0,0.0,1.0,0.0,1.0,0.0,0.0,1,1.0,1.0,1.0,2.0,2,1.0,1.0,1.0,1.0,1.0,1.0,0,0.0,0.0,1.0,2.0,2,0.0,1.0,0.0,0.0,0.0,0,0.0,1.0,1.0,1.0,2.0,0,0.0,1.0,1,2,2.0,2.0,0.0,0.0,0.0,1.0,1.0
1.0,1.0,0.0,2.0,1.0,0.0,0.0,2.0,2.0,2,2.0,2.0,2,0.0,0.0,0.0,0,1.0,0.0,0.0,0.0,0.0,0.0,1.0,1.0,2.0,0,1.0,1,0,0.0,0,0,0.0,0.0,0.0,2.0,1.0,0.0,0.0,0,0.0,0.0,1.0,1.0,1,1.0,0,0.0,,0.0,0.0,0.0,1.0,0.0,0.0,0.0,0.0,0.0,0.0,1,1.0,1.0,1.0,1.0,1,0.0,1.0,1.0,,0.0,0.0,2,2.0,2.0,1.0,1.0,1,0.0,2.0,0.0,0.0,0.0,0,0.0,1.0,1.0,1.0,1.0,0,0.0,0.0,0,1,1.0,1.0,0.0,1.0,1.0,1.0,0.0
1.0,0.0,0.0,0.0,1.0,0.0,0.0,1.0,1.0,1,1.0,1.0,1,0.0,0.0,1.0,1,1.0,0.0,0.0,0.0,0.0,0.0,,0.0,2.0,0,0.0,0,0,1.0,1,0,1.0,0.0,0.0,1.0,1.0,2.0,2.0,2,2.0,2.0,0.0,2.0,2,0.0,0,0.0,0.0,0.0,0.0,0.0,1.0,0.0,1.0,1.0,1.0,1.0,0.0,1,1.0,1.0,1.0,1.0,1,0.0,0.0,0.0,0.0,1.0,0.0,0,0.0,0.0,0.0,0.0,0,0.0,,0.0,0.0,0.0,0,1.0,1.0,1.0,0.0,1.0,0,1.0,0.0,0,1,1.0,1.0,,2.0,0.0,,1.0
2.0,0.0,0.0,2.0,0.0,1.0,1.0,1.0,1.0,1,1.0,2.0,1,0.0,0.0,0.0,0,1.0,0.0,0.0,0.0,0.0,0.0,1.0,0.0,1.0,2,2.0,2,2,1.0,0,0,1.0,0.0,0.0,1.0,0.0,1.0,1.0,1,1.0,1.0,1.0,0.0,1,1.0,0,0.0,0.0,0.0,0.0,0.0,0.0,0.0,0.0,0.0,0.0,0.0,0.0,2,2.0,2.0,2.0,0.0,0,0.0,1.0,1.0,1.0,1.0,0.0,0,0.0,0.0,0.0,0.0,0,1.0,1.0,0.0,0.0,0.0,0,0.0,0.0,0.0,0.0,2.0,0,0.0,0.0,0,1,1.0,1.0,1.0,1.0,0.0,,0.0
1.0,0.0,0.0,0.0,1.0,1.0,1.0,0.0,0.0,0,0.0,0.0,0,0.0,0.0,0.0,0,1.0,0.0,0.0,0.0,0.0,0.0,0.0,1.0,0.0,0,0.0,0,0,0.0,0,0,1.0,0.0,,2.0,1.0,1.0,1.0,1,1.0,1.0,1.0,0.0,0,1.0,1,1.0,1.0,1.0,1.0,1.0,0.0,0.0,0.0,0.0,0.0,0.0,1.0,0,0.0,0.0,0.0,0.0,0,1.0,1.0,1.0,1.0,0.0,0.0,0,0.0,0.0,1.0,0.0,0,0.0,2.0,0.0,0.0,0.0,0,0.0,1.0,1.0,1.0,1.0,1,1.0,0.0,0,0,0.0,0.0,0.0,0.0,0.0,0.0,0.0
0.0,0.0,1.0,2.0,0.0,0.0,1.0,0.0,0.0,0,0.0,0.0,0,0.0,1.0,0.0,0,1.0,0.0,0.0,0.0,0.0,0.0,2.0,1.0,0.0,0,1.0,1,0,2.0,0,0,0.0,0.0,0.0,0.0,2.0,0.0,0.0,0,0.0,0.0,1.0,0.0,0,0.0,0,0.0,0.0,0.0,0.0,0.0,1.0,0.0,0.0,0.0,0.0,0.0,0.0,2,2.0,2.0,2.0,1.0,0,0.0,0.0,0.0,0.0,2.0,0.0,1,1.0,1.0,0.0,0.0,0,0.0,1.0,1.0,1.0,0.0,0,0.0,0.0,0.0,1.0,0.0,0,0.0,2.0,0,1,1.0,1.0,0.0,0.0,0.0,1.0,1.0
0.0,1.0,0.0,0.0,2.0,0.0,1.0,0.0,0.0,0,0.0,0.0,0,0.0,0.0,1.0,1,1.0,0.0,0.0,0.0,0.0,0.0,1.0,0.0,0.0,0,0.0,0,0,1.0,0,0,1.0,0.0,0.0,1.0,1.0,1.0,1.0,1,1.0,1.0,1.0,0.0,1,1.0,0,0.0,0.0,0.0,0.0,0.0,0.0,1.0,1.0,1.0,1.0,1.0,1.0,0,0.0,0.0,0.0,0.0,0,0.0,1.0,1.0,1.0,0.0,0.0,0,0.0,0.0,2.0,0.0,0,0.0,1.0,1.0,1.0,0.0,0,0.0,1.0,1.0,1.0,1.0,0,1.0,0.0,0,0,0.0,0.0,0.0,0.0,0.0,0.0,0.0
2.0,0.0,0.0,0.0,1.0,1.0,0.0,0.0,0.0,0,0.0,0.0,0,0.0,0.0,0.0,0,0.0,1.0,0.0,0.0,0.0,0.0,1.0,0.0,1.0,0,1.0,1,0,0.0,0,0,1.0,0.0,0.0,2.0,1.0,1.0,1.0,1,1.0,1.0,2.0,0.0,0,1.0,0,0.0,0.0,0.0,0.0,0.0,1.0,0.0,0.0,0.0,0.0,0.0,0.0,1,1.0,1.0,1.0,0.0,0,2.0,1.0,1.0,1.0,0.0,2.0,0,0.0,0.0,0.0,0.0,0,0.0,1.0,0.0,0.0,0.0,0,0.0,0.0,0.0,2.0,,0,1.0,0.0,0,1,1.0,1.0,0.0,0.0,0.0,0.0,0.0
0.0,0.0,0.0,0.0,1.0,0.0,2.0,1.0,1.0,1,1.0,1.0,1,0.0,0.0,0.0,0,1.0,0.0,0.0,0.0,0.0,0.0,1.0,0.0,0.0,0,0.0,0,0,1.0,1,1,1.0,0.0,0.0,0.0,2.0,1.0,1.0,1,2.0,2.0,2.0,1.0,0,2.0,0,0.0,0.0,0.0,0.0,0.0,1.0,1.0,0.0,0.0,0.0,0.0,1.0,0,0.0,0.0,0.0,0.0,1,1.0,1.0,1.0,1.0,0.0,0.0,0,0.0,0.0,0.0,0.0,0,0.0,0.0,0.0,0.0,0.0,0,0.0,1.0,1.0,0.0,0.0,0,0.0,0.0,0,0,0.0,0.0,0.0,0.0,0.0,0.0,0.0
1.0,0.0,0.0,1.0,1.0,0.0,1.0,2.0,2.0,2,2.0,2.0,2,0.0,0.0,1.0,1,2.0,1.0,1.0,1.0,1.0,1.0,2.0,0.0,2.0,2,2.0,2,2,0.0,0,0,1.0,0.0,0.0,0.0,2.0,2.0,2.0,2,2.0,2.0,0.0,0.0,1,1.0,0,0.0,0.0,0.0,0.0,0.0,1.0,0.0,0.0,0.0,0.0,0.0,,1,1.0,1.0,1.0,0.0,0,0.0,1.0,1.0,1.0,0.0,0.0,1,1.0,1.0,1.0,0.0,0,0.0,1.0,1.0,1.0,2.0,2,2.0,2.0,2.0,2.0,,0,2.0,0.0,0,0,0.0,0.0,0.0,2.0,1.0,1.0,0.0
2.0,0.0,1.0,1.0,2.0,0.0,1.0,0.0,0.0,0,0.0,0.0,0,0.0,0.0,0.0,0,2.0,1.0,1.0,1.0,1.0,1.0,2.0,0.0,1.0,1,2.0,2,1,1.0,0,0,1.0,0.0,0.0,1.0,1.0,1.0,1.0,1,1.0,1.0,0.0,0.0,0,0.0,0,0.0,,0.0,0.0,0.0,0.0,1.0,0.0,0.0,0.0,0.0,0.0,0,0.0,0.0,0.0,0.0,0,0.0,1.0,1.0,1.0,1.0,0.0,0,0.0,0.0,1.0,0.0,0,0.0,0.0,0.0,0.0,1.0,1,1.0,0.0,0.0,0.0,1.0,0,1.0,0.0,0,1,1.0,1.0,,1.0,0.0,0.0,0.0
1.0,0.0,0.0,0.0,0.0,1.0,0.0,1.0,1.0,1,1.0,1.0,1,0.0,0.0,0.0,0,1.0,0.0,0.0,0.0,0.0,0.0,1.0,1.0,0.0,0,0.0,0,0,0.0,0,0,1.0,1.0,1.0,1.0,1.0,1.0,1.0,1,1.0,1.0,1.0,0.0,1,0.0,0,0.0,0.0,0.0,0.0,0.0,1.0,1.0,1.0,1.0,1.0,1.0,0.0,1,1.0,1.0,1.0,0.0,0,0.0,1.0,1.0,1.0,0.0,2.0,1,1.0,1.0,2.0,1.0,1,0.0,2.0,0.0,0.0,0.0,0,0.0,0.0,0.0,0.0,0.0,0,0.0,1.0,1,1,1.0,1.0,1.0,0.0,1.0,1.0,0.0
0.0,1.0,0.0,0.0,0.0,1.0,1.0,0.0,0.0,0,0.0,0.0,0,0.0,0.0,1.0,1,1.0,0.0,0.0,0.0,0.0,0.0,2.0,1.0,1.0,1,2.0,2,1,0.0,0,1,1.0,1.0,1.0,2.0,2.0,0.0,0.0,0,0.0,0.0,2.0,1.0,2,0.0,1,1.0,1.0,1.0,1.0,1.0,0.0,1.0,0.0,0.0,0.0,0.0,0.0,2,2.0,2.0,2.0,0.0,0,1.0,0.0,0.0,0.0,2.0,0.0,1,1.0,1.0,1.0,0.0,0,0.0,,1.0,1.0,0.0,1,1.0,1.0,1.0,2.0,1.0,0,1.0,0.0,0,1,1.0,1.0,0.0,0.0,1.0,2.0,0.0
1.0,0.0,0.0,1.0,1.0,0.0,1.0,2.0,2.0,2,2.0,2.0,2,0.0,0.0,0.0,0,2.0,0.0,0.0,0.0,0.0,0.0,0.0,1.0,1.0,0,0.0,0,0,0.0,1,0,1.0,0.0,0.0,1.0,1.0,1.0,1.0,1,1.0,1.0,1.0,1.0,0,1.0,0,0.0,0.0,0.0,0.0,0.0,0.0,0.0,0.0,0.0,0.0,0.0,1.0,2,2.0,2.0,2.0,0.0,0,0.0,1.0,1.0,1.0,0.0,1.0,0,0.0,0.0,2.0,1.0,1,1.0,2.0,1.0,1.0,0.0,0,0.0,0.0,0.0,1.0,1.0,1,2.0,0.0,0,1,1.0,1.0,1.0,1.0,1.0,1.0,0.0
0.0,0.0,0.0,0.0,0.0,2.0,0.0,0.0,0.0,0,0.0,0.0,0,0.0,0.0,1.0,1,1.0,0.0,1.0,1.0,1.0,1.0,1.0,0.0,0.0,0,0.0,0,0,0.0,1,0,0.0,0.0,0.0,1.0,0.0,1.0,1.0,1,1.0,1.0,1.0,0.0,0,0.0,0,0.0,0.0,0.0,0.0,0.0,0.0,1.0,0.0,0.0,0.0,0.0,2.0,0,0.0,0.0,0.0,1.0,1,1.0,0.0,0.0,0.0,1.0,1.0,1,1.0,1.0,0.0,0.0,0,0.0,1.0,1.0,1.0,0.0,0,0.0,1.0,1.0,1.0,,0,1.0,0.0,0,2,2.0,2.0,0.0,1.0,0.0,0.0,0.0
1.0,0.0,0.0,0.0,0.0,1.0,1.0,0.0,0.0,0,0.0,0.0,0,0.0,0.0,0.0,0,2.0,0.0,0.0,0.0,0.0,0.0,0.0,0.0,0.0,1,1.0,1,1,1.0,0,0,1.0,0.0,0.0,1.0,2.0,0.0,0.0,0,0.0,0.0,0.0,0.0,0,,0,0.0,,0.0,0.0,0.0,1.0,2.0,1.0,1.0,1.0,1.0,1.0,2,2.0,2.0,2.0,1.0,1,2.0,0.0,0.0,0.0,1.0,0.0,0,0.0,0.0,1.0,0.0,0,0.0,1.0,0.0,0.0,1.0,1,1.0,0.0,0.0,1.0,,1,0.0,0.0,0,1,1.0,1.0,1.0,1.0,1.0,1.0,1.0
1.0,1.0,0.0,0.0,1.0,0.0,0.0,0.0,0.0,0,0.0,0.0,0,0.0,0.0,1.0,1,1.0,1.0,1.0,1.0,1.0,1.0,1.0,0.0,0.0,0,1.0,1,0,2.0,0,0,2.0,1.0,1.0,1.0,0.0,0.0,0.0,0,0.0,0.0,0.0,0.0,1,1.0,0,0.0,0.0,0.0,0.0,0.0,0.0,0.0,0.0,0.0,0.0,0.0,0.0,1,1.0,1.0,1.0,2.0,2,0.0,1.0,1.0,1.0,0.0,1.0,0,0.0,0.0,0.0,0.0,0,0.0,1.0,0.0,0.0,1.0,1,1.0,1.0,1.0,0.0,0.0,0,0.0,0.0,0,1,1.0,1.0,1.0,0.0,1.0,2.0,0.0
1.0,0.0,1.0,0.0,0.0,1.0,0.0,0.0,0.0,0,0.0,0.0,0,0.0,0.0,0.0,0,2.0,1.0,1.0,1.0,1.0,1.0,1.0,0.0,1.0,2,2.0,2,2,0.0,1,0,1.0,0.0,0.0,1.0,1.0,1.0,1.0,1,1.0,1.0,0.0,0.0,0,0.0,0,0.0,0.0,0.0,0.0,0.0,0.0,1.0,0.0,0.0,0.0,0.0,0.0,2,2.0,2.0,2.0,2.0,2,1.0,1.0,1.0,1.0,1.0,0.0,2,2.0,2.0,1.0,0.0,0,1.0,1.0,1.0,1.0,0.0,0,0.0,0.0,0.0,1.0,1.0,1,0.0,0.0,0,0,0.0,0.0,0.0,0.0,1.0,1.0,1.0
0.0,0.0,0.0,0.0,0.0,1.0,0.0,0.0,0.0,0,0.0,0.0,0,1.0,0.0,1.0,1,2.0,0.0,0.0,0.0,0.0,0.0,0.0,0.0,1.0,1,1.0,1,1,0.0,0,0,0.0,0.0,0.0,1.0,1.0,0.0,0.0,0,0.0,0.0,0.0,0.0,0,2.0,0,0.0,0.0,0.0,0.0,0.0,0.0,1.0,2.0,0.0,2.0,0.0,1.0,1,1.0,1.0,1.0,1.0,1,1.0,0.0,0.0,0.0,1.0,0.0,1,1.0,1.0,1.0,1.0,1,0.0,1.0,0.0,0.0,0.0,0,0.0,1.0,1.0,1.0,,0,1.0,0.0,0,0,0.0,0.0,1.0,1.0,1.0,1.0,0.0
1.0,1.0,0.0,1.0,0.0,0.0,0.0,0.0,0.0,0,0.0,0.0,0,0.0,0.0,1.0,1,1.0,0.0,0.0,0.0,0.0,0.0,2.0,1.0,1.0,1,1.0,1,1,0.0,0,1,1.0,1.0,1.0,1.0,2.0,2.0,2.0,2,2.0,2.0,1.0,0.0,1,1.0,0,0.0,0.0,0.0,0.0,0.0,1.0,1.0,1.0,1.0,1.0,1.0,2.0,2,2.0,2.0,2.0,1.0,1,0.0,1.0,1.0,1.0,1.0,0.0,0,0.0,0.0,1.0,0.0,0,1.0,0.0,0.0,0.0,1.0,1,1.0,2.0,2.0,0.0,0.0,0,0.0,0.0,0,1,1.0,1.0,0.0,0.0,1.0,1.0,1.0
1.0,0.0,0.0,1.0,0.0,0.0,1.0,0.0,0.0,0,0.0,0.0,0,0.0,0.0,0.0,0,0.0,1.0,0.0,0.0,0.0,0.0,0.0,0.0,2.0,1,1.0,1,1,0.0,0,0,1.0,1.0,1.0,,1.0,1.0,1.0,1,1.0,1.0,0.0,0.0,0,1.0,0,0.0,0.0,0.0,0.0,0.0,1.0,0.0,0.0,0.0,0.0,0.0,0.0,2,2.0,2.0,2.0,1.0,1,0.0,2.0,2.0,2.0,0.0,1.0,0,0.0,0.0,1.0,0.0,0,0.0,1.0,0.0,0.0,0.0,0,0.0,0.0,0.0,1.0,0.0,0,0.0,0.0,0,2,2.0,2.0,1.0,0.0,0.0,0.0,0.0
1.0,0.0,1.0,1.0,0.0,1.0,0.0,0.0,0.0,0,0.0,0.0,0,0.0,0.0,1.0,1,1.0,0.0,0.0,0.0,0.0,0.0,1.0,0.0,0.0,1,1.0,1,1,1.0,0,0,1.0,0.0,0.0,1.0,0.0,2.0,2.0,2,2.0,2.0,0.0,0.0,1,0.0,0,0.0,0.0,0.0,0.0,0.0,0.0,,0.0,0.0,0.0,0.0,1.0,1,1.0,1.0,1.0,,0,0.0,2.0,2.0,2.0,2.0,1.0,0,0.0,0.0,1.0,0.0,0,0.0,1.0,0.0,0.0,1.0,1,1.0,1.0,1.0,0.0,,0,1.0,0.0,0,0,0.0,0.0,1.0,1.0,0.0,,1.0
0.0,0.0,0.0,1.0,0.0,1.0,0.0,0.0,0.0,0,0.0,0.0,0,1.0,0.0,0.0,0,1.0,0.0,0.0,0.0,0.0,0.0,0.0,0.0,1.0,0,0.0,0,0,0.0,0,0,1.0,0.0,0.0,0.0,0.0,1.0,1.0,1,1.0,1.0,0.0,0.0,0,1.0,1,1.0,1.0,1.0,1.0,1.0,2.0,0.0,1.0,1.0,1.0,1.0,0.0,1,1.0,1.0,1.0,0.0,1,1.0,0.0,0.0,0.0,0.0,0.0,0,0.0,0.0,0.0,0.0,0,0.0,0.0,0.0,0.0,0.0,0,0.0,1.0,1.0,1.0,0.0,0,0.0,0.0,0,1,1.0,1.0,0.0,0.0,0.0,0.0,0.0
1.0,1.0,0.0,0.0,0.0,1.0,0.0,2.0,2.0,2,2.0,2.0,2,0.0,0.0,1.0,1,1.0,0.0,0.0,0.0,0.0,0.0,2.0,0.0,0.0,0,0.0,0,0,0.0,0,0,2.0,0.0,0.0,1.0,2.0,1.0,1.0,1,1.0,1.0,1.0,2.0,0,2.0,1,1.0,1.0,1.0,1.0,1.0,1.0,1.0,0.0,0.0,0.0,0.0,0.0,0,0.0,0.0,0.0,0.0,0,0.0,0.0,0.0,0.0,2.0,0.0,1,1.0,2.0,0.0,0.0,0,1.0,1.0,0.0,0.0,0.0,0,0.0,1.0,1.0,0.0,0.0,0,1.0,0.0,0,1,1.0,1.0,0.0,1.0,2.0,2.0,0.0
1.0,0.0,0.0,2.0,0.0,2.0,1.0,0.0,0.0,0,0.0,0.0,0,0.0,0.0,0.0,0,0.0,0.0,0.0,0.0,0.0,0.0,0.0,2.0,0.0,0,0.0,0,0,1.0,0,1,1.0,1.0,1.0,0.0,1.0,1.0,1.0,1,0.0,0.0,0.0,0.0,0,1.0,1,1.0,1.0,1.0,1.0,1.0,2.0,1.0,0.0,0.0,0.0,0.0,1.0,2,2.0,2.0,2.0,0.0,0,1.0,0.0,0.0,0.0,1.0,2.0,0,0.0,0.0,0.0,1.0,1,1.0,1.0,1.0,1.0,1.0,1,1.0,1.0,1.0,0.0,1.0,0,1.0,0.0,0,2,2.0,2.0,0.0,1.0,0.0,0.0,0.0
2.0,0.0,0.0,1.0,0.0,1.0,0.0,1.0,1.0,1,1.0,1.0,1,0.0,0.0,1.0,1,1.0,0.0,0.0,0.0,0.0,,0.0,0.0,2.0,0,0.0,0,0,1.0,1,0,2.0,0.0,0.0,0.0,2.0,1.0,1.0,1,1.0,1.0,0.0,0.0,0,,0,0.0,0.0,0.0,0.0,0.0,1.0,0.0,0.0,0.0,0.0,0.0,1.0,1,1.0,1.0,1.0,2.0,2,1.0,1.0,1.0,1.0,1.0,0.0,0,0.0,1.0,1.0,,1,0.0,0.0,0.0,0.0,0.0,0,0.0,1.0,1.0,1.0,,1,0.0,1.0,1,1,1.0,1.0,0.0,1.0,1.0,1.0,0.0
1.0,0.0,1.0,0.0,1.0,0.0,0.0,0.0,0.0,0,0.0,0.0,0,0.0,0.0,1.0,0,1.0,1.0,1.0,1.0,1.0,1.0,1.0,0.0,0.0,2,2.0,2,2,0.0,1,1,1.0,0.0,0.0,2.0,1.0,1.0,1.0,1,1.0,1.0,0.0,0.0,0,1.0,0,0.0,0.0,0.0,0.0,0.0,0.0,1.0,1.0,1.0,1.0,1.0,1.0,0,0.0,0.0,0.0,1.0,1,2.0,0.0,0.0,0.0,2.0,0.0,0,0.0,1.0,0.0,0.0,0,1.0,1.0,0.0,0.0,1.0,1,1.0,2.0,2.0,0.0,1.0,0,0.0,0.0,0,0,0.0,0.0,0.0,0.0,0.0,0.0,1.0
1.0,0.0,0.0,1.0,1.0,0.0,1.0,1.0,1.0,1,1.0,1.0,1,0.0,0.0,1.0,1,1.0,1.0,0.0,0.0,0.0,0.0,1.0,2.0,0.0,0,0.0,0,0,0.0,0,0,1.0,0.0,0.0,2.0,1.0,1.0,1.0,1,1.0,1.0,1.0,1.0,2,0.0,0,0.0,0.0,0.0,0.0,0.0,0.0,2.0,0.0,0.0,0.0,0.0,1.0,0,0.0,0.0,0.0,1.0,1,0.0,0.0,0.0,0.0,1.0,0.0,0,0.0,0.0,1.0,0.0,0,0.0,0.0,0.0,0.0,0.0,0,0.0,0.0,0.0,1.0,0.0,2,0.0,1.0,1,1,1.0,1.0,1.0,1.0,0.0,0.0,0.0
0.0,0.0,1.0,1.0,0.0,1.0,2.0,1.0,1.0,1,1.0,1.0,1,0.0,1.0,0.0,0,1.0,1.0,1.0,1.0,1.0,1.0,1.0,0.0,2.0,0,0.0,0,0,0.0,0,0,1.0,0.0,0.0,2.0,0.0,1.0,1.0,1,1.0,1.0,2.0,0.0,1,0.0,0,0.0,0.0,0.0,0.0,0.0,0.0,1.0,0.0,0.0,0.0,0.0,1.0,1,1.0,1.0,1.0,1.0,1,0.0,0.0,0.0,0.0,2.0,0.0,1,1.0,1.0,1.0,2.0,2,1.0,0.0,0.0,0.0,0.0,0,0.0,1.0,1.0,1.0,0.0,0,0.0,0.0,0,1,1.0,1.0,1.0,0.0,1.0,1.0,0.0
0.0,0.0,1.0,0.0,1.0,1.0,0.0,1.0,1.0,1,1.0,2.0,1,0.0,0.0,1.0,1,2.0,0.0,0.0,0.0,0.0,0.0,2.0,1.0,0.0,1,1.0,1,1,1.0,0,0,2.0,0.0,0.0,0.0,1.0,2.0,2.0,2,2.0,2.0,1.0,0.0,1,0.0,0,0.0,0.0,0.0,0.0,0.0,0.0,0.0,1.0,1.0,1.0,1.0,0.0,1,1.0,1.0,1.0,0.0,0,0.0,1.0,1.0,1.0,0.0,0.0,0,0.0,1.0,1.0,0.0,0,0.0,1.0,0.0,0.0,0.0,0,0.0,2.0,2.0,0.0,0.0,0,0.0,0.0,0,1,1.0,1.0,0.0,1.0,0.0,0.0,0.0
0.0,0.0,0.0,1.0,0.0,1.0,0.0,0.0,0.0,0,0.0,0.0,0,0.0,0.0,1.0,1,2.0,0.0,0.0,0.0,0.0,,2.0,1.0,1.0,0,0.0,0,0,0.0,1,0,1.0,0.0,0.0,1.0,0.0,2.0,2.0,2,2.0,2.0,2.0,0.0,1,1.0,0,0.0,0.0,0.0,0.0,0.0,1.0,1.0,1.0,0.0,1.0,0.0,0.0,1,1.0,1.0,1.0,1.0,1,1.0,1.0,1.0,1.0,1.0,1.0,0,0.0,0.0,0.0,0.0,0,0.0,1.0,0.0,0.0,0.0,0,0.0,1.0,1.0,1.0,1.0,0,0.0,0.0,0,1,1.0,1.0,2.0,0.0,0.0,0.0,0.0
1.0,1.0,0.0,0.0,0.0,2.0,2.0,1.0,1.0,1,1.0,1.0,1,0.0,0.0,1.0,1,0.0,0.0,0.0,0.0,0.0,,1.0,0.0,0.0,1,2.0,2,1,1.0,0,1,1.0,0.0,0.0,0.0,0.0,0.0,0.0,0,0.0,0.0,0.0,1.0,1,1.0,0,0.0,0.0,0.0,0.0,0.0,1.0,1.0,1.0,1.0,1.0,1.0,0.0,0,0.0,0.0,0.0,2.0,1,1.0,1.0,1.0,1.0,2.0,2.0,1,1.0,1.0,0.0,0.0,0,0.0,1.0,0.0,0.0,0.0,0,0.0,0.0,0.0,2.0,1.0,1,0.0,0.0,0,0,0.0,0.0,0.0,0.0,2.0,2.0,1.0
1.0,1.0,0.0,1.0,0.0,1.0,0.0,0.0,0.0,0,0.0,0.0,0,0.0,,1.0,1,1.0,0.0,0.0,0.0,0.0,0.0,1.0,0.0,2.0,0,0.0,0,0,1.0,0,0,1.0,0.0,0.0,1.0,1.0,2.0,2.0,2,2.0,2.0,0.0,0.0,0,2.0,0,1.0,1.0,1.0,1.0,1.0,1.0,1.0,1.0,1.0,1.0,1.0,1.0,0,0.0,0.0,0.0,0.0,0,1.0,1.0,1.0,1.0,1.0,1.0,0,0.0,0.0,0.0,1.0,1,0.0,0.0,0.0,0.0,0.0,0,0.0,0.0,0.0,1.0,1.0,0,1.0,0.0,0,0,0.0,0.0,0.0,0.0,1.0,1.0,0.0
1.0,0.0,0.0,0.0,1.0,1.0,1.0,2.0,2.0,2,2.0,2.0,2,0.0,0.0,1.0,1,1.0,0.0,0.0,0.0,0.0,0.0,1.0,0.0,0.0,0,1.0,1,0,0.0,0,1,1.0,1.0,1.0,0.0,1.0,1.0,1.0,1,1.0,1.0,1.0,1.0,0,1.0,0,0.0,0.0,0.0,0.0,0.0,1.0,0.0,1.0,1.0,1.0,1.0,1.0,2,2.0,2.0,2.0,1.0,1,2.0,0.0,0.0,0.0,1.0,0.0,0,0.0,0.0,0.0,1.0,1,1.0,0.0,0.0,0.0,0.0,0,0.0,0.0,0.0,0.0,0.0,0,0.0,0.0,0,1,1.0,1.0,0.0,0.0,0.0,0.0,1.0
2.0,0.0,0.0,1.0,2.0,0.0,0.0,0.0,0.0,0,0.0,0.0,0,0.0,0.0,0.0,0,1.0,1.0,0.0,0.0,0.0,0.0,1.0,0.0,1.0,0,0.0,0,0,0.0,0,0,1.0,0.0,0.0,1.0,1.0,2.0,2.0,2,2.0,2.0,1.0,0.0,0,1.0,0,0.0,0.0,0.0,0.0,0.0,0.0,2.0,0.0,0.0,0.0,0.0,0.0,0,0.0,0.0,0.0,1.0,1,1.0,1.0,1.0,1.0,1.0,1.0,0,0.0,0.0,0.0,0.0,0,1.0,,0.0,0.0,0.0,0,0.0,1.0,1.0,2.0,1.0,0,1.0,0.0,0,0,0.0,0.0,0.0,0.0,0.0,0.0,1.0
1.0,1.0,1.0,1.0,0.0,0.0,0.0,0.0,0.0,0,0.0,0.0,0,0.0,0.0,0.0,0,0.0,0.0,0.0,0.0,0.0,0.0,1.0,0.0,1.0,0,0.0,0,0,2.0,0,0,1.0,0.0,0.0,1.0,2.0,2.0,2.0,2,2.0,2.0,0.0,0.0,0,2.0,1,1.0,1.0,1.0,1.0,1.0,0.0,1.0,2.0,2.0,2.0,2.0,0.0,1,1.0,1.0,1.0,1.0,1,1.0,0.0,0.0,0.0,2.0,0.0,0,0.0,0.0,1.0,1.0,1,1.0,0.0,0.0,0.0,0.0,0,0.0,1.0,1.0,1.0,1.0,0,1.0,0.0,0,1,1.0,1.0,0.0,0.0,1.0,1.0,0.0
0.0,1.0,0.0,0.0,0.0,0.0,1.0,0.0,0.0,0,0.0,0.0,0,0.0,0.0,0.0,0,1.0,1.0,0.0,0.0,0.0,0.0,2.0,2.0,0.0,0,0.0,0,0,0.0,1,1,1.0,0.0,0.0,2.0,1.0,0.0,0.0,0,0.0,0.0,2.0,0.0,0,0.0,1,1.0,1.0,1.0,1.0,1.0,,1.0,0.0,0.0,0.0,0.0,0.0,0,0.0,0.0,0.0,2.0,1,0.0,2.0,2.0,2.0,1.0,0.0,1,1.0,1.0,1.0,0.0,0,1.0,1.0,0.0,0.0,0.0,0,0.0,1.0,1.0,2.0,0.0,0,1.0,0.0,0,1,1.0,1.0,0.0,0.0,1.0,1.0,0.0
2.0,0.0,1.0,1.0,0.0,0.0,1.0,0.0,0.0,0,0.0,0.0,0,1.0,0.0,0.0,0,1.0,1.0,1.0,1.0,1.0,1.0,0.0,0.0,0.0,0,0.0,0,0,1.0,0,0,0.0,0.0,0.0,2.0,1.0,1.0,1.0,1,0.0,1.0,1.0,0.0,0,0.0,0,0.0,0.0,0.0,0.0,0.0,1.0,1.0,0.0,0.0,0.0,0.0,0.0,1,1.0,1.0,1.0,2.0,2,2.0,1.0,1.0,1.0,2.0,0.0,1,1.0,1.0,1.0,0.0,0,0.0,0.0,0.0,0.0,0.0,0,0.0,0.0,0.0,1.0,0.0,0,1.0,0.0,0,0,0.0,0.0,0.0,1.0,0.0,0.0,1.0
1.0,0.0,0.0,1.0,0.0,2.0,1.0,1.0,1.0,1,1.0,1.0,1,0.0,0.0,1.0,1,1.0,0.0,0.0,0.0,0.0,0.0,1.0,0.0,1.0,0,0.0,0,0,1.0,0,0,2.0,0.0,0.0,1.0,1.0,0.0,0.0,0,0.0,0.0,0.0,1.0,1,0.0,0,0.0,,0.0,0.0,0.0,0.0,0.0,1.0,0.0,1.0,0.0,1.0,1,1.0,1.0,1.0,1.0,1,0.0,0.0,0.0,0.0,1.0,0.0,0,0.0,0.0,0.0,0.0,0,1.0,1.0,0.0,0.0,0.0,0,0.0,1.0,0.0,0.0,1.0,0,1.0,0.0,0,1,1.0,1.0,0.0,1.0,0.0,0.0,0.0
0.0,1.0,0.0,0.0,2.0,0.0,0.0,0.0,0.0,0,0.0,0.0,0,0.0,0.0,0.0,0,0.0,0.0,0.0,0.0,0.0,0.0,1.0,0.0,1.0,2,2.0,2,2,0.0,0,0,1.0,0.0,0.0,0.0,2.0,2.0,2.0,2,2.0,2.0,1.0,0.0,1,1.0,0,0.0,0.0,0.0,0.0,0.0,0.0,1.0,1.0,0.0,1.0,0.0,1.0,1,1.0,1.0,1.0,2.0,2,0.0,0.0,0.0,0.0,2.0,0.0,0,0.0,0.0,0.0,0.0,0,0.0,0.0,0.0,0.0,0.0,0,0.0,1.0,1.0,1.0,,1,0.0,0.0,0,0,0.0,0.0,0.0,1.0,0.0,0.0,1.0
1.0,1.0,0.0,1.0,1.0,0.0,1.0,1.0,1.0,1,1.0,1.0,1,0.0,0.0,0.0,0,1.0,2.0,1.0,1.0,1.0,1.0,0.0,0.0,2.0,0,0.0,0,0,0.0,0,0,0.0,0.0,0.0,1.0,0.0,1.0,1.0,1,1.0,1.0,0.0,0.0,1,1.0,0,0.0,0.0,0.0,0.0,0.0,0.0,0.0,0.0,0.0,0.0,0.0,0.0,0,0.0,0.0,0.0,1.0,1,0.0,0.0,0.0,0.0,1.0,1.0,0,0.0,0.0,0.0,0.0,0,0.0,0.0,0.0,0.0,0.0,0,0.0,1.0,1.0,0.0,1.0,0,0.0,0.0,0,1,1.0,1.0,0.0,0.0,1.0,1.0,0.0
2.0,1.0,0.0,1.0,0.0,1.0,1.0,2.0,2.0,2,2.0,2.0,2,0.0,0.0,0.0,0,1.0,0.0,0.0,0.0,0.0,0.0,1.0,1.0,2.0,0,0.0,0,0,0.0,0,0,1.0,0.0,0.0,0.0,1.0,1.0,1.0,1,1.0,1.0,1.0,0.0,0,2.0,1,1.0,1.0,1.0,1.0,1.0,1.0,2.0,0.0,0.0,0.0,0.0,1.0,2,2.0,2.0,2.0,1.0,1,0.0,0.0,0.0,1.0,1.0,1.0,1,1.0,1.0,1.0,0.0,0,0.0,0.0,0.0,0.0,0.0,0,0.0,1.0,1.0,0.0,1.0,1,1.0,0.0,0,1,1.0,1.0,0.0,1.0,0.0,0.0,0.0
1.0,0.0,1.0,1.0,0.0,1.0,1.0,1.0,1.0,1,1.0,1.0,1,0.0,0.0,0.0,0,0.0,0.0,0.0,0.0,0.0,0.0,1.0,0.0,1.0,0,0.0,0,0,1.0,0,0,0.0,0.0,0.0,2.0,1.0,0.0,0.0,0,0.0,0.0,1.0,1.0,1,1.0,0,0.0,0.0,0.0,0.0,0.0,0.0,0.0,0.0,0.0,0.0,0.0,1.0,0,0.0,0.0,0.0,0.0,0,0.0,1.0,1.0,1.0,2.0,0.0,0,0.0,0.0,0.0,1.0,1,0.0,2.0,0.0,0.0,0.0,0,0.0,1.0,1.0,1.0,0.0,0,1.0,0.0,0,1,1.0,1.0,0.0,1.0,1.0,1.0,0.0
2.0,1.0,0.0,0.0,1.0,0.0,0.0,0.0,0.0,0,0.0,0.0,0,0.0,0.0,0.0,0,1.0,0.0,0.0,0.0,0.0,0.0,0.0,1.0,0.0,0,0.0,0,0,0.0,0,0,2.0,0.0,0.0,1.0,1.0,1.0,1.0,1,1.0,1.0,0.0,0.0,0,1.0,0,0.0,0.0,0.0,0.0,0.0,0.0,0.0,0.0,0.0,0.0,0.0,2.0,1,1.0,1.0,1.0,1.0,1,0.0,1.0,1.0,1.0,0.0,0.0,1,1.0,1.0,2.0,0.0,0,0.0,1.0,0.0,0.0,0.0,0,0.0,1.0,1.0,1.0,0.0,1,0.0,1.0,1,0,0.0,0.0,0.0,1.0,1.0,1.0,0.0
0.0,1.0,0.0,0.0,0.0,1.0,0.0,0.0,0.0,0,0.0,0.0,0,0.0,1.0,0.0,0,1.0,0.0,0.0,0.0,0.0,,1.0,0.0,2.0,0,0.0,0,0,1.0,1,0,1.0,1.0,1.0,1.0,1.0,1.0,1.0,1,1.0,1.0,0.0,2.0,1,1.0,0,0.0,0.0,0.0,0.0,0.0,0.0,1.0,0.0,0.0,0.0,0.0,2.0,1,1.0,1.0,1.0,1.0,1,1.0,0.0,0.0,0.0,1.0,1.0,1,1.0,1.0,2.0,1.0,1,0.0,1.0,0.0,0.0,0.0,0,0.0,0.0,0.0,0.0,0.0,1,1.0,0.0,0,0,0.0,0.0,0.0,2.0,0.0,0.0,0.0
0.0,0.0,0.0,1.0,0.0,2.0,1.0,1.0,1.0,1,1.0,1.0,1,0.0,1.0,0.0,0,2.0,0.0,0.0,0.0,0.0,0.0,0.0,0.0,1.0,0,0.0,0,0,0.0,0,1,1.0,1.0,1.0,0.0,0.0,2.0,2.0,2,2.0,2.0,2.0,0.0,0,0.0,1,1.0,1.0,1.0,1.0,1.0,2.0,0.0,0.0,0.0,0.0,0.0,1.0,1,1.0,1.0,1.0,0.0,0,1.0,0.0,0.0,0.0,0.0,0.0,1,1.0,1.0,1.0,1.0,1,1.0,1.0,0.0,0.0,0.0,0,0.0,1.0,1.0,0.0,0.0,0,0.0,0.0,0,1,1.0,1.0,1.0,0.0,0.0,1.0,0.0
1.0,0.0,0.0,2.0,0.0,0.0,1.0,1.0,1.0,1,1.0,1.0,1,0.0,1.0,0.0,0,1.0,0.0,0.0,0.0,0.0,0.0,2.0,0.0,0.0,0,0.0,0,0,0.0,0,0,1.0,0.0,0.0,1.0,0.0,1.0,1.0,1,1.0,1.0,0.0,0.0,2,0.0,0,0.0,0.0,0.0,0.0,0.0,1.0,2.0,0.0,0.0,0.0,0.0,1.0,0,0.0,0.0,0.0,1.0,1,1.0,1.0,1.0,1.0,2.0,0.0,1,1.0,1.0,1.0,1.0,1,1.0,0.0,1.0,1.0,0.0,0,0.0,1.0,1.0,2.0,0.0,0,0.0,0.0,0,2,2.0,2.0,0.0,0.0,0.0,0.0,1.0
2.0,0.0,1.0,1.0,1.0,0.0,1.0,1.0,1.0,1,1.0,1.0,1,0.0,0.0,1.0,1,2.0,2.0,2.0,2.0,2.0,2.0,0.0,1.0,1.0,0,0.0,0,0,0.0,0,0,1.0,1.0,1.0,1.0,1.0,1.0,1.0,1,1.0,1.0,1.0,1.0,0,1.0,0,0.0,0.0,0.0,0.0,0.0,0.0,1.0,0.0,0.0,0.0,0.0,0.0,1,1.0,1.0,1.0,0.0,0,0.0,0.0,0.0,0.0,0.0,2.0,0,0.0,,1.0,0.0,0,0.0,1.0,0.0,0.0,0.0,0,0.0,1.0,1.0,0.0,1.0,2,0.0,0.0,0,1,1.0,1.0,0.0,2.0,0.0,0.0,0.0
1.0,0.0,0.0,2.0,1.0,1.0,0.0,1.0,1.0,1,1.0,1.0,1,0.0,0.0,1.0,1,0.0,,0.0,0.0,0.0,0.0,1.0,1.0,2.0,0,0.0,0,0,1.0,1,0,2.0,0.0,0.0,1.0,1.0,1.0,1.0,1,1.0,1.0,1.0,0.0,1,0.0,1,1.0,1.0,1.0,1.0,1.0,0.0,1.0,1.0,1.0,1.0,1.0,0.0,1,1.0,1.0,1.0,0.0,0,1.0,1.0,1.0,1.0,0.0,0.0,0,0.0,1.0,0.0,0.0,0,0.0,1.0,0.0,0.0,1.0,1,1.0,2.0,2.0,1.0,0.0,0,1.0,0.0,0,0,0.0,0.0,1.0,0.0,1.0,1.0,0.0
1.0,0.0,0.0,0.0,1.0,1.0,0.0,1.0,1.0,1,1.0,1.0,1,1.0,0.0,1.0,1,0.0,1.0,1.0,1.0,1.0,1.0,1.0,1.0,1.0,0,0.0,0,0,1.0,0,0,1.0,1.0,1.0,1.0,2.0,2.0,2.0,2,2.0,2.0,2.0,0.0,2,0.0,0,0.0,0.0,0.0,0.0,0.0,0.0,0.0,0.0,0.0,0.0,0.0,0.0,0,0.0,0.0,0.0,2.0,2,2.0,0.0,0.0,,2.0,2.0,0,0.0,,1.0,0.0,0,0.0,,0.0,0.0,0.0,0,0.0,1.0,1.0,1.0,0.0,0,0.0,0.0,0,0,0.0,,1.0,1.0,0.0,0.0,0.0
1.0,0.0,1.0,0.0,1.0,0.0,1.0,0.0,0.0,0,0.0,0.0,0,0.0,1.0,1.0,1,1.0,2.0,2.0,2.0,2.0,2.0,2.0,0.0,0.0,0,0.0,0,0,0.0,1,0,1.0,0.0,0.0,1.0,0.0,2.0,2.0,2,2.0,2.0,0.0,0.0,1,1.0,0,0.0,,0.0,0.0,0.0,0.0,1.0,0.0,0.0,0.0,0.0,0.0,1,1.0,1.0,1.0,,0,1.0,1.0,1.0,1.0,1.0,1.0,0,0.0,1.0,0.0,0.0,0,0.0,1.0,0.0,0.0,0.0,0,0.0,0.0,0.0,0.0,0.0,0,0.0,0.0,0,2,,2.0,,1.0,0.0,0.0,1.0
1.0,0.0,0.0,2.0,1.0,1.0,1.0,1.0,1.0,1,1.0,1.0,1,0.0,0.0,0.0,0,1.0,1.0,1.0,1.0,1.0,1.0,2.0,0.0,0.0,0,0.0,0,0,0.0,0,0,2.0,0.0,0.0,1.0,0.0,1.0,1.0,1,1.0,1.0,1.0,0.0,1,1.0,2,2.0,2.0,2.0,2.0,2.0,1.0,2.0,0.0,0.0,0.0,0.0,0.0,1,1.0,1.0,1.0,1.0,1,0.0,2.0,2.0,2.0,0.0,0.0,0,0.0,0.0,1.0,1.0,1,1.0,2.0,0.0,0.0,1.0,1,1.0,2.0,2.0,2.0,0.0,0,1.0,0.0,0,1,1.0,1.0,1.0,1.0,0.0,0.0,0.0
1.0,0.0,0.0,1.0,0.0,1.0,,0.0,0.0,0,0.0,0.0,0,0.0,0.0,2.0,2,0.0,1.0,1.0,1.0,1.0,1.0,0.0,0.0,1.0,1,1.0,1,1,0.0,0,0,0.0,1.0,1.0,1.0,2.0,2.0,2.0,2,2.0,2.0,1.0,0.0,1,1.0,0,0.0,0.0,0.0,0.0,0.0,1.0,0.0,1.0,0.0,,0.0,0.0,1,0.0,0.0,0.0,1.0,1,0.0,0.0,0.0,0.0,1.0,0.0,1,1.0,2.0,2.0,0.0,0,0.0,1.0,0.0,0.0,1.0,1,1.0,1.0,1.0,1.0,1.0,1,1.0,0.0,0,2,2.0,2.0,1.0,1.0,0.0,0.0,0.0
1.0,0.0,0.0,0.0,0.0,1.0,0.0,0.0,0.0,0,0.0,0.0,0,1.0,1.0,0.0,0,2.0,1.0,1.0,1.0,1.0,1.0,1.0,0.0,0.0,1,1.0,1,1,0.0,0,0,0.0,0.0,0.0,1.0,0.0,1.0,1.0,1,1.0,1.0,1.0,1.0,0,2.0,0,0.0,0.0,0.0,0.0,0.0,1.0,1.0,0.0,0.0,0.0,0.0,2.0,1,1.0,1.0,1.0,0.0,0,0.0,0.0,0.0,0.0,0.0,1.0,0,0.0,0.0,0.0,0.0,0,0.0,0.0,1.0,1.0,0.0,0,0.0,2.0,2.0,1.0,0.0,0,1.0,0.0,0,1,1.0,1.0,0.0,0.0,2.0,2.0,1.0
2.0,0.0,0.0,0.0,0.0,0.0,2.0,1.0,1.0,1,1.0,1.0,1,0.0,0.0,1.0,1,2.0,0.0,0.0,0.0,0.0,0.0,2.0,0.0,0.0,0,1.0,0,0,0.0,0,0,2.0,0.0,0.0,1.0,1.0,2.0,2.0,2,2.0,2.0,0.0,0.0,0,1.0,0,0.0,0.0,0.0,0.0,0.0,1.0,2.0,0.0,0.0,0.0,0.0,0.0,1,1.0,1.0,1.0,,2,0.0,0.0,0.0,0.0,2.0,0.0,1,1.0,1.0,1.0,0.0,0,0.0,0.0,0.0,0.0,0.0,0,0.0,1.0,1.0,2.0,0.0,0,1.0,0.0,0,0,0.0,0.0,0.0,0.0,0.0,0.0,0.0
0.0,,0.0,0.0,0.0,2.0,0.0,0.0,0.0,0,0.0,0.0,0,0.0,0.0,2.0,1,1.0,0.0,0.0,0.0,0.0,0.0,0.0,1.0,0.0,0,0.0,0,0,0.0,0,0,0.0,0.0,0.0,2.0,1.0,0.0,0.0,0,0.0,0.0,1.0,0.0,0,1.0,0,0.0,0.0,0.0,0.0,0.0,0.0,0.0,1.0,1.0,1.0,1.0,0.0,0,0.0,0.0,0.0,0.0,0,1.0,2.0,2.0,2.0,0.0,0.0,0,0.0,0.0,1.0,0.0,0,0.0,1.0,1.0,1.0,0.0,0,0.0,2.0,1.0,1.0,0.0,1,0.0,0.0,0,0,0.0,0.0,0.0,0.0,1.0,1.0,1.0
1.0,0.0,0.0,0.0,0.0,0.0,1.0,0.0,0.0,0,0.0,0.0,0,0.0,0.0,0.0,0,1.0,0.0,0.0,0.0,0.0,0.0,2.0,0.0,0.0,0,0.0,0,0,1.0,0,0,0.0,0.0,0.0,2.0,2.0,1.0,1.0,1,1.0,1.0,2.0,1.0,1,0.0,1,1.0,1.0,1.0,1.0,1.0,1.0,1.0,0.0,0.0,0.0,0.0,1.0,1,1.0,1.0,1.0,0.0,0,1.0,1.0,1.0,1.0,1.0,1.0,0,0.0,0.0,0.0,0.0,0,1.0,0.0,0.0,0.0,0.0,0,0.0,1.0,1.0,2.0,0.0,1,0.0,,1,1,1.0,1.0,1.0,0.0,,1.0,0.0
1.0,0.0,0.0,0.0,1.0,1.0,0.0,0.0,0.0,0,0.0,0.0,0,0.0,0.0,1.0,1,0.0,0.0,0.0,0.0,0.0,0.0,2.0,0.0,2.0,1,2.0,2,1,1.0,1,0,1.0,0.0,0.0,1.0,0.0,1.0,1.0,1,1.0,1.0,0.0,1.0,1,1.0,0,0.0,0.0,0.0,0.0,0.0,1.0,1.0,1.0,1.0,1.0,1.0,0.0,1,1.0,1.0,1.0,1.0,1,1.0,1.0,1.0,1.0,0.0,0.0,2,2.0,2.0,1.0,1.0,0,0.0,1.0,0.0,0.0,0.0,0,0.0,1.0,1.0,1.0,0.0,1,2.0,1.0,1,0,0.0,0.0,1.0,1.0,1.0,0.0,0.0
1.0,1.0,0.0,1.0,0.0,2.0,1.0,1.0,1.0,1,1.0,1.0,1,0.0,0.0,0.0,0,0.0,0.0,0.0,0.0,0.0,0.0,1.0,1.0,1.0,0,0.0,0,0,0.0,0,0,0.0,0.0,0.0,2.0,1.0,2.0,2.0,2,2.0,2.0,1.0,0.0,2,0.0,0,0.0,0.0,0.0,0.0,0.0,0.0,0.0,1.0,1.0,1.0,1.0,0.0,0,0.0,0.0,0.0,2.0,2,0.0,0.0,0.0,0.0,1.0,0.0,0,0.0,0.0,1.0,0.0,0,1.0,2.0,1.0,1.0,0.0,0,0.0,1.0,1.0,1.0,0.0,0,2.0,0.0,0,2,2.0,2.0,0.0,1.0,0.0,0.0,0.0
1.0,1.0,0.0,2.0,1.0,1.0,1.0,2.0,2.0,2,2.0,2.0,2,0.0,0.0,0.0,0,0.0,1.0,1.0,1.0,1.0,1.0,1.0,1.0,0.0,0,0.0,0,0,0.0,0,0,1.0,0.0,0.0,1.0,0.0,0.0,0.0,0,0.0,0.0,1.0,0.0,1,1.0,0,0.0,0.0,0.0,0.0,0.0,1.0,0.0,0.0,0.0,0.0,0.0,0.0,0,0.0,0.0,0.0,0.0,0,0.0,1.0,1.0,1.0,0.0,0.0,1,1.0,1.0,1.0,0.0,0,0.0,0.0,1.0,1.0,0.0,0,0.0,2.0,2.0,1.0,1.0,0,0.0,0.0,0,0,0.0,0.0,1.0,0.0,0.0,0.0,0.0
0.0,0.0,0.0,0.0,0.0,1.0,0.0,1.0,1.0,1,1.0,1.0,1,1.0,1.0,0.0,0,1.0,1.0,,2.0,,2.0,2.0,1.0,0.0,0,0.0,0,0,2.0,0,0,2.0,0.0,0.0,1.0,0.0,0.0,0.0,0,0.0,0.0,1.0,0.0,1,1.0,0,0.0,0.0,0.0,0.0,0.0,0.0,2.0,0.0,0.0,0.0,0.0,0.0,0,0.0,0.0,0.0,1.0,1,0.0,0.0,0.0,0.0,2.0,0.0,0,0.0,0.0,2.0,1.0,1,0.0,1.0,0.0,0.0,0.0,1,1.0,0.0,0.0,2.0,0.0,0,2.0,0.0,0,0,0.0,0.0,1.0,1.0,0.0,0.0,1.0
1.0,1.0,1.0,1.0,0.0,0.0,1.0,0.0,0.0,0,0.0,0.0,0,0.0,0.0,0.0,0,0.0,0.0,0.0,0.0,0.0,0.0,1.0,0.0,1.0,0,0.0,0,0,1.0,1,0,2.0,0.0,0.0,2.0,0.0,1.0,1.0,1,1.0,1.0,1.0,0.0,1,1.0,0,0.0,0.0,0.0,0.0,0.0,1.0,1.0,1.0,0.0,1.0,0.0,0.0,1,1.0,1.0,1.0,1.0,1,1.0,1.0,1.0,1.0,2.0,1.0,2,2.0,2.0,0.0,1.0,1,0.0,1.0,0.0,0.0,0.0,0,0.0,1.0,1.0,1.0,0.0,0,0.0,0.0,0,1,1.0,1.0,1.0,1.0,2.0,2.0,0.0
1.0,1.0,0.0,1.0,0.0,1.0,1.0,1.0,1.0,1,1.0,1.0,1,2.0,1.0,0.0,0,0.0,0.0,1.0,1.0,1.0,1.0,0.0,1.0,0.0,0,0.0,0,0,1.0,0,0,2.0,0.0,0.0,0.0,2.0,1.0,1.0,1,1.0,1.0,0.0,0.0,1,0.0,0,0.0,0.0,0.0,0.0,0.0,1.0,2.0,0.0,0.0,0.0,0.0,1.0,1,1.0,1.0,1.0,2.0,2,1.0,1.0,1.0,1.0,2.0,0.0,0,0.0,0.0,2.0,0.0,0,0.0,1.0,0.0,0.0,0.0,0,0.0,0.0,0.0,0.0,1.0,0,1.0,0.0,0,0,0.0,0.0,0.0,1.0,2.0,2.0,1.0
0.0,0.0,0.0,0.0,0.0,1.0,0.0,2.0,2.0,2,2.0,2.0,2,1.0,0.0,1.0,1,0.0,0.0,0.0,0.0,0.0,0.0,2.0,0.0,1.0,1,2.0,1,1,1.0,0,1,1.0,0.0,0.0,1.0,1.0,1.0,1.0,1,2.0,2.0,1.0,1.0,0,2.0,0,0.0,0.0,0.0,0.0,0.0,1.0,0.0,1.0,1.0,1.0,1.0,0.0,0,0.0,0.0,0.0,1.0,1,0.0,0.0,0.0,0.0,1.0,0.0,0,0.0,0.0,0.0,1.0,1,1.0,0.0,0.0,0.0,0.0,0,0.0,1.0,1.0,1.0,0.0,2,0.0,0.0,0,1,1.0,2.0,1.0,0.0,0.0,0.0,0.0
1.0,1.0,1.0,2.0,1.0,0.0,0.0,2.0,2.0,2,2.0,2.0,2,0.0,0.0,1.0,1,1.0,0.0,0.0,0.0,0.0,0.0,2.0,1.0,1.0,0,0.0,0,0,0.0,0,0,1.0,0.0,0.0,1.0,0.0,2.0,2.0,2,,2.0,0.0,0.0,0,0.0,0,0.0,0.0,0.0,0.0,0.0,0.0,1.0,0.0,0.0,0.0,0.0,1.0,0,0.0,0.0,,2.0,2,2.0,0.0,0.0,0.0,2.0,0.0,0,0.0,0.0,0.0,0.0,0,2.0,,0.0,0.0,0.0,0,0.0,0.0,0.0,1.0,1.0,0,1.0,0.0,0,0,0.0,0.0,0.0,0.0,1.0,1.0,0.0
1.0,2.0,0.0,1.0,0.0,1.0,0.0,1.0,1.0,1,1.0,1.0,1,0.0,0.0,0.0,0,0.0,0.0,0.0,0.0,0.0,0.0,1.0,0.0,2.0,0,0.0,0,0,0.0,1,0,2.0,0.0,0.0,0.0,0.0,1.0,1.0,1,1.0,1.0,2.0,0.0,1,1.0,0,0.0,0.0,0.0,0.0,0.0,0.0,1.0,0.0,0.0,0.0,0.0,1.0,1,1.0,1.0,1.0,2.0,2,0.0,0.0,0.0,0.0,1.0,1.0,0,0.0,0.0,0.0,1.0,1,0.0,0.0,0.0,0.0,0.0,0,0.0,1.0,0.0,1.0,0.0,0,1.0,1.0,1,0,0.0,0.0,0.0,1.0,0.0,0.0,0.0
1.0,1.0,1.0,1.0,0.0,1.0,1.0,1.0,1.0,1,1.0,1.0,1,0.0,0.0,2.0,2,1.0,0.0,1.0,1.0,1.0,1.0,1.0,2.0,0.0,1,1.0,1,1,1.0,0,0,1.0,0.0,0.0,1.0,0.0,0.0,0.0,0,0.0,0.0,0.0,0.0,1,1.0,0,0.0,0.0,0.0,0.0,0.0,1.0,0.0,0.0,0.0,0.0,0.0,1.0,0,0.0,0.0,0.0,2.0,2,2.0,1.0,1.0,1.0,1.0,0.0,1,1.0,1.0,1.0,0.0,0,0.0,0.0,0.0,0.0,1.0,1,1.0,2.0,2.0,0.0,1.0,1,0.0,0.0,0,1,1.0,1.0,0.0,1.0,1.0,1.0,0.0
0.0,1.0,1.0,1.0,0.0,0.0,1.0,0.0,0.0,0,0.0,0.0,0,0.0,0.0,1.0,1,2.0,0.0,0.0,0.0,0.0,0.0,1.0,0.0,0.0,0,0.0,0,0,1.0,0,0,2.0,0.0,0.0,1.0,1.0,0.0,0.0,0,0.0,0.0,0.0,1.0,1,1.0,0,0.0,0.0,0.0,0.0,0.0,0.0,0.0,1.0,1.0,1.0,1.0,0.0,2,2.0,2.0,2.0,0.0,0,1.0,1.0,1.0,1.0,1.0,1.0,0,0.0,0.0,2.0,0.0,0,0.0,1.0,0.0,0.0,0.0,0,0.0,2.0,2.0,1.0,0.0,0,0.0,1.0,0,1,1.0,1.0,0.0,1.0,0.0,,0.0
1.0,0.0,0.0,0.0,0.0,0.0,0.0,1.0,1.0,1,1.0,1.0,1,0.0,0.0,1.0,1,0.0,0.0,0.0,0.0,0.0,0.0,1.0,0.0,0.0,1,1.0,1,1,0.0,1,0,0.0,0.0,0.0,0.0,2.0,2.0,2.0,2,2.0,2.0,0.0,0.0,0,2.0,0,0.0,0.0,0.0,0.0,0.0,0.0,0.0,1.0,1.0,1.0,1.0,0.0,1,1.0,1.0,1.0,1.0,1,0.0,0.0,0.0,0.0,1.0,0.0,0,0.0,0.0,0.0,0.0,0,0.0,0.0,0.0,0.0,0.0,0,0.0,1.0,1.0,2.0,1.0,0,0.0,0.0,0,0,0.0,0.0,0.0,1.0,0.0,0.0,1.0
0.0,0.0,0.0,0.0,1.0,1.0,0.0,0.0,0.0,0,0.0,0.0,0,0.0,0.0,0.0,0,1.0,0.0,0.0,0.0,0.0,0.0,0.0,0.0,0.0,1,2.0,1,1,0.0,0,0,0.0,0.0,0.0,1.0,0.0,2.0,2.0,2,2.0,2.0,0.0,0.0,2,0.0,0,0.0,0.0,0.0,0.0,0.0,1.0,1.0,1.0,1.0,1.0,1.0,1.0,1,1.0,1.0,1.0,0.0,0,2.0,1.0,1.0,1.0,2.0,0.0,0,0.0,0.0,1.0,0.0,0,0.0,0.0,0.0,0.0,0.0,0,0.0,0.0,1.0,1.0,0.0,0,0.0,0.0,0,0,0.0,0.0,0.0,0.0,1.0,1.0,1.0
1.0,0.0,0.0,2.0,1.0,0.0,0.0,1.0,1.0,1,1.0,1.0,1,0.0,0.0,0.0,0,1.0,0.0,0.0,0.0,0.0,0.0,1.0,1.0,1.0,0,0.0,0,0,0.0,0,0,0.0,0.0,0.0,0.0,1.0,1.0,1.0,1,1.0,1.0,0.0,0.0,1,0.0,0,0.0,0.0,0.0,0.0,0.0,1.0,0.0,1.0,1.0,1.0,1.0,0.0,1,1.0,1.0,1.0,0.0,0,1.0,1.0,1.0,2.0,1.0,0.0,0,0.0,2.0,1.0,0.0,0,0.0,1.0,0.0,0.0,0.0,0,0.0,2.0,1.0,,0.0,1,1.0,0.0,0,1,1.0,1.0,1.0,0.0,0.0,0.0,0.0
1.0,0.0,0.0,0.0,0.0,1.0,0.0,1.0,1.0,1,1.0,1.0,1,1.0,0.0,1.0,1,0.0,1.0,1.0,1.0,1.0,1.0,2.0,0.0,0.0,0,0.0,0,0,0.0,1,0,0.0,0.0,0.0,2.0,1.0,0.0,0.0,0,0.0,0.0,0.0,1.0,0,1.0,0,0.0,0.0,0.0,0.0,0.0,0.0,0.0,1.0,1.0,0.0,0.0,0.0,1,1.0,1.0,1.0,1.0,1,2.0,1.0,1.0,1.0,0.0,0.0,1,1.0,1.0,1.0,0.0,0,0.0,0.0,1.0,1.0,1.0,1,1.0,0.0,0.0,1.0,0.0,0,1.0,0.0,0,0,0.0,0.0,0.0,2.0,1.0,1.0,1.0
1.0,1.0,0.0,1.0,1.0,0.0,1.0,0.0,0.0,0,0.0,0.0,0,0.0,0.0,0.0,0,1.0,0.0,0.0,0.0,0.0,0.0,2.0,0.0,2.0,0,0.0,0,0,0.0,0,0,1.0,0.0,0.0,1.0,0.0,0.0,0.0,0,0.0,0.0,0.0,0.0,0,0.0,0,0.0,0.0,0.0,0.0,0.0,0.0,0.0,0.0,0.0,0.0,,0.0,0,0.0,0.0,0.0,1.0,1,0.0,0.0,0.0,0.0,0.0,,0,0.0,0.0,0.0,0.0,0,0.0,1.0,0.0,0.0,0.0,0,0.0,2.0,2.0,1.0,0.0,0,0.0,1.0,1,0,0.0,0.0,0.0,1.0,1.0,1.0,0.0
1.0,0.0,0.0,1.0,0.0,1.0,2.0,0.0,0.0,0,0.0,0.0,0,0.0,0.0,0.0,0,2.0,0.0,0.0,0.0,0.0,0.0,0.0,2.0,0.0,0,0.0,0,0,1.0,0,0,2.0,0.0,0.0,1.0,0.0,2.0,2.0,2,2.0,2.0,1.0,1.0,0,,1,1.0,1.0,1.0,1.0,1.0,0.0,1.0,0.0,0.0,0.0,0.0,0.0,0,0.0,0.0,0.0,0.0,0,1.0,0.0,0.0,0.0,0.0,0.0,0,0.0,0.0,1.0,1.0,1,0.0,1.0,1.0,1.0,1.0,1,1.0,1.0,1.0,1.0,,1,1.0,0.0,0,1,1.0,1.0,,1.0,1.0,1.0,0.0
1.0,0.0,0.0,0.0,1.0,1.0,0.0,0.0,0.0,0,0.0,0.0,0,0.0,0.0,1.0,1,0.0,1.0,1.0,1.0,1.0,1.0,0.0,1.0,1.0,1,2.0,2,1,1.0,1,0,1.0,0.0,0.0,2.0,0.0,1.0,1.0,1,2.0,2.0,1.0,0.0,0,1.0,0,0.0,0.0,0.0,0.0,0.0,1.0,0.0,2.0,1.0,1.0,0.0,1.0,2,2.0,2.0,2.0,0.0,0,1.0,0.0,0.0,0.0,1.0,1.0,0,0.0,1.0,1.0,1.0,1,1.0,1.0,0.0,0.0,0.0,0,0.0,1.0,1.0,1.0,0.0,0,1.0,0.0,0,0,0.0,0.0,0.0,0.0,0.0,0.0,0.0
2.0,0.0,1.0,0.0,1.0,0.0,1.0,0.0,0.0,0,0.0,0.0,0,0.0,0.0,1.0,1,1.0,1.0,0.0,0.0,0.0,0.0,1.0,0.0,1.0,0,0.0,0,0,0.0,0,0,1.0,0.0,0.0,2.0,1.0,0.0,0.0,0,0.0,0.0,1.0,0.0,1,1.0,0,0.0,0.0,0.0,0.0,0.0,2.0,1.0,1.0,1.0,1.0,1.0,1.0,1,1.0,1.0,1.0,2.0,2,1.0,1.0,1.0,1.0,1.0,1.0,0,0.0,0.0,0.0,0.0,0,0.0,0.0,0.0,0.0,0.0,0,0.0,1.0,1.0,2.0,1.0,1,0.0,1.0,1,0,0.0,0.0,1.0,0.0,0.0,0.0,0.0
0.0,1.0,0.0,1.0,0.0,0.0,2.0,0.0,0.0,0,0.0,0.0,0,,0.0,1.0,1,1.0,0.0,0.0,0.0,0.0,0.0,1.0,0.0,1.0,0,0.0,0,0,1.0,1,0,2.0,0.0,0.0,2.0,0.0,1.0,1.0,1,1.0,1.0,2.0,0.0,1,1.0,1,1.0,1.0,1.0,1.0,1.0,1.0,0.0,0.0,0.0,0.0,0.0,1.0,1,1.0,1.0,1.0,0.0,0,1.0,1.0,1.0,1.0,0.0,1.0,0,0.0,0.0,1.0,1.0,1,1.0,1.0,0.0,0.0,0.0,0,0.0,0.0,1.0,1.0,1.0,0,0.0,0.0,0,1,1.0,1.0,0.0,0.0,0.0,,0.0
2.0,0.0,1.0,0.0,0.0,1.0,0.0,1.0,1.0,1,1.0,1.0,1,0.0,0.0,0.0,0,1.0,0.0,0.0,0.0,0.0,0.0,0.0,0.0,2.0,0,0.0,0,0,0.0,0,1,1.0,0.0,0.0,0.0,1.0,0.0,0.0,0,0.0,0.0,1.0,0.0,0,1.0,1,0.0,0.0,0.0,0.0,0.0,0.0,1.0,1.0,1.0,1.0,1.0,1.0,1,1.0,1.0,1.0,0.0,0,1.0,0.0,0.0,0.0,1.0,1.0,0,0.0,1.0,1.0,0.0,0,0.0,1.0,0.0,0.0,0.0,0,0.0,1.0,1.0,0.0,0.0,0,0.0,0.0,0,1,1.0,1.0,0.0,1.0,0.0,0.0,0.0
0.0,1.0,1.0,1.0,0.0,0.0,1.0,0.0,0.0,0,0.0,0.0,0,0.0,0.0,0.0,0,1.0,1.0,0.0,0.0,0.0,0.0,2.0,0.0,0.0,0,1.0,1,0,0.0,0,0,1.0,0.0,0.0,2.0,1.0,1.0,1.0,1,1.0,1.0,0.0,0.0,0,2.0,0,1.0,1.0,1.0,1.0,1.0,1.0,1.0,1.0,1.0,1.0,1.0,1.0,1,1.0,1.0,1.0,1.0,1,1.0,0.0,0.0,0.0,1.0,0.0,0,0.0,0.0,1.0,0.0,0,0.0,1.0,0.0,0.0,0.0,0,0.0,1.0,1.0,1.0,2.0,0,0.0,1.0,1,1,1.0,1.0,0.0,1.0,0.0,0.0,0.0
1.0,0.0,0.0,1.0,0.0,1.0,0.0,1.0,1.0,1,1.0,1.0,1,0.0,0.0,1.0,1,1.0,0.0,0.0,0.0,0.0,0.0,0.0,0.0,1.0,0,1.0,1,0,0.0,0,0,1.0,1.0,1.0,1.0,0.0,1.0,1.0,1,1.0,1.0,2.0,1.0,0,1.0,0,0.0,0.0,0.0,0.0,0.0,2.0,2.0,0.0,0.0,0.0,,0.0,0,0.0,0.0,0.0,0.0,0,1.0,0.0,0.0,0.0,0.0,1.0,1,1.0,1.0,0.0,1.0,1,0.0,0.0,1.0,1.0,1.0,1,1.0,2.0,2.0,1.0,0.0,0,0.0,0.0,0,1,1.0,1.0,0.0,0.0,1.0,1.0,1.0
1.0,0.0,0.0,0.0,1.0,0.0,0.0,0.0,0.0,0,0.0,0.0,0,0.0,0.0,1.0,1,0.0,0.0,0.0,0.0,0.0,0.0,0.0,2.0,0.0,0,0.0,0,0,1.0,1,0,0.0,1.0,1.0,1.0,2.0,1.0,1.0,1,1.0,1.0,0.0,1.0,2,0.0,0,0.0,0.0,0.0,0.0,0.0,0.0,2.0,1.0,1.0,1.0,1.0,1.0,2,2.0,2.0,2.0,1.0,1,2.0,1.0,1.0,1.0,0.0,0.0,0,0.0,0.0,2.0,0.0,0,0.0,1.0,0.0,0.0,0.0,0,0.0,1.0,1.0,0.0,0.0,0,0.0,0.0,0,1,1.0,1.0,1.0,1.0,1.0,1.0,1.0
2.0,0.0,0.0,1.0,0.0,2.0,0.0,1.0,1.0,1,1.0,1.0,1,0.0,0.0,2.0,2,1.0,1.0,0.0,0.0,0.0,0.0,1.0,0.0,1.0,0,0.0,0,0,1.0,0,0,0.0,0.0,0.0,0.0,0.0,1.0,1.0,1,1.0,1.0,1.0,0.0,0,1.0,0,0.0,0.0,0.0,0.0,0.0,0.0,0.0,1.0,1.0,1.0,1.0,0.0,2,2.0,2.0,2.0,1.0,1,1.0,2.0,2.0,2.0,1.0,0.0,0,0.0,0.0,1.0,1.0,1,0.0,1.0,0.0,0.0,0.0,0,0.0,0.0,0.0,0.0,1.0,0,0.0,0.0,0,0,0.0,1.0,0.0,1.0,1.0,,1.0
0.0,0.0,0.0,0.0,0.0,2.0,0.0,2.0,2.0,2,2.0,2.0,2,0.0,0.0,0.0,0,1.0,0.0,0.0,0.0,0.0,0.0,1.0,2.0,1.0,0,0.0,0,0,1.0,0,0,1.0,0.0,0.0,0.0,0.0,1.0,1.0,1,1.0,1.0,1.0,0.0,0,1.0,0,0.0,0.0,0.0,0.0,0.0,1.0,1.0,1.0,1.0,1.0,1.0,0.0,0,0.0,0.0,0.0,0.0,0,1.0,0.0,0.0,0.0,0.0,1.0,0,0.0,0.0,1.0,0.0,0,0.0,0.0,0.0,0.0,0.0,0,0.0,1.0,1.0,1.0,1.0,0,1.0,0.0,0,0,0.0,0.0,0.0,0.0,0.0,0.0,0.0
1.0,1.0,1.0,1.0,1.0,0.0,0.0,2.0,2.0,2,2.0,2.0,2,0.0,0.0,0.0,0,1.0,0.0,1.0,1.0,1.0,1.0,1.0,1.0,1.0,1,1.0,1,1,0.0,0,1,2.0,0.0,0.0,0.0,0.0,0.0,0.0,0,0.0,0.0,1.0,1.0,2,0.0,0,0.0,0.0,0.0,0.0,0.0,1.0,0.0,0.0,0.0,0.0,0.0,0.0,1,1.0,1.0,1.0,1.0,1,0.0,0.0,0.0,0.0,0.0,0.0,1,1.0,1.0,0.0,0.0,0,0.0,1.0,0.0,0.0,0.0,0,0.0,0.0,0.0,0.0,1.0,0,0.0,0.0,0,1,1.0,1.0,1.0,0.0,1.0,1.0,1.0
0.0,0.0,0.0,1.0,0.0,2.0,0.0,1.0,1.0,1,1.0,1.0,1,1.0,1.0,0.0,0,2.0,0.0,0.0,0.0,0.0,0.0,1.0,0.0,0.0,0,0.0,0,0,0.0,0,0,2.0,0.0,0.0,1.0,2.0,1.0,1.0,1,1.0,1.0,0.0,0.0,1,1.0,1,0.0,1.0,0.0,1.0,1.0,1.0,1.0,0.0,0.0,0.0,0.0,0.0,1,1.0,1.0,1.0,1.0,1,0.0,1.0,1.0,1.0,1.0,0.0,0,0.0,0.0,2.0,0.0,0,0.0,0.0,0.0,0.0,0.0,0,0.0,1.0,1.0,0.0,0.0,0,0.0,0.0,0,0,0.0,1.0,0.0,0.0,1.0,1.0,0.0
1.0,0.0,0.0,1.0,1.0,0.0,0.0,2.0,,2,2.0,2.0,2,1.0,0.0,0.0,0,1.0,0.0,0.0,0.0,0.0,0.0,1.0,1.0,0.0,0,0.0,0,0,1.0,0,0,1.0,0.0,0.0,1.0,1.0,2.0,2.0,2,1.0,1.0,1.0,1.0,1,1.0,1,1.0,1.0,1.0,1.0,1.0,1.0,2.0,0.0,0.0,0.0,0.0,0.0,2,2.0,2.0,2.0,2.0,2,0.0,1.0,1.0,1.0,1.0,1.0,0,0.0,0.0,1.0,0.0,0,0.0,1.0,0.0,0.0,0.0,0,0.0,0.0,0.0,1.0,1.0,0,0.0,0.0,0,1,1.0,1.0,0.0,1.0,0.0,1.0,1.0
1.0,0.0,0.0,0.0,0.0,0.0,2.0,0.0,0.0,0,0.0,0.0,0,1.0,0.0,0.0,0,0.0,0.0,0.0,0.0,0.0,0.0,1.0,0.0,1.0,1,1.0,1,1,1.0,1,2,2.0,0.0,0.0,2.0,0.0,2.0,2.0,2,2.0,2.0,0.0,1.0,0,1.0,0,0.0,0.0,0.0,0.0,0.0,1.0,1.0,1.0,1.0,1.0,1.0,1.0,0,0.0,0.0,0.0,0.0,0,1.0,1.0,1.0,1.0,2.0,0.0,0,0.0,0.0,1.0,0.0,0,0.0,2.0,0.0,0.0,0.0,0,0.0,2.0,2.0,0.0,1.0,1,0.0,0.0,0,2,2.0,2.0,0.0,1.0,2.0,2.0,1.0
1.0,0.0,0.0,0.0,0.0,0.0,0.0,1.0,1.0,1,1.0,1.0,1,1.0,0.0,1.0,1,0.0,1.0,1.0,1.0,1.0,1.0,1.0,0.0,1.0,1,1.0,1,1,1.0,2,0,1.0,0.0,0.0,2.0,1.0,2.0,2.0,2,2.0,2.0,1.0,1.0,0,1.0,1,1.0,1.0,1.0,1.0,1.0,1.0,1.0,0.0,0.0,0.0,0.0,0.0,2,2.0,2.0,2.0,1.0,2,1.0,0.0,0.0,0.0,0.0,0.0,0,0.0,0.0,1.0,0.0,0,0.0,1.0,0.0,0.0,0.0,0,0.0,2.0,1.0,2.0,1.0,0,1.0,0.0,0,0,0.0,0.0,0.0,1.0,1.0,1.0,1.0
1.0,0.0,0.0,0.0,0.0,1.0,0.0,1.0,1.0,1,1.0,1.0,1,0.0,0.0,1.0,1,0.0,0.0,0.0,0.0,0.0,0.0,0.0,0.0,0.0,0,0.0,0,0,0.0,0,1,0.0,0.0,0.0,0.0,0.0,1.0,1.0,1,1.0,1.0,1.0,1.0,0,2.0,0,0.0,0.0,0.0,0.0,0.0,2.0,1.0,0.0,0.0,0.0,0.0,0.0,1,1.0,1.0,1.0,2.0,2,0.0,1.0,1.0,1.0,1.0,0.0,0,0.0,1.0,1.0,0.0,0,0.0,0.0,0.0,0.0,0.0,0,0.0,1.0,1.0,0.0,1.0,0,2.0,0.0,0,1,1.0,1.0,1.0,1.0,1.0,0.0,1.0
1.0,0.0,0.0,2.0,0.0,1.0,0.0,1.0,1.0,1,1.0,1.0,1,0.0,0.0,0.0,0,1.0,0.0,0.0,0.0,0.0,0.0,1.0,1.0,2.0,0,0.0,0,0,1.0,0,0,1.0,0.0,0.0,2.0,0.0,0.0,0.0,0,0.0,0.0,1.0,1.0,0,,0,0.0,0.0,0.0,0.0,0.0,1.0,1.0,1.0,1.0,1.0,1.0,1.0,1,1.0,1.0,1.0,0.0,0,0.0,0.0,0.0,0.0,0.0,0.0,0,0.0,0.0,0.0,1.0,1,0.0,0.0,0.0,0.0,0.0,0,0.0,1.0,1.0,1.0,1.0,1,0.0,0.0,0,0,0.0,0.0,0.0,1.0,2.0,2.0,0.0
0.0,0.0,0.0,0.0,1.0,0.0,1.0,0.0,0.0,0,0.0,0.0,0,0.0,0.0,0.0,0,0.0,0.0,0.0,0.0,1.0,0.0,0.0,0.0,1.0,0,0.0,0,0,0.0,0,0,1.0,0.0,0.0,2.0,1.0,1.0,1.0,1,1.0,1.0,0.0,0.0,1,1.0,0,0.0,0.0,0.0,0.0,0.0,1.0,0.0,1.0,1.0,1.0,1.0,1.0,0,0.0,0.0,0.0,1.0,1,0.0,0.0,0.0,0.0,1.0,1.0,2,2.0,2.0,2.0,0.0,0,1.0,0.0,0.0,0.0,1.0,1,1.0,1.0,1.0,,0.0,1,1.0,0.0,0,2,2.0,2.0,2.0,0.0,1.0,1.0,0.0
1.0,0.0,1.0,0.0,1.0,1.0,0.0,2.0,2.0,2,2.0,2.0,2,0.0,0.0,1.0,1,1.0,1.0,2.0,2.0,2.0,2.0,2.0,0.0,0.0,0,0.0,0,0,1.0,0,0,1.0,0.0,0.0,1.0,1.0,1.0,1.0,1,1.0,1.0,0.0,2.0,0,2.0,0,0.0,0.0,0.0,0.0,0.0,0.0,1.0,0.0,0.0,0.0,0.0,0.0,1,1.0,1.0,1.0,1.0,1,0.0,2.0,2.0,2.0,2.0,0.0,0,0.0,1.0,0.0,0.0,0,0.0,0.0,0.0,0.0,1.0,1,1.0,1.0,1.0,0.0,1.0,0,0.0,0.0,0,0,0.0,0.0,0.0,1.0,0.0,0.0,1.0
1.0,0.0,1.0,1.0,2.0,0.0,0.0,2.0,2.0,2,2.0,2.0,2,0.0,0.0,1.0,1,0.0,0.0,0.0,0.0,0.0,0.0,1.0,0.0,0.0,1,1.0,1,1,0.0,0,0,1.0,0.0,0.0,1.0,1.0,1.0,1.0,1,1.0,1.0,1.0,0.0,2,0.0,0,0.0,0.0,0.0,0.0,0.0,1.0,0.0,0.0,0.0,0.0,0.0,0.0,0,0.0,0.0,0.0,1.0,1,1.0,0.0,0.0,0.0,1.0,0.0,0,0.0,0.0,1.0,0.0,0,0.0,1.0,0.0,0.0,0.0,0,0.0,1.0,1.0,1.0,0.0,0,0.0,0.0,0,0,0.0,0.0,0.0,2.0,0.0,0.0,1.0
0.0,0.0,0.0,1.0,0.0,1.0,0.0,0.0,0.0,0,0.0,0.0,0,0.0,0.0,1.0,1,1.0,0.0,0.0,0.0,0.0,0.0,1.0,1.0,1.0,0,0.0,0,0,0.0,0,0,0.0,0.0,0.0,0.0,1.0,2.0,2.0,2,2.0,2.0,0.0,1.0,0,1.0,0,0.0,0.0,0.0,0.0,0.0,1.0,2.0,0.0,0.0,0.0,0.0,0.0,1,1.0,1.0,1.0,0.0,0,1.0,2.0,2.0,2.0,0.0,0.0,0,0.0,0.0,2.0,0.0,0,0.0,2.0,1.0,1.0,1.0,1,1.0,0.0,0.0,1.0,1.0,0,0.0,0.0,0,0,0.0,0.0,0.0,1.0,2.0,2.0,1.0
1.0,0.0,0.0,1.0,0.0,0.0,0.0,1.0,1.0,1,1.0,1.0,1,0.0,0.0,0.0,0,1.0,0.0,0.0,0.0,0.0,0.0,1.0,2.0,0.0,0,0.0,0,0,0.0,0,0,1.0,0.0,0.0,1.0,2.0,1.0,1.0,1,1.0,1.0,1.0,1.0,0,0.0,0,0.0,0.0,0.0,0.0,0.0,1.0,1.0,0.0,0.0,0.0,0.0,1.0,1,1.0,1.0,1.0,2.0,2,1.0,1.0,1.0,1.0,0.0,1.0,0,0.0,2.0,1.0,0.0,0,0.0,1.0,0.0,0.0,0.0,0,0.0,2.0,2.0,0.0,1.0,0,0.0,0.0,0,2,2.0,2.0,1.0,0.0,2.0,2.0,0.0
1.0,1.0,0.0,1.0,1.0,0.0,0.0,1.0,1.0,1,1.0,1.0,1,0.0,0.0,0.0,0,1.0,0.0,0.0,0.0,0.0,0.0,2.0,1.0,1.0,0,0.0,0,0,1.0,0,0,0.0,0.0,0.0,1.0,0.0,1.0,1.0,1,1.0,1.0,0.0,1.0,1,1.0,0,0.0,0.0,0.0,0.0,0.0,0.0,0.0,0.0,0.0,,0.0,1.0,0,0.0,0.0,0.0,1.0,1,0.0,0.0,0.0,0.0,1.0,1.0,0,0.0,0.0,0.0,0.0,0,1.0,1.0,1.0,1.0,0.0,0,0.0,2.0,2.0,0.0,1.0,1,0.0,0.0,0,1,1.0,1.0,0.0,0.0,0.0,1.0,0.0
2.0,0.0,0.0,0.0,0.0,1.0,0.0,1.0,1.0,1,1.0,,1,0.0,0.0,1.0,1,2.0,0.0,0.0,0.0,0.0,0.0,1.0,0.0,0.0,1,1.0,1,1,2.0,0,0,1.0,0.0,0.0,1.0,1.0,1.0,1.0,1,1.0,1.0,0.0,0.0,1,0.0,2,2.0,2.0,2.0,2.0,2.0,1.0,0.0,1.0,1.0,1.0,1.0,0.0,1,1.0,1.0,1.0,1.0,1,0.0,0.0,0.0,0.0,1.0,2.0,0,0.0,0.0,1.0,0.0,0,0.0,0.0,0.0,0.0,0.0,0,0.0,0.0,0.0,1.0,0.0,0,1.0,0.0,0,0,0.0,0.0,0.0,1.0,0.0,0.0,1.0
1.0,0.0,1.0,1.0,1.0,0.0,0.0,1.0,1.0,1,1.0,1.0,1,1.0,0.0,1.0,1,0.0,0.0,0.0,0.0,0.0,0.0,1.0,0.0,0.0,0,0.0,0,0,0.0,0,0,1.0,0.0,0.0,1.0,1.0,1.0,1.0,1,1.0,1.0,0.0,0.0,1,0.0,0,0.0,0.0,0.0,0.0,0.0,1.0,2.0,2.0,2.0,2.0,2.0,0.0,2,2.0,2.0,2.0,1.0,1,1.0,1.0,1.0,1.0,1.0,0.0,0,0.0,0.0,1.0,0.0,0,1.0,0.0,0.0,0.0,0.0,0,0.0,0.0,0.0,1.0,1.0,2,1.0,0.0,0,0,0.0,0.0,0.0,1.0,1.0,1.0,1.0
1.0,1.0,0.0,1.0,1.0,0.0,1.0,1.0,1.0,1,1.0,1.0,1,1.0,1.0,0.0,0,2.0,2.0,1.0,1.0,1.0,1.0,2.0,1.0,1.0,0,0.0,0,0,1.0,0,0,2.0,0.0,0.0,1.0,0.0,2.0,2.0,2,2.0,1.0,1.0,0.0,0,,0,0.0,0.0,0.0,0.0,0.0,0.0,1.0,1.0,0.0,1.0,0.0,1.0,1,1.0,1.0,1.0,0.0,0,2.0,0.0,0.0,0.0,1.0,0.0,0,0.0,0.0,0.0,1.0,1,0.0,1.0,0.0,0.0,0.0,0,0.0,1.0,1.0,2.0,1.0,0,1.0,0.0,0,0,0.0,0.0,0.0,0.0,0.0,0.0,0.0
0.0,0.0,0.0,2.0,0.0,1.0,1.0,1.0,1.0,1,1.0,1.0,1,0.0,0.0,1.0,1,2.0,0.0,1.0,1.0,1.0,1.0,2.0,1.0,0.0,0,0.0,0,0,1.0,0,0,1.0,0.0,0.0,2.0,2.0,1.0,1.0,1,1.0,1.0,0.0,0.0,0,0.0,0,0.0,0.0,0.0,0.0,0.0,1.0,1.0,2.0,2.0,2.0,2.0,0.0,1,1.0,1.0,1.0,2.0,2,0.0,1.0,1.0,1.0,0.0,1.0,0,0.0,0.0,1.0,1.0,1,0.0,2.0,0.0,0.0,0.0,0,0.0,0.0,0.0,2.0,0.0,1,0.0,0.0,0,2,2.0,2.0,1.0,0.0,0.0,0.0,0.0
1.0,1.0,1.0,0.0,0.0,1.0,1.0,1.0,1.0,1,1.0,1.0,1,0.0,0.0,0.0,0,1.0,0.0,0.0,0.0,0.0,0.0,1.0,0.0,1.0,0,0.0,0,0,0.0,0,0,0.0,1.0,1.0,0.0,1.0,1.0,1.0,1,1.0,1.0,1.0,1.0,0,,0,0.0,0.0,0.0,0.0,0.0,1.0,0.0,0.0,0.0,0.0,,0.0,1,1.0,1.0,1.0,0.0,0,1.0,1.0,1.0,1.0,0.0,0.0,0,0.0,2.0,1.0,1.0,1,0.0,1.0,0.0,0.0,0.0,0,0.0,1.0,1.0,0.0,0.0,0,0.0,0.0,0,1,1.0,1.0,0.0,1.0,1.0,1.0,0.0
0.0,1.0,1.0,2.0,0.0,,1.0,1.0,1.0,1,1.0,,1,0.0,0.0,0.0,0,1.0,0.0,0.0,0.0,0.0,0.0,2.0,0.0,0.0,0,0.0,0,0,0.0,0,0,2.0,0.0,0.0,0.0,1.0,1.0,1.0,1,1.0,1.0,1.0,1.0,1,1.0,0,0.0,0.0,0.0,0.0,0.0,0.0,0.0,2.0,2.0,2.0,2.0,0.0,1,1.0,1.0,1.0,1.0,1,1.0,2.0,2.0,2.0,1.0,0.0,0,0.0,0.0,1.0,0.0,0,0.0,0.0,1.0,1.0,0.0,0,0.0,1.0,1.0,1.0,0.0,0,0.0,0.0,0,0,0.0,0.0,0.0,1.0,0.0,0.0,0.0
2.0,0.0,1.0,0.0,0.0,0.0,0.0,0.0,0.0,0,0.0,0.0,0,0.0,1.0,0.0,0,1.0,1.0,2.0,2.0,2.0,2.0,1.0,1.0,1.0,0,0.0,0,0,0.0,0,1,1.0,0.0,0.0,1.0,2.0,2.0,2.0,2,1.0,1.0,0.0,0.0,0,1.0,0,0.0,0.0,0.0,0.0,0.0,1.0,0.0,1.0,1.0,1.0,1.0,0.0,2,2.0,2.0,2.0,2.0,2,0.0,1.0,1.0,1.0,1.0,0.0,0,0.0,0.0,0.0,1.0,1,0.0,0.0,0.0,0.0,0.0,0,0.0,0.0,0.0,2.0,0.0,0,0.0,0.0,0,1,1.0,1.0,0.0,1.0,1.0,1.0,1.0
0.0,0.0,0.0,0.0,1.0,0.0,0.0,1.0,1.0,1,1.0,1.0,1,0.0,0.0,0.0,0,0.0,1.0,1.0,1.0,1.0,1.0,1.0,0.0,1.0,0,1.0,1,0,1.0,1,0,0.0,0.0,0.0,1.0,2.0,1.0,1.0,1,1.0,1.0,1.0,2.0,2,0.0,0,0.0,0.0,0.0,0.0,0.0,1.0,0.0,0.0,0.0,0.0,0.0,0.0,1,1.0,1.0,1.0,2.0,1,0.0,1.0,1.0,1.0,0.0,1.0,1,1.0,1.0,1.0,0.0,0,0.0,0.0,0.0,0.0,0.0,0,0.0,1.0,1.0,1.0,0.0,0,1.0,0.0,0,0,0.0,0.0,0.0,0.0,0.0,0.0,1.0
0.0,0.0,1.0,0.0,0.0,1.0,1.0,0.0,0.0,0,0.0,0.0,0,0.0,0.0,0.0,0,0.0,0.0,0.0,0.0,0.0,0.0,0.0,1.0,0.0,0,0.0,0,0,0.0,0,0,1.0,0.0,0.0,0.0,1.0,1.0,1.0,1,1.0,1.0,0.0,0.0,1,0.0,0,0.0,0.0,0.0,0.0,0.0,1.0,1.0,0.0,0.0,0.0,0.0,0.0,1,1.0,1.0,1.0,1.0,1,0.0,1.0,1.0,1.0,0.0,0.0,0,0.0,0.0,1.0,2.0,2,0.0,0.0,0.0,0.0,0.0,0,0.0,2.0,2.0,1.0,1.0,0,0.0,0.0,0,1,1.0,1.0,1.0,0.0,1.0,1.0,0.0
1.0,0.0,0.0,2.0,0.0,0.0,1.0,0.0,0.0,0,0.0,0.0,0,1.0,0.0,1.0,1,1.0,0.0,0.0,0.0,0.0,0.0,0.0,1.0,1.0,0,0.0,0,0,1.0,1,0,0.0,0.0,0.0,1.0,0.0,2.0,2.0,2,2.0,2.0,1.0,0.0,1,1.0,0,0.0,0.0,0.0,0.0,0.0,0.0,0.0,1.0,0.0,1.0,0.0,0.0,1,1.0,1.0,1.0,1.0,1,1.0,1.0,1.0,1.0,1.0,0.0,0,0.0,0.0,2.0,0.0,0,0.0,2.0,0.0,0.0,0.0,0,0.0,1.0,1.0,0.0,1.0,1,1.0,0.0,0,0,0.0,0.0,1.0,0.0,1.0,1.0,0.0
0.0,0.0,0.0,0.0,2.0,0.0,0.0,0.0,0.0,0,0.0,0.0,0,0.0,1.0,0.0,0,1.0,0.0,0.0,0.0,0.0,0.0,0.0,1.0,1.0,1,1.0,1,1,0.0,0,0,1.0,1.0,1.0,1.0,1.0,1.0,1.0,1,1.0,1.0,1.0,0.0,0,1.0,0,0.0,0.0,0.0,0.0,0.0,1.0,0.0,0.0,0.0,0.0,0.0,1.0,2,2.0,2.0,2.0,1.0,1,0.0,1.0,1.0,1.0,0.0,0.0,0,0.0,0.0,1.0,0.0,0,0.0,0.0,0.0,0.0,0.0,0,0.0,2.0,2.0,0.0,0.0,0,1.0,0.0,0,1,1.0,1.0,2.0,1.0,1.0,2.0,1.0
1.0,0.0,1.0,1.0,1.0,1.0,1.0,0.0,0.0,0,0.0,0.0,0,1.0,0.0,0.0,0,1.0,1.0,0.0,0.0,0.0,0.0,2.0,0.0,0.0,0,0.0,0,0,1.0,0,0,1.0,0.0,0.0,1.0,2.0,1.0,1.0,1,1.0,1.0,0.0,0.0,0,1.0,0,0.0,0.0,0.0,0.0,0.0,1.0,0.0,1.0,0.0,1.0,0.0,0.0,1,1.0,1.0,1.0,0.0,0,1.0,1.0,1.0,1.0,1.0,0.0,0,0.0,0.0,1.0,1.0,1,1.0,1.0,1.0,1.0,0.0,0,0.0,2.0,1.0,1.0,1.0,1,2.0,0.0,0,1,1.0,1.0,0.0,0.0,0.0,0.0,0.0
1.0,0.0,0.0,1.0,0.0,0.0,0.0,0.0,0.0,0,0.0,0.0,0,0.0,0.0,0.0,0,1.0,1.0,1.0,1.0,1.0,1.0,1.0,1.0,0.0,0,1.0,1,0,1.0,2,0,1.0,1.0,1.0,0.0,2.0,0.0,0.0,0,0.0,0.0,0.0,0.0,0,2.0,1,1.0,1.0,1.0,1.0,1.0,1.0,0.0,0.0,0.0,0.0,0.0,0.0,1,1.0,1.0,1.0,1.0,1,0.0,0.0,0.0,0.0,2.0,0.0,1,1.0,1.0,1.0,0.0,0,0.0,0.0,1.0,1.0,0.0,0,0.0,2.0,2.0,1.0,0.0,0,0.0,0.0,0,1,1.0,1.0,1.0,1.0,2.0,2.0,0.0
2.0,0.0,1.0,0.0,1.0,1.0,0.0,0.0,0.0,0,0.0,0.0,0,2.0,0.0,1.0,1,0.0,1.0,1.0,1.0,1.0,1.0,0.0,0.0,1.0,1,1.0,1,1,1.0,1,0,1.0,0.0,0.0,2.0,2.0,1.0,1.0,1,1.0,1.0,2.0,0.0,0,2.0,0,0.0,0.0,0.0,0.0,0.0,1.0,1.0,0.0,0.0,0.0,0.0,0.0,1,1.0,1.0,1.0,2.0,2,0.0,1.0,1.0,1.0,1.0,0.0,0,0.0,0.0,1.0,0.0,0,0.0,1.0,0.0,0.0,0.0,0,0.0,0.0,0.0,0.0,1.0,0,0.0,0.0,0,1,1.0,1.0,1.0,0.0,1.0,1.0,1.0
0.0,0.0,0.0,0.0,0.0,0.0,1.0,1.0,1.0,1,1.0,1.0,1,0.0,0.0,1.0,1,1.0,0.0,0.0,0.0,0.0,0.0,1.0,1.0,1.0,0,1.0,1,0,0.0,0,0,0.0,0.0,0.0,0.0,0.0,2.0,2.0,2,2.0,2.0,0.0,1.0,1,1.0,0,0.0,0.0,0.0,0.0,0.0,1.0,0.0,2.0,2.0,2.0,2.0,1.0,0,0.0,0.0,0.0,1.0,1,1.0,1.0,1.0,1.0,1.0,1.0,0,0.0,1.0,0.0,1.0,1,0.0,1.0,0.0,0.0,0.0,0,0.0,1.0,1.0,0.0,1.0,0,0.0,0.0,0,0,0.0,0.0,1.0,0.0,2.0,2.0,0.0
1.0,0.0,0.0,0.0,1.0,0.0,0.0,0.0,0.0,0,0.0,0.0,0,0.0,1.0,1.0,1,2.0,0.0,0.0,0.0,0.0,0.0,0.0,0.0,2.0,0,0.0,0,0,1.0,1,0,1.0,0.0,0.0,1.0,0.0,0.0,0.0,0,0.0,0.0,1.0,0.0,2,0.0,0,0.0,0.0,0.0,0.0,0.0,1.0,1.0,1.0,1.0,1.0,1.0,1.0,2,2.0,2.0,2.0,0.0,0,2.0,1.0,1.0,1.0,1.0,1.0,0,0.0,0.0,1.0,0.0,0,0.0,0.0,0.0,0.0,0.0,0,0.0,0.0,0.0,0.0,2.0,0,1.0,0.0,0,1,1.0,1.0,0.0,0.0,0.0,0.0,1.0
1.0,0.0,0.0,0.0,1.0,0.0,0.0,1.0,1.0,1,1.0,1.0,1,0.0,0.0,1.0,1,1.0,0.0,0.0,0.0,0.0,0.0,1.0,0.0,0.0,0,0.0,0,0,0.0,0,0,2.0,0.0,0.0,0.0,1.0,1.0,1.0,1,1.0,1.0,0.0,1.0,0,2.0,0,0.0,0.0,0.0,0.0,0.0,1.0,1.0,0.0,0.0,0.0,0.0,0.0,0,0.0,0.0,0.0,1.0,1,1.0,1.0,1.0,1.0,1.0,1.0,0,0.0,0.0,2.0,1.0,1,0.0,1.0,0.0,0.0,0.0,0,0.0,2.0,2.0,,1.0,1,0.0,0.0,0,0,0.0,0.0,1.0,0.0,0.0,0.0,1.0
0.0,0.0,0.0,0.0,2.0,0.0,1.0,1.0,1.0,1,1.0,1.0,1,0.0,0.0,0.0,0,0.0,1.0,1.0,1.0,1.0,1.0,0.0,0.0,1.0,0,1.0,0,0,1.0,1,0,2.0,0.0,0.0,0.0,0.0,0.0,0.0,0,0.0,0.0,0.0,0.0,0,1.0,1,1.0,1.0,1.0,1.0,1.0,1.0,0.0,0.0,0.0,0.0,0.0,1.0,0,0.0,0.0,0.0,2.0,2,1.0,1.0,1.0,1.0,1.0,0.0,0,0.0,0.0,0.0,1.0,1,0.0,1.0,0.0,0.0,0.0,0,0.0,1.0,1.0,2.0,1.0,1,1.0,0.0,0,1,1.0,1.0,0.0,2.0,1.0,1.0,0.0
0.0,0.0,0.0,1.0,1.0,1.0,0.0,1.0,1.0,1,1.0,1.0,1,1.0,0.0,2.0,2,1.0,1.0,0.0,0.0,0.0,0.0,0.0,0.0,0.0,1,1.0,1,1,0.0,0,0,1.0,1.0,1.0,2.0,2.0,1.0,1.0,1,1.0,1.0,1.0,1.0,2,0.0,1,1.0,1.0,1.0,1.0,1.0,2.0,0.0,0.0,0.0,0.0,0.0,0.0,2,2.0,2.0,2.0,1.0,1,0.0,0.0,0.0,0.0,0.0,1.0,0,0.0,0.0,2.0,0.0,0,0.0,1.0,1.0,1.0,0.0,0,0.0,2.0,1.0,1.0,1.0,0,0.0,0.0,0,0,0.0,0.0,0.0,1.0,0.0,1.0,1.0
1.0,0.0,0.0,1.0,0.0,1.0,0.0,1.0,1.0,1,1.0,1.0,1,0.0,0.0,0.0,0,1.0,0.0,1.0,1.0,1.0,1.0,2.0,0.0,1.0,1,1.0,1,1,0.0,1,0,0.0,0.0,0.0,0.0,0.0,1.0,1.0,1,1.0,1.0,1.0,0.0,0,1.0,0,0.0,0.0,0.0,0.0,0.0,1.0,0.0,1.0,1.0,1.0,1.0,2.0,2,2.0,2.0,2.0,0.0,0,0.0,0.0,0.0,0.0,2.0,1.0,1,1.0,1.0,0.0,0.0,0,0.0,1.0,0.0,0.0,0.0,0,0.0,0.0,0.0,1.0,0.0,0,1.0,0.0,0,1,1.0,1.0,1.0,0.0,0.0,0.0,0.0
2.0,1.0,1.0,0.0,0.0,1.0,1.0,1.0,1.0,1,1.0,1.0,1,1.0,0.0,1.0,1,0.0,0.0,0.0,0.0,0.0,0.0,0.0,0.0,1.0,0,0.0,0,0,1.0,0,0,1.0,1.0,1.0,2.0,1.0,2.0,2.0,2,2.0,2.0,1.0,0.0,1,0.0,0,0.0,0.0,0.0,0.0,0.0,1.0,1.0,1.0,0.0,1.0,0.0,0.0,1,1.0,,1.0,1.0,1,1.0,1.0,1.0,1.0,1.0,0.0,0,0.0,1.0,0.0,0.0,0,0.0,1.0,1.0,1.0,0.0,0,0.0,0.0,0.0,1.0,0.0,0,1.0,0.0,0,0,0.0,0.0,1.0,2.0,0.0,0.0,1.0
0.0,1.0,0.0,0.0,0.0,1.0,1.0,1.0,1.0,1,1.0,1.0,1,0.0,0.0,1.0,1,1.0,0.0,0.0,0.0,0.0,0.0,1.0,1.0,1.0,2,2.0,2,2,0.0,1,0,1.0,0.0,0.0,2.0,0.0,0.0,0.0,0,0.0,0.0,1.0,0.0,0,2.0,0,0.0,0.0,0.0,0.0,0.0,0.0,0.0,0.0,0.0,0.0,0.0,1.0,1,1.0,1.0,1.0,1.0,1,0.0,0.0,0.0,0.0,2.0,0.0,0,0.0,1.0,0.0,1.0,1,1.0,2.0,0.0,0.0,1.0,1,1.0,0.0,0.0,1.0,0.0,0,0.0,0.0,0,0,0.0,0.0,0.0,0.0,1.0,1.0,0.0
1.0,2.0,0.0,1.0,1.0,0.0,0.0,0.0,0.0,0,0.0,0.0,0,0.0,0.0,1.0,1,1.0,0.0,0.0,0.0,0.0,0.0,0.0,1.0,1.0,0,0.0,0,0,0.0,1,0,2.0,0.0,0.0,0.0,0.0,1.0,1.0,1,1.0,1.0,1.0,0.0,0,1.0,0,0.0,0.0,0.0,0.0,0.0,1.0,1.0,1.0,1.0,1.0,1.0,0.0,0,0.0,0.0,0.0,0.0,0,0.0,1.0,1.0,1.0,1.0,0.0,1,1.0,1.0,2.0,0.0,0,0.0,0.0,0.0,0.0,0.0,0,0.0,1.0,1.0,1.0,0.0,0,2.0,2.0,2,2,2.0,2.0,1.0,0.0,0.0,0.0,0.0
1.0,1.0,1.0,2.0,2.0,0.0,1.0,0.0,0.0,0,0.0,0.0,0,0.0,0.0,0.0,0,2.0,1.0,0.0,0.0,0.0,0.0,1.0,0.0,0.0,0,0.0,0,0,0.0,0,0,0.0,0.0,0.0,0.0,1.0,2.0,2.0,2,2.0,2.0,1.0,0.0,0,1.0,1,1.0,1.0,1.0,1.0,1.0,0.0,0.0,0.0,0.0,0.0,0.0,0.0,1,1.0,1.0,1.0,1.0,1,0.0,1.0,1.0,1.0,1.0,1.0,0,0.0,0.0,0.0,0.0,0,0.0,0.0,0.0,0.0,0.0,0,0.0,1.0,0.0,1.0,0.0,0,1.0,0.0,0,1,1.0,1.0,0.0,0.0,2.0,2.0,1.0
1.0,0.0,1.0,0.0,0.0,1.0,0.0,2.0,,2,2.0,2.0,2,1.0,0.0,0.0,0,1.0,0.0,0.0,0.0,0.0,0.0,0.0,1.0,0.0,0,0.0,0,0,0.0,1,0,1.0,0.0,0.0,1.0,1.0,2.0,2.0,2,2.0,2.0,0.0,0.0,2,0.0,0,0.0,0.0,0.0,0.0,0.0,0.0,2.0,0.0,0.0,0.0,0.0,0.0,0,0.0,0.0,0.0,1.0,1,2.0,0.0,0.0,0.0,1.0,0.0,0,0.0,0.0,1.0,1.0,0,1.0,2.0,0.0,0.0,0.0,0,0.0,1.0,1.0,1.0,1.0,0,0.0,1.0,1,1,1.0,1.0,1.0,1.0,0.0,0.0,0.0
0.0,0.0,0.0,1.0,1.0,0.0,0.0,0.0,0.0,0,0.0,0.0,0,0.0,0.0,0.0,0,1.0,0.0,0.0,0.0,0.0,0.0,0.0,0.0,1.0,0,0.0,0,0,0.0,0,0,1.0,0.0,0.0,2.0,1.0,0.0,0.0,0,0.0,0.0,0.0,0.0,1,1.0,2,2.0,2.0,2.0,2.0,2.0,1.0,0.0,0.0,0.0,0.0,0.0,0.0,1,1.0,1.0,1.0,0.0,0,0.0,0.0,0.0,0.0,1.0,1.0,0,0.0,0.0,1.0,0.0,0,1.0,2.0,0.0,0.0,0.0,0,0.0,1.0,1.0,2.0,0.0,0,1.0,0.0,0,0,0.0,0.0,1.0,2.0,0.0,1.0,0.0
0.0,1.0,0.0,1.0,2.0,0.0,0.0,1.0,1.0,1,1.0,1.0,1,1.0,0.0,0.0,0,0.0,0.0,0.0,0.0,0.0,0.0,1.0,1.0,1.0,0,0.0,0,0,1.0,0,1,2.0,0.0,0.0,1.0,2.0,1.0,1.0,1,1.0,1.0,0.0,1.0,0,1.0,0,0.0,0.0,0.0,0.0,0.0,0.0,1.0,1.0,1.0,1.0,1.0,1.0,1,1.0,1.0,1.0,1.0,1,1.0,2.0,2.0,2.0,2.0,0.0,0,0.0,0.0,1.0,1.0,1,0.0,0.0,0.0,0.0,1.0,1,1.0,2.0,2.0,1.0,2.0,0,0.0,0.0,0,0,0.0,0.0,0.0,2.0,0.0,0.0,1.0
0.0,1.0,0.0,1.0,0.0,0.0,0.0,0.0,0.0,0,0.0,0.0,0,0.0,0.0,2.0,2,2.0,1.0,0.0,0.0,0.0,0.0,1.0,0.0,2.0,0,1.0,0,0,1.0,0,0,0.0,0.0,0.0,1.0,1.0,2.0,2.0,2,2.0,2.0,2.0,0.0,0,2.0,0,0.0,0.0,0.0,0.0,0.0,1.0,0.0,0.0,0.0,0.0,0.0,1.0,1,1.0,1.0,1.0,1.0,1,0.0,1.0,1.0,1.0,2.0,1.0,0,0.0,0.0,0.0,0.0,0,0.0,,0.0,0.0,0.0,0,0.0,0.0,0.0,1.0,1.0,0,0.0,0.0,0,0,0.0,0.0,0.0,1.0,0.0,1.0,0.0
1.0,0.0,0.0,1.0,1.0,1.0,0.0,0.0,0.0,0,0.0,0.0,0,1.0,0.0,0.0,0,0.0,0.0,1.0,1.0,1.0,1.0,1.0,2.0,1.0,1,1.0,1,1,1.0,0,0,1.0,1.0,1.0,1.0,2.0,0.0,0.0,0,0.0,0.0,2.0,0.0,0,2.0,0,0.0,0.0,0.0,0.0,0.0,0.0,0.0,2.0,1.0,2.0,1.0,1.0,1,1.0,1.0,1.0,1.0,0,0.0,2.0,2.0,2.0,2.0,0.0,1,1.0,1.0,0.0,0.0,0,0.0,0.0,0.0,0.0,0.0,0,0.0,2.0,2.0,0.0,1.0,1,1.0,1.0,0,0,0.0,0.0,1.0,2.0,0.0,0.0,0.0
1.0,1.0,1.0,1.0,0.0,1.0,1.0,2.0,2.0,2,2.0,2.0,2,0.0,0.0,1.0,1,1.0,1.0,0.0,0.0,0.0,0.0,1.0,0.0,1.0,0,0.0,0,0,1.0,0,0,1.0,0.0,0.0,1.0,2.0,1.0,1.0,1,1.0,1.0,0.0,0.0,0,,0,0.0,0.0,0.0,0.0,0.0,1.0,0.0,0.0,0.0,0.0,0.0,0.0,1,1.0,1.0,1.0,2.0,2,0.0,0.0,0.0,0.0,0.0,1.0,0,0.0,0.0,0.0,0.0,0,0.0,0.0,1.0,1.0,0.0,0,0.0,1.0,1.0,0.0,1.0,1,0.0,0.0,0,1,1.0,1.0,1.0,1.0,0.0,0.0,0.0
1.0,0.0,1.0,0.0,2.0,0.0,1.0,1.0,1.0,1,1.0,1.0,1,0.0,0.0,0.0,0,0.0,0.0,0.0,0.0,0.0,0.0,0.0,0.0,0.0,0,0.0,0,0,1.0,1,0,1.0,0.0,0.0,1.0,1.0,1.0,1.0,1,1.0,1.0,0.0,0.0,0,2.0,1,1.0,1.0,1.0,1.0,1.0,0.0,1.0,0.0,0.0,0.0,0.0,1.0,0,0.0,0.0,0.0,2.0,2,1.0,1.0,1.0,1.0,2.0,0.0,0,0.0,1.0,0.0,0.0,0,1.0,1.0,0.0,0.0,0.0,0,0.0,2.0,2.0,1.0,0.0,0,1.0,1.0,1,0,0.0,0.0,0.0,0.0,1.0,1.0,0.0
1.0,0.0,0.0,0.0,0.0,1.0,1.0,1.0,1.0,1,1.0,2.0,1,0.0,0.0,0.0,0,2.0,0.0,0.0,0.0,0.0,0.0,1.0,0.0,1.0,1,2.0,2,1,0.0,0,0,2.0,0.0,0.0,0.0,0.0,1.0,1.0,1,1.0,1.0,0.0,1.0,0,2.0,0,0.0,0.0,0.0,0.0,0.0,1.0,0.0,0.0,0.0,0.0,0.0,0.0,1,1.0,1.0,1.0,0.0,0,0.0,0.0,0.0,0.0,1.0,0.0,0,0.0,0.0,1.0,0.0,0,1.0,0.0,0.0,0.0,0.0,0,0.0,1.0,1.0,1.0,0.0,0,1.0,0.0,0,1,1.0,1.0,2.0,0.0,2.0,1.0,0.0
0.0,0.0,0.0,1.0,1.0,1.0,1.0,1.0,1.0,1,1.0,1.0,1,0.0,0.0,0.0,0,1.0,0.0,0.0,0.0,0.0,0.0,2.0,1.0,1.0,0,0.0,0,0,1.0,0,0,1.0,0.0,0.0,2.0,1.0,0.0,0.0,0,0.0,0.0,0.0,0.0,0,1.0,0,0.0,0.0,0.0,0.0,0.0,0.0,1.0,0.0,0.0,0.0,0.0,1.0,2,2.0,2.0,2.0,2.0,2,1.0,0.0,0.0,0.0,0.0,0.0,1,1.0,1.0,1.0,0.0,0,1.0,0.0,0.0,0.0,1.0,1,1.0,1.0,1.0,1.0,1.0,1,1.0,0.0,0,1,1.0,1.0,1.0,2.0,0.0,1.0,0.0
1.0,0.0,1.0,1.0,0.0,1.0,1.0,0.0,0.0,0,0.0,0.0,0,0.0,0.0,0.0,0,1.0,0.0,0.0,0.0,0.0,0.0,,0.0,0.0,2,2.0,2,2,0.0,0,0,2.0,0.0,0.0,1.0,1.0,1.0,1.0,1,1.0,1.0,1.0,0.0,1,1.0,0,0.0,0.0,0.0,0.0,0.0,0.0,0.0,0.0,0.0,0.0,0.0,2.0,0,0.0,0.0,0.0,1.0,1,0.0,0.0,0.0,,1.0,0.0,0,0.0,0.0,1.0,1.0,1,0.0,0.0,0.0,0.0,0.0,0,0.0,1.0,1.0,1.0,0.0,0,2.0,0.0,0,0,0.0,0.0,0.0,0.0,0.0,0.0,0.0
2.0,0.0,1.0,0.0,2.0,0.0,0.0,1.0,1.0,1,1.0,2.0,1,0.0,0.0,0.0,0,0.0,0.0,0.0,0.0,0.0,0.0,0.0,0.0,1.0,1,1.0,1,1,1.0,0,0,1.0,0.0,0.0,0.0,1.0,1.0,1.0,1,1.0,1.0,0.0,0.0,1,1.0,0,0.0,0.0,0.0,0.0,0.0,1.0,0.0,1.0,1.0,1.0,1.0,0.0,2,2.0,2.0,2.0,1.0,1,0.0,0.0,0.0,0.0,1.0,0.0,0,0.0,0.0,2.0,1.0,1,0.0,0.0,1.0,1.0,0.0,0,0.0,1.0,1.0,0.0,0.0,0,0.0,0.0,0,0,0.0,0.0,1.0,0.0,0.0,0.0,1.0
1.0,1.0,0.0,0.0,1.0,0.0,0.0,1.0,1.0,1,1.0,1.0,1,2.0,0.0,2.0,2,0.0,0.0,0.0,0.0,0.0,0.0,1.0,1.0,0.0,1,1.0,1,1,0.0,0,1,1.0,0.0,0.0,1.0,1.0,2.0,2.0,2,2.0,2.0,0.0,0.0,1,0.0,0,0.0,0.0,0.0,0.0,0.0,1.0,1.0,1.0,0.0,1.0,0.0,0.0,2,2.0,2.0,2.0,2.0,2,0.0,2.0,2.0,2.0,1.0,1.0,0,0.0,0.0,1.0,1.0,1,0.0,0.0,0.0,0.0,0.0,0,0.0,2.0,2.0,0.0,1.0,0,0.0,1.0,1,0,0.0,0.0,0.0,1.0,1.0,1.0,1.0
1.0,1.0,0.0,1.0,2.0,0.0,1.0,1.0,1.0,1,1.0,1.0,1,0.0,1.0,0.0,0,0.0,1.0,1.0,1.0,1.0,1.0,2.0,0.0,0.0,1,1.0,1,1,0.0,0,1,1.0,0.0,0.0,0.0,2.0,2.0,2.0,2,2.0,2.0,2.0,0.0,0,2.0,0,0.0,0.0,0.0,0.0,0.0,0.0,1.0,0.0,0.0,,0.0,0.0,0,0.0,1.0,0.0,2.0,2,1.0,1.0,1.0,1.0,0.0,1.0,1,1.0,0.0,0.0,0.0,0,0.0,0.0,0.0,0.0,0.0,0,0.0,0.0,0.0,1.0,1.0,1,0.0,0.0,0,0,0.0,0.0,0.0,1.0,,,1.0
1.0,0.0,0.0,2.0,0.0,2.0,0.0,1.0,1.0,1,1.0,1.0,1,0.0,0.0,1.0,1,1.0,1.0,1.0,1.0,1.0,1.0,1.0,1.0,1.0,1,1.0,1,1,1.0,0,0,1.0,0.0,0.0,1.0,0.0,1.0,1.0,1,1.0,1.0,1.0,0.0,0,1.0,0,0.0,0.0,0.0,0.0,0.0,1.0,1.0,0.0,0.0,0.0,0.0,1.0,0,0.0,0.0,0.0,1.0,1,0.0,2.0,2.0,2.0,0.0,1.0,1,1.0,1.0,1.0,0.0,0,0.0,2.0,0.0,0.0,0.0,0,0.0,1.0,1.0,2.0,0.0,0,1.0,0.0,0,0,0.0,0.0,1.0,0.0,0.0,0.0,0.0
0.0,0.0,0.0,0.0,0.0,,1.0,0.0,0.0,0,0.0,0.0,0,0.0,0.0,1.0,1,2.0,0.0,0.0,0.0,0.0,0.0,2.0,0.0,1.0,0,0.0,0,0,1.0,1,0,0.0,1.0,1.0,0.0,0.0,1.0,1.0,1,1.0,1.0,0.0,0.0,0,2.0,0,0.0,0.0,0.0,0.0,0.0,1.0,0.0,1.0,1.0,1.0,1.0,0.0,2,2.0,2.0,2.0,0.0,0,0.0,1.0,1.0,1.0,1.0,1.0,0,0.0,0.0,2.0,0.0,0,0.0,0.0,0.0,0.0,0.0,0,0.0,0.0,0.0,0.0,1.0,0,1.0,0.0,0,2,2.0,2.0,0.0,0.0,1.0,2.0,0.0
1.0,0.0,1.0,1.0,1.0,0.0,0.0,1.0,1.0,1,1.0,1.0,1,0.0,0.0,0.0,0,2.0,0.0,0.0,0.0,0.0,0.0,2.0,0.0,0.0,0,0.0,0,0,1.0,0,0,0.0,0.0,0.0,0.0,0.0,1.0,1.0,1,1.0,1.0,1.0,1.0,1,1.0,0,0.0,0.0,0.0,0.0,0.0,2.0,0.0,1.0,1.0,1.0,1.0,0.0,1,1.0,1.0,1.0,0.0,0,1.0,0.0,0.0,0.0,0.0,0.0,0,0.0,0.0,1.0,1.0,0,0.0,0.0,0.0,0.0,0.0,0,0.0,1.0,1.0,1.0,1.0,1,1.0,0.0,0,1,1.0,1.0,0.0,0.0,2.0,2.0,0.0
2.0,0.0,0.0,1.0,0.0,0.0,1.0,1.0,1.0,1,1.0,1.0,1,0.0,1.0,0.0,0,2.0,0.0,0.0,0.0,0.0,0.0,0.0,0.0,1.0,0,0.0,0,0,0.0,0,0,1.0,0.0,0.0,0.0,2.0,1.0,1.0,1,1.0,0.0,2.0,0.0,0,2.0,0,0.0,0.0,0.0,0.0,0.0,2.0,2.0,0.0,0.0,0.0,0.0,1.0,0,0.0,0.0,0.0,1.0,1,0.0,1.0,1.0,1.0,0.0,0.0,0,0.0,0.0,2.0,0.0,0,0.0,0.0,1.0,1.0,1.0,1,1.0,2.0,2.0,1.0,0.0,0,0.0,0.0,0,0,0.0,0.0,0.0,0.0,1.0,1.0,0.0
1.0,0.0,1.0,2.0,0.0,1.0,1.0,0.0,0.0,0,0.0,0.0,0,0.0,0.0,2.0,2,0.0,0.0,0.0,0.0,0.0,0.0,0.0,,1.0,1,1.0,1,1,0.0,1,0,2.0,1.0,1.0,1.0,1.0,1.0,1.0,1,1.0,1.0,0.0,0.0,1,1.0,0,0.0,0.0,0.0,0.0,0.0,0.0,0.0,1.0,1.0,1.0,1.0,1.0,1,1.0,1.0,1.0,0.0,0,0.0,1.0,1.0,1.0,0.0,0.0,0,0.0,0.0,0.0,0.0,0,0.0,1.0,0.0,0.0,0.0,0,0.0,1.0,1.0,2.0,1.0,0,0.0,0.0,0,0,0.0,0.0,0.0,1.0,1.0,1.0,1.0
0.0,1.0,0.0,0.0,1.0,1.0,0.0,0.0,0.0,0,0.0,0.0,0,1.0,0.0,1.0,1,0.0,0.0,0.0,0.0,0.0,0.0,2.0,0.0,2.0,0,0.0,0,0,2.0,0,0,2.0,0.0,0.0,0.0,1.0,2.0,2.0,2,2.0,2.0,0.0,0.0,2,0.0,1,1.0,1.0,1.0,1.0,1.0,0.0,1.0,1.0,1.0,1.0,1.0,1.0,2,2.0,2.0,2.0,1.0,1,0.0,0.0,0.0,0.0,2.0,0.0,0,0.0,0.0,0.0,0.0,0,0.0,0.0,0.0,0.0,2.0,2,2.0,1.0,1.0,1.0,1.0,0,0.0,0.0,0,1,1.0,1.0,0.0,1.0,1.0,1.0,1.0
2.0,0.0,0.0,1.0,0.0,1.0,1.0,0.0,0.0,0,0.0,0.0,0,0.0,0.0,0.0,0,0.0,0.0,0.0,0.0,0.0,0.0,1.0,1.0,2.0,0,0.0,0,0,0.0,0,0,1.0,0.0,0.0,1.0,0.0,1.0,1.0,1,1.0,1.0,0.0,0.0,1,1.0,0,0.0,0.0,0.0,0.0,0.0,1.0,1.0,0.0,0.0,0.0,0.0,0.0,2,2.0,2.0,2.0,0.0,0,0.0,0.0,0.0,0.0,2.0,0.0,0,0.0,0.0,0.0,1.0,1,0.0,1.0,0.0,0.0,0.0,0,0.0,1.0,1.0,1.0,0.0,1,0.0,1.0,1,0,0.0,0.0,1.0,0.0,0.0,1.0,0.0
0.0,0.0,0.0,0.0,0.0,0.0,0.0,1.0,1.0,1,1.0,1.0,1,0.0,0.0,0.0,0,2.0,1.0,1.0,1.0,1.0,1.0,1.0,1.0,1.0,1,1.0,1,1,0.0,2,0,0.0,1.0,1.0,0.0,1.0,1.0,1.0,1,1.0,1.0,0.0,0.0,0,2.0,0,0.0,0.0,0.0,0.0,0.0,0.0,0.0,1.0,1.0,1.0,1.0,0.0,2,2.0,2.0,2.0,0.0,0,0.0,2.0,2.0,2.0,0.0,1.0,0,0.0,1.0,0.0,0.0,0,0.0,0.0,0.0,0.0,0.0,0,0.0,0.0,0.0,0.0,0.0,0,0.0,0.0,0,0,0.0,0.0,0.0,2.0,0.0,0.0,1.0
1.0,2.0,0.0,2.0,0.0,2.0,1.0,0.0,0.0,0,0.0,0.0,0,0.0,0.0,1.0,1,2.0,0.0,0.0,0.0,0.0,0.0,1.0,0.0,2.0,0,0.0,0,0,1.0,2,1,1.0,0.0,0.0,2.0,0.0,1.0,1.0,1,1.0,1.0,0.0,2.0,0,1.0,0,0.0,0.0,0.0,0.0,0.0,0.0,1.0,1.0,1.0,1.0,1.0,0.0,0,0.0,0.0,0.0,0.0,0,2.0,1.0,1.0,1.0,1.0,0.0,0,0.0,0.0,1.0,0.0,0,0.0,1.0,0.0,0.0,1.0,1,1.0,0.0,0.0,1.0,1.0,1,0.0,0.0,0,2,2.0,2.0,1.0,0.0,2.0,2.0,1.0
2.0,0.0,0.0,0.0,1.0,0.0,1.0,2.0,2.0,2,2.0,2.0,2,2.0,1.0,1.0,1,1.0,2.0,2.0,2.0,2.0,2.0,1.0,0.0,2.0,0,0.0,0,0,0.0,0,0,2.0,0.0,0.0,0.0,1.0,0.0,0.0,0,0.0,0.0,0.0,1.0,0,1.0,0,0.0,0.0,0.0,0.0,0.0,0.0,0.0,0.0,0.0,0.0,0.0,1.0,1,1.0,1.0,1.0,1.0,1,0.0,0.0,0.0,0.0,0.0,0.0,0,0.0,1.0,1.0,0.0,0,0.0,0.0,0.0,0.0,1.0,1,1.0,1.0,1.0,1.0,2.0,0,0.0,0.0,0,1,1.0,1.0,0.0,2.0,2.0,2.0,1.0
2.0,0.0,0.0,1.0,0.0,1.0,1.0,1.0,1.0,1,1.0,1.0,1,0.0,0.0,0.0,0,2.0,0.0,0.0,0.0,0.0,0.0,0.0,2.0,0.0,0,0.0,0,0,0.0,1,0,0.0,0.0,0.0,2.0,1.0,1.0,1.0,1,2.0,2.0,0.0,1.0,0,2.0,0,0.0,0.0,0.0,0.0,0.0,2.0,0.0,0.0,0.0,0.0,0.0,0.0,1,1.0,1.0,1.0,0.0,0,0.0,0.0,0.0,0.0,1.0,1.0,1,1.0,1.0,1.0,0.0,0,0.0,1.0,0.0,0.0,0.0,0,0.0,1.0,1.0,0.0,2.0,0,1.0,0.0,0,2,2.0,2.0,1.0,1.0,0.0,0.0,0.0
1.0,0.0,0.0,0.0,0.0,1.0,1.0,0.0,0.0,0,0.0,0.0,0,,0.0,1.0,1,1.0,0.0,0.0,0.0,0.0,0.0,1.0,0.0,0.0,2,2.0,2,2,1.0,0,0,1.0,0.0,0.0,1.0,2.0,2.0,2.0,2,2.0,2.0,1.0,0.0,0,1.0,0,0.0,0.0,0.0,0.0,0.0,1.0,1.0,1.0,1.0,1.0,1.0,0.0,1,1.0,1.0,1.0,1.0,1,0.0,1.0,1.0,1.0,1.0,0.0,1,1.0,1.0,1.0,0.0,0,1.0,0.0,0.0,0.0,0.0,0,0.0,1.0,1.0,0.0,1.0,0,0.0,0.0,0,0,0.0,0.0,0.0,0.0,0.0,0.0,1.0
0.0,0.0,0.0,2.0,0.0,1.0,0.0,0.0,0.0,0,0.0,0.0,0,0.0,0.0,0.0,0,1.0,0.0,0.0,0.0,0.0,0.0,2.0,0.0,1.0,0,0.0,0,0,0.0,0,0,2.0,0.0,0.0,1.0,0.0,2.0,2.0,2,,1.0,0.0,0.0,0,1.0,0,0.0,0.0,0.0,0.0,0.0,1.0,0.0,1.0,1.0,,1.0,1.0,1,1.0,1.0,1.0,1.0,1,0.0,0.0,0.0,0.0,0.0,1.0,0,0.0,0.0,0.0,0.0,0,0.0,0.0,1.0,1.0,0.0,0,0.0,1.0,1.0,,0.0,1,2.0,0.0,0,0,0.0,0.0,1.0,0.0,0.0,0.0,0.0
1.0,1.0,0.0,1.0,0.0,2.0,0.0,1.0,1.0,1,1.0,1.0,1,0.0,0.0,1.0,1,1.0,0.0,0.0,0.0,0.0,0.0,2.0,0.0,1.0,0,0.0,0,0,0.0,0,0,0.0,0.0,0.0,1.0,0.0,0.0,0.0,0,0.0,0.0,0.0,1.0,1,0.0,0,0.0,0.0,0.0,0.0,0.0,1.0,1.0,0.0,0.0,0.0,0.0,0.0,1,1.0,1.0,1.0,0.0,0,0.0,0.0,0.0,0.0,1.0,1.0,0,0.0,0.0,0.0,0.0,0,0.0,2.0,0.0,0.0,0.0,0,0.0,1.0,1.0,1.0,1.0,0,1.0,0.0,0,0,0.0,0.0,1.0,0.0,0.0,,0.0
1.0,2.0,1.0,0.0,0.0,0.0,0.0,2.0,2.0,2,2.0,2.0,2,0.0,1.0,0.0,0,0.0,0.0,0.0,0.0,0.0,0.0,2.0,1.0,0.0,0,0.0,0,0,0.0,0,0,2.0,0.0,0.0,2.0,1.0,2.0,2.0,2,2.0,2.0,2.0,0.0,0,1.0,0,0.0,0.0,0.0,0.0,0.0,1.0,1.0,1.0,0.0,1.0,0.0,0.0,1,1.0,1.0,1.0,1.0,1,0.0,0.0,0.0,0.0,0.0,0.0,1,1.0,1.0,1.0,0.0,0,0.0,1.0,0.0,0.0,1.0,1,1.0,2.0,2.0,2.0,1.0,0,0.0,0.0,0,0,0.0,0.0,0.0,0.0,0.0,0.0,0.0
1.0,0.0,0.0,1.0,0.0,0.0,1.0,1.0,1.0,1,1.0,1.0,1,0.0,0.0,0.0,0,0.0,0.0,0.0,0.0,0.0,0.0,0.0,0.0,0.0,0,1.0,1,0,0.0,1,1,1.0,0.0,0.0,1.0,2.0,0.0,0.0,0,0.0,0.0,1.0,0.0,1,0.0,0,0.0,0.0,0.0,0.0,0.0,1.0,1.0,0.0,0.0,0.0,0.0,1.0,0,0.0,0.0,0.0,2.0,2,0.0,0.0,0.0,0.0,0.0,1.0,0,0.0,0.0,0.0,0.0,0,1.0,1.0,1.0,1.0,0.0,0,0.0,1.0,1.0,0.0,0.0,0,0.0,0.0,0,0,0.0,0.0,1.0,1.0,0.0,0.0,0.0
1.0,1.0,1.0,2.0,1.0,1.0,0.0,1.0,1.0,1,1.0,1.0,1,0.0,0.0,0.0,0,2.0,0.0,0.0,0.0,0.0,0.0,0.0,1.0,1.0,0,0.0,0,0,0.0,0,0,0.0,0.0,0.0,0.0,1.0,1.0,1.0,1,1.0,1.0,1.0,0.0,2,0.0,0,0.0,0.0,0.0,0.0,0.0,1.0,1.0,0.0,0.0,0.0,0.0,1.0,1,1.0,1.0,1.0,0.0,0,0.0,0.0,0.0,0.0,1.0,1.0,2,2.0,2.0,1.0,0.0,0,0.0,1.0,0.0,0.0,0.0,0,0.0,1.0,1.0,0.0,1.0,1,2.0,0.0,0,1,1.0,1.0,1.0,1.0,1.0,1.0,0.0
1.0,1.0,0.0,0.0,1.0,1.0,0.0,1.0,1.0,1,1.0,1.0,1,0.0,0.0,0.0,0,1.0,0.0,0.0,0.0,0.0,0.0,1.0,0.0,1.0,0,0.0,0,0,1.0,0,0,2.0,0.0,0.0,2.0,1.0,0.0,0.0,0,0.0,0.0,1.0,0.0,0,2.0,0,0.0,0.0,0.0,0.0,0.0,0.0,0.0,1.0,1.0,1.0,1.0,1.0,1,1.0,1.0,1.0,2.0,2,0.0,2.0,2.0,2.0,1.0,0.0,0,0.0,0.0,1.0,0.0,0,0.0,0.0,0.0,0.0,0.0,0,0.0,0.0,0.0,1.0,1.0,0,0.0,0.0,0,0,0.0,0.0,0.0,1.0,0.0,0.0,1.0
2.0,1.0,0.0,0.0,2.0,0.0,0.0,1.0,1.0,1,1.0,1.0,1,0.0,0.0,1.0,1,1.0,0.0,0.0,0.0,0.0,0.0,1.0,0.0,0.0,0,0.0,0,0,0.0,0,0,2.0,0.0,0.0,1.0,2.0,1.0,1.0,1,1.0,1.0,0.0,0.0,0,2.0,0,0.0,0.0,0.0,0.0,0.0,1.0,1.0,0.0,0.0,0.0,0.0,1.0,0,0.0,0.0,0.0,1.0,1,1.0,2.0,2.0,2.0,2.0,1.0,0,0.0,0.0,1.0,0.0,0,1.0,1.0,0.0,0.0,1.0,1,1.0,0.0,0.0,1.0,1.0,0,1.0,0.0,0,0,0.0,0.0,0.0,0.0,1.0,1.0,1.0
0.0,1.0,0.0,1.0,0.0,0.0,0.0,2.0,2.0,2,2.0,2.0,2,0.0,0.0,0.0,0,1.0,1.0,0.0,0.0,0.0,0.0,2.0,1.0,1.0,0,0.0,0,0,0.0,1,1,1.0,0.0,0.0,1.0,1.0,1.0,1.0,1,1.0,1.0,1.0,0.0,1,1.0,0,0.0,0.0,0.0,0.0,0.0,0.0,0.0,1.0,1.0,1.0,1.0,1.0,0,0.0,0.0,0.0,2.0,2,0.0,1.0,1.0,1.0,1.0,0.0,2,2.0,2.0,2.0,0.0,0,1.0,1.0,1.0,1.0,0.0,0,0.0,0.0,0.0,1.0,0.0,0,0.0,0.0,0,1,1.0,1.0,0.0,1.0,0.0,0.0,0.0
2.0,0.0,0.0,0.0,1.0,0.0,0.0,0.0,0.0,0,0.0,0.0,0,0.0,0.0,1.0,1,1.0,1.0,0.0,0.0,0.0,0.0,1.0,1.0,1.0,0,0.0,0,0,0.0,0,0,0.0,0.0,0.0,1.0,2.0,0.0,0.0,0,0.0,0.0,1.0,0.0,0,2.0,0,0.0,0.0,0.0,0.0,0.0,2.0,1.0,0.0,0.0,0.0,0.0,0.0,1,1.0,1.0,1.0,1.0,1,0.0,0.0,0.0,0.0,1.0,1.0,0,0.0,0.0,1.0,0.0,0,0.0,1.0,1.0,1.0,0.0,0,0.0,1.0,1.0,1.0,0.0,0,0.0,0.0,0,2,2.0,2.0,1.0,0.0,1.0,1.0,0.0
1.0,0.0,0.0,0.0,0.0,,2.0,0.0,0.0,0,0.0,0.0,0,0.0,1.0,0.0,0,1.0,0.0,1.0,1.0,1.0,1.0,2.0,2.0,1.0,0,0.0,0,0,0.0,0,0,1.0,0.0,0.0,0.0,1.0,1.0,1.0,1,1.0,1.0,1.0,1.0,1,1.0,1,1.0,1.0,1.0,1.0,1.0,1.0,1.0,0.0,0.0,0.0,0.0,1.0,0,0.0,0.0,0.0,1.0,1,1.0,0.0,0.0,0.0,0.0,1.0,1,1.0,1.0,1.0,0.0,0,0.0,1.0,0.0,0.0,0.0,0,0.0,1.0,1.0,0.0,0.0,0,1.0,0.0,0,0,0.0,0.0,1.0,1.0,0.0,0.0,0.0
1.0,1.0,,0.0,1.0,0.0,0.0,1.0,1.0,1,1.0,2.0,1,0.0,0.0,2.0,2,2.0,0.0,,0.0,0.0,0.0,2.0,0.0,1.0,0,0.0,0,0,0.0,0,0,1.0,0.0,0.0,2.0,1.0,2.0,2.0,2,2.0,2.0,0.0,0.0,2,0.0,0,0.0,0.0,0.0,0.0,0.0,,0.0,,,0.0,0.0,0.0,1,1.0,1.0,1.0,1.0,1,1.0,0.0,0.0,0.0,1.0,0.0,2,2.0,2.0,1.0,1.0,1,0.0,0.0,1.0,1.0,0.0,0,0.0,1.0,1.0,0.0,0.0,0,0.0,0.0,0,2,2.0,2.0,0.0,0.0,1.0,1.0,0.0
1.0,0.0,0.0,1.0,1.0,1.0,1.0,1.0,1.0,1,1.0,1.0,1,0.0,0.0,0.0,0,0.0,0.0,0.0,0.0,0.0,0.0,2.0,1.0,0.0,1,1.0,1,1,1.0,0,0,1.0,0.0,0.0,1.0,2.0,1.0,1.0,1,1.0,1.0,1.0,1.0,0,2.0,1,1.0,1.0,1.0,1.0,1.0,1.0,0.0,1.0,1.0,1.0,1.0,0.0,2,2.0,2.0,2.0,1.0,1,0.0,1.0,1.0,1.0,2.0,1.0,0,0.0,0.0,0.0,0.0,0,0.0,1.0,0.0,0.0,0.0,0,0.0,0.0,1.0,1.0,0.0,0,1.0,1.0,1,1,1.0,1.0,1.0,2.0,0.0,0.0,0.0
0.0,0.0,0.0,0.0,0.0,1.0,1.0,0.0,0.0,0,0.0,0.0,0,0.0,0.0,1.0,1,0.0,1.0,0.0,0.0,0.0,0.0,1.0,1.0,1.0,0,1.0,1,0,1.0,0,0,0.0,0.0,0.0,0.0,1.0,1.0,1.0,1,1.0,1.0,1.0,,0,1.0,0,0.0,0.0,0.0,0.0,0.0,1.0,2.0,1.0,1.0,1.0,1.0,0.0,1,1.0,1.0,1.0,2.0,2,1.0,1.0,1.0,1.0,2.0,0.0,1,1.0,1.0,1.0,0.0,0,0.0,0.0,0.0,0.0,0.0,0,0.0,1.0,0.0,,2.0,1,1.0,0.0,0,0,0.0,0.0,1.0,0.0,0.0,0.0,1.0
0.0,0.0,0.0,0.0,0.0,0.0,1.0,1.0,1.0,1,1.0,1.0,1,1.0,0.0,1.0,1,1.0,1.0,1.0,1.0,1.0,1.0,1.0,0.0,0.0,0,0.0,0,0,0.0,0,1,0.0,1.0,1.0,0.0,1.0,1.0,1.0,1,1.0,1.0,0.0,1.0,0,1.0,0,0.0,0.0,0.0,0.0,0.0,1.0,1.0,1.0,1.0,1.0,1.0,0.0,1,1.0,1.0,1.0,0.0,0,1.0,0.0,0.0,0.0,1.0,0.0,0,0.0,0.0,0.0,1.0,1,0.0,0.0,0.0,0.0,1.0,1,1.0,2.0,2.0,1.0,2.0,1,1.0,0.0,0,0,0.0,0.0,0.0,0.0,1.0,1.0,1.0
0.0,0.0,0.0,1.0,0.0,1.0,0.0,2.0,2.0,2,2.0,2.0,2,0.0,0.0,1.0,1,1.0,0.0,0.0,0.0,0.0,0.0,2.0,0.0,0.0,0,0.0,0,0,0.0,0,0,2.0,0.0,0.0,1.0,1.0,1.0,1.0,1,1.0,1.0,1.0,0.0,0,1.0,0,0.0,0.0,0.0,0.0,0.0,,0.0,1.0,1.0,1.0,1.0,2.0,2,2.0,2.0,2.0,0.0,0,0.0,1.0,1.0,1.0,0.0,0.0,0,0.0,0.0,1.0,0.0,0,0.0,1.0,0.0,0.0,0.0,0,0.0,2.0,2.0,0.0,0.0,0,0.0,0.0,0,0,0.0,0.0,0.0,0.0,1.0,1.0,0.0
0.0,1.0,1.0,0.0,2.0,,0.0,0.0,,0,0.0,0.0,0,0.0,0.0,1.0,1,1.0,0.0,0.0,0.0,0.0,0.0,0.0,1.0,2.0,1,1.0,1,1,0.0,0,0,1.0,0.0,0.0,0.0,2.0,0.0,0.0,0,0.0,0.0,0.0,1.0,1,1.0,0,0.0,0.0,0.0,0.0,0.0,0.0,0.0,0.0,0.0,0.0,0.0,0.0,1,1.0,1.0,1.0,1.0,1,0.0,1.0,1.0,1.0,1.0,0.0,0,0.0,0.0,1.0,0.0,0,0.0,0.0,0.0,0.0,0.0,0,0.0,1.0,1.0,1.0,0.0,0,2.0,0.0,0,1,1.0,1.0,1.0,0.0,0.0,,0.0
2.0,0.0,0.0,1.0,0.0,0.0,0.0,1.0,1.0,1,1.0,1.0,1,0.0,0.0,0.0,0,1.0,0.0,0.0,0.0,0.0,0.0,1.0,0.0,0.0,1,1.0,1,1,1.0,0,0,0.0,0.0,0.0,1.0,1.0,2.0,1.0,1,1.0,1.0,0.0,0.0,1,1.0,0,0.0,0.0,0.0,0.0,0.0,0.0,1.0,2.0,2.0,,2.0,1.0,1,1.0,1.0,1.0,1.0,1,0.0,1.0,1.0,1.0,1.0,0.0,0,0.0,0.0,0.0,0.0,0,1.0,1.0,0.0,0.0,0.0,0,0.0,2.0,2.0,0.0,1.0,0,0.0,0.0,0,2,2.0,2.0,1.0,0.0,1.0,1.0,1.0
1.0,0.0,0.0,1.0,1.0,,1.0,0.0,0.0,0,0.0,0.0,0,0.0,0.0,0.0,0,0.0,0.0,0.0,0.0,0.0,0.0,2.0,0.0,0.0,1,1.0,1,1,0.0,0,0,1.0,0.0,0.0,1.0,2.0,1.0,1.0,1,1.0,1.0,0.0,1.0,2,0.0,0,0.0,0.0,0.0,0.0,0.0,1.0,1.0,2.0,1.0,2.0,1.0,0.0,1,1.0,1.0,1.0,2.0,2,0.0,1.0,1.0,1.0,,1.0,0,0.0,0.0,2.0,1.0,1,0.0,1.0,0.0,0.0,0.0,0,0.0,1.0,1.0,0.0,1.0,1,2.0,0.0,0,1,1.0,1.0,0.0,1.0,1.0,,1.0
1.0,1.0,0.0,0.0,0.0,2.0,0.0,0.0,0.0,0,0.0,0.0,0,0.0,0.0,1.0,1,1.0,1.0,1.0,1.0,1.0,1.0,2.0,,1.0,1,1.0,1,1,1.0,0,0,2.0,0.0,0.0,2.0,0.0,1.0,1.0,1,1.0,1.0,1.0,1.0,0,2.0,0,0.0,0.0,0.0,0.0,0.0,1.0,0.0,0.0,0.0,0.0,0.0,0.0,0,0.0,0.0,0.0,1.0,1,1.0,0.0,0.0,0.0,0.0,1.0,0,0.0,0.0,0.0,1.0,1,1.0,0.0,0.0,0.0,0.0,0,0.0,2.0,2.0,2.0,1.0,0,0.0,0.0,0,1,1.0,1.0,0.0,0.0,1.0,1.0,0.0
0.0,0.0,0.0,1.0,1.0,0.0,0.0,2.0,2.0,2,2.0,2.0,2,0.0,1.0,1.0,0,1.0,0.0,1.0,1.0,1.0,1.0,0.0,1.0,1.0,0,0.0,0,0,0.0,0,0,1.0,0.0,0.0,0.0,2.0,2.0,2.0,2,2.0,2.0,1.0,1.0,0,2.0,0,0.0,0.0,0.0,0.0,0.0,0.0,2.0,0.0,0.0,0.0,0.0,0.0,0,0.0,0.0,0.0,2.0,2,1.0,0.0,0.0,0.0,1.0,2.0,0,0.0,1.0,0.0,0.0,0,0.0,1.0,0.0,0.0,0.0,0,0.0,1.0,0.0,1.0,0.0,0,1.0,0.0,0,0,0.0,0.0,0.0,1.0,2.0,2.0,1.0
1.0,1.0,0.0,0.0,1.0,1.0,0.0,0.0,0.0,0,0.0,0.0,0,0.0,0.0,1.0,1,2.0,0.0,0.0,0.0,0.0,0.0,1.0,0.0,0.0,0,0.0,0,0,0.0,0,0,0.0,0.0,0.0,1.0,1.0,2.0,2.0,2,,2.0,0.0,1.0,1,0.0,0,0.0,0.0,0.0,0.0,0.0,0.0,1.0,1.0,1.0,1.0,1.0,1.0,1,1.0,1.0,1.0,1.0,1,0.0,1.0,1.0,1.0,1.0,0.0,1,1.0,1.0,1.0,0.0,0,0.0,0.0,0.0,0.0,1.0,1,1.0,2.0,2.0,2.0,0.0,1,0.0,,1,1,1.0,1.0,0.0,1.0,0.0,0.0,1.0
2.0,1.0,0.0,0.0,0.0,,0.0,0.0,0.0,0,0.0,0.0,0,0.0,0.0,0.0,0,1.0,0.0,0.0,0.0,0.0,0.0,1.0,0.0,1.0,0,0.0,0,0,0.0,0,0,1.0,0.0,0.0,1.0,2.0,2.0,2.0,2,2.0,2.0,1.0,0.0,1,1.0,0,0.0,0.0,0.0,0.0,0.0,0.0,1.0,1.0,1.0,1.0,1.0,0.0,1,1.0,1.0,1.0,0.0,0,1.0,0.0,0.0,0.0,1.0,0.0,0,0.0,0.0,0.0,0.0,0,0.0,0.0,0.0,0.0,0.0,0,0.0,1.0,1.0,1.0,1.0,0,2.0,0.0,0,0,0.0,0.0,1.0,0.0,,2.0,1.0
0.0,0.0,1.0,1.0,0.0,0.0,1.0,1.0,1.0,1,1.0,1.0,1,0.0,0.0,0.0,0,1.0,2.0,2.0,2.0,2.0,2.0,1.0,1.0,1.0,1,2.0,2,1,0.0,1,0,0.0,0.0,0.0,1.0,1.0,2.0,2.0,2,2.0,2.0,0.0,0.0,0,2.0,0,0.0,0.0,0.0,0.0,0.0,2.0,1.0,1.0,1.0,1.0,1.0,0.0,0,0.0,0.0,0.0,0.0,0,0.0,0.0,0.0,0.0,1.0,0.0,0,0.0,0.0,1.0,1.0,1,0.0,0.0,0.0,0.0,0.0,0,0.0,1.0,1.0,2.0,1.0,0,1.0,0.0,0,0,0.0,0.0,0.0,2.0,0.0,0.0,1.0
1.0,0.0,1.0,0.0,0.0,0.0,1.0,0.0,0.0,0,0.0,0.0,0,0.0,0.0,0.0,0,1.0,0.0,0.0,0.0,0.0,0.0,2.0,1.0,0.0,0,0.0,0,0,1.0,1,0,1.0,0.0,0.0,2.0,0.0,1.0,1.0,1,1.0,1.0,0.0,0.0,1,0.0,0,0.0,0.0,0.0,0.0,0.0,2.0,1.0,1.0,1.0,1.0,1.0,0.0,0,0.0,,0.0,0.0,0,1.0,0.0,0.0,0.0,1.0,0.0,0,0.0,0.0,1.0,0.0,0,0.0,,1.0,1.0,1.0,1,1.0,1.0,1.0,0.0,0.0,0,1.0,0.0,0,2,2.0,2.0,1.0,1.0,0.0,,0.0
1.0,0.0,0.0,1.0,0.0,1.0,1.0,2.0,2.0,2,2.0,2.0,2,,0.0,1.0,1,1.0,0.0,0.0,0.0,0.0,0.0,2.0,1.0,0.0,0,1.0,1,0,0.0,0,0,1.0,0.0,0.0,1.0,1.0,1.0,1.0,1,1.0,1.0,0.0,0.0,0,2.0,0,0.0,0.0,0.0,0.0,0.0,0.0,2.0,0.0,0.0,0.0,0.0,0.0,0,0.0,0.0,0.0,1.0,1,0.0,1.0,1.0,1.0,1.0,0.0,1,1.0,1.0,1.0,1.0,1,0.0,1.0,0.0,0.0,1.0,1,1.0,1.0,1.0,0.0,0.0,0,1.0,0.0,0,0,0.0,0.0,0.0,0.0,0.0,0.0,1.0
2.0,2.0,1.0,0.0,2.0,0.0,1.0,1.0,1.0,1,1.0,1.0,1,0.0,0.0,1.0,1,1.0,0.0,1.0,1.0,1.0,1.0,0.0,0.0,0.0,1,1.0,1,1,2.0,1,0,1.0,0.0,0.0,1.0,1.0,2.0,2.0,2,2.0,2.0,0.0,0.0,0,1.0,0,0.0,0.0,0.0,0.0,0.0,0.0,1.0,0.0,0.0,0.0,0.0,0.0,1,1.0,1.0,1.0,0.0,0,1.0,1.0,1.0,1.0,1.0,0.0,0,0.0,1.0,0.0,0.0,0,0.0,0.0,0.0,0.0,0.0,0,0.0,0.0,0.0,0.0,1.0,0,1.0,0.0,0,1,1.0,1.0,0.0,0.0,1.0,1.0,1.0
0.0,0.0,1.0,0.0,0.0,1.0,0.0,1.0,1.0,1,1.0,1.0,1,0.0,0.0,1.0,1,1.0,0.0,0.0,0.0,0.0,0.0,1.0,0.0,1.0,0,0.0,0,0,0.0,2,0,1.0,0.0,0.0,2.0,0.0,1.0,1.0,1,1.0,1.0,1.0,0.0,0,1.0,0,0.0,0.0,0.0,0.0,0.0,0.0,1.0,1.0,1.0,1.0,1.0,2.0,0,0.0,0.0,0.0,1.0,1,1.0,0.0,0.0,0.0,1.0,0.0,0,0.0,0.0,0.0,0.0,0,0.0,0.0,0.0,0.0,0.0,0,0.0,0.0,0.0,1.0,0.0,0,1.0,1.0,1,0,0.0,0.0,1.0,0.0,0.0,0.0,0.0
1.0,0.0,0.0,1.0,1.0,0.0,1.0,0.0,0.0,0,0.0,0.0,0,0.0,0.0,0.0,0,1.0,0.0,0.0,0.0,0.0,0.0,2.0,0.0,1.0,0,1.0,1,0,0.0,0,0,1.0,0.0,0.0,0.0,1.0,2.0,2.0,2,2.0,2.0,0.0,0.0,0,2.0,0,0.0,0.0,0.0,0.0,0.0,0.0,0.0,0.0,0.0,0.0,0.0,2.0,1,1.0,1.0,1.0,1.0,1,1.0,1.0,1.0,1.0,1.0,0.0,1,1.0,1.0,0.0,2.0,2,1.0,0.0,1.0,1.0,1.0,1,1.0,2.0,2.0,1.0,1.0,0,1.0,0.0,0,0,0.0,0.0,1.0,1.0,0.0,0.0,0.0
2.0,0.0,0.0,2.0,0.0,0.0,1.0,1.0,1.0,1,1.0,1.0,1,0.0,0.0,0.0,0,1.0,1.0,0.0,0.0,0.0,0.0,0.0,0.0,1.0,0,0.0,0,0,1.0,0,0,2.0,0.0,0.0,1.0,1.0,0.0,0.0,0,0.0,0.0,1.0,1.0,0,1.0,0,0.0,0.0,0.0,0.0,0.0,1.0,1.0,1.0,1.0,1.0,1.0,1.0,2,2.0,2.0,2.0,1.0,1,0.0,0.0,0.0,0.0,0.0,1.0,0,0.0,0.0,1.0,0.0,0,2.0,0.0,0.0,0.0,0.0,0,0.0,1.0,1.0,1.0,1.0,1,0.0,0.0,0,1,1.0,1.0,0.0,0.0,0.0,0.0,0.0
2.0,2.0,0.0,0.0,1.0,0.0,0.0,1.0,1.0,1,1.0,1.0,1,0.0,0.0,2.0,2,2.0,2.0,1.0,1.0,1.0,1.0,0.0,1.0,1.0,0,0.0,0,0,1.0,1,0,1.0,0.0,0.0,0.0,1.0,2.0,2.0,2,2.0,2.0,1.0,0.0,0,1.0,0,0.0,0.0,0.0,0.0,0.0,0.0,1.0,1.0,1.0,1.0,1.0,1.0,2,2.0,2.0,2.0,2.0,2,1.0,2.0,2.0,2.0,1.0,0.0,0,0.0,0.0,2.0,0.0,0,0.0,1.0,0.0,0.0,1.0,1,1.0,1.0,1.0,2.0,1.0,0,0.0,0.0,0,2,2.0,2.0,1.0,,0.0,,1.0
0.0,0.0,0.0,1.0,0.0,1.0,1.0,1.0,1.0,1,1.0,1.0,1,0.0,0.0,1.0,1,1.0,1.0,1.0,1.0,1.0,1.0,2.0,0.0,0.0,1,1.0,1,1,1.0,0,0,1.0,0.0,0.0,1.0,0.0,0.0,0.0,0,0.0,0.0,1.0,0.0,1,1.0,0,0.0,0.0,0.0,0.0,0.0,0.0,1.0,1.0,0.0,1.0,0.0,0.0,1,1.0,1.0,1.0,1.0,1,0.0,0.0,0.0,0.0,0.0,0.0,0,0.0,0.0,0.0,0.0,0,0.0,1.0,0.0,0.0,0.0,0,0.0,2.0,2.0,1.0,0.0,0,2.0,0.0,0,1,1.0,1.0,0.0,0.0,1.0,1.0,0.0
1.0,1.0,0.0,1.0,0.0,2.0,1.0,1.0,1.0,1,1.0,1.0,1,0.0,0.0,0.0,0,0.0,0.0,0.0,0.0,0.0,0.0,0.0,1.0,1.0,0,0.0,0,0,0.0,0,0,2.0,0.0,0.0,0.0,0.0,0.0,0.0,0,0.0,0.0,1.0,0.0,0,2.0,0,0.0,0.0,0.0,0.0,0.0,1.0,0.0,0.0,0.0,0.0,0.0,0.0,2,2.0,2.0,2.0,1.0,1,1.0,0.0,0.0,0.0,2.0,1.0,0,0.0,0.0,0.0,0.0,0,0.0,1.0,0.0,0.0,0.0,0,0.0,0.0,0.0,2.0,1.0,1,1.0,0.0,0,1,1.0,1.0,2.0,0.0,0.0,0.0,0.0
2.0,0.0,0.0,0.0,1.0,1.0,0.0,1.0,1.0,1,1.0,1.0,1,0.0,0.0,1.0,1,1.0,0.0,0.0,0.0,0.0,0.0,1.0,0.0,1.0,0,0.0,0,0,0.0,0,0,1.0,0.0,0.0,1.0,1.0,1.0,1.0,1,1.0,1.0,0.0,1.0,1,1.0,1,1.0,1.0,1.0,1.0,1.0,1.0,0.0,0.0,0.0,0.0,0.0,0.0,1,1.0,1.0,1.0,2.0,2,0.0,1.0,1.0,1.0,2.0,0.0,0,0.0,0.0,0.0,0.0,0,0.0,1.0,0.0,0.0,0.0,0,0.0,0.0,0.0,1.0,0.0,1,0.0,0.0,0,1,1.0,1.0,0.0,1.0,2.0,2.0,1.0
1.0,0.0,1.0,2.0,0.0,1.0,1.0,2.0,2.0,2,2.0,2.0,2,0.0,0.0,0.0,0,2.0,2.0,1.0,1.0,1.0,1.0,0.0,0.0,1.0,1,1.0,1,1,1.0,0,1,0.0,0.0,0.0,1.0,2.0,2.0,2.0,2,2.0,2.0,0.0,0.0,1,0.0,0,0.0,0.0,0.0,0.0,0.0,0.0,0.0,0.0,0.0,0.0,0.0,0.0,1,1.0,1.0,1.0,1.0,1,1.0,0.0,0.0,0.0,1.0,0.0,0,0.0,0.0,2.0,0.0,0,0.0,2.0,1.0,1.0,0.0,0,0.0,0.0,0.0,0.0,1.0,0,0.0,0.0,0,1,1.0,1.0,1.0,1.0,2.0,2.0,1.0
1.0,1.0,0.0,1.0,1.0,0.0,1.0,1.0,1.0,1,1.0,1.0,1,0.0,0.0,0.0,0,1.0,1.0,1.0,1.0,1.0,1.0,2.0,0.0,0.0,0,0.0,0,0,1.0,0,0,1.0,0.0,0.0,0.0,0.0,2.0,2.0,2,2.0,2.0,0.0,1.0,1,1.0,1,1.0,1.0,1.0,1.0,1.0,0.0,0.0,2.0,2.0,2.0,2.0,0.0,2,2.0,2.0,2.0,0.0,0,0.0,1.0,1.0,1.0,0.0,0.0,1,1.0,1.0,1.0,0.0,0,0.0,1.0,0.0,0.0,1.0,1,1.0,2.0,2.0,0.0,0.0,0,1.0,1.0,1,1,1.0,1.0,0.0,1.0,1.0,1.0,0.0
1.0,0.0,1.0,0.0,0.0,0.0,1.0,0.0,0.0,0,0.0,0.0,0,,0.0,1.0,1,0.0,1.0,1.0,1.0,1.0,1.0,2.0,0.0,0.0,0,2.0,0,0,0.0,1,0,1.0,1.0,1.0,0.0,0.0,1.0,1.0,1,1.0,1.0,2.0,0.0,1,1.0,0,0.0,0.0,0.0,0.0,0.0,0.0,1.0,0.0,0.0,0.0,0.0,0.0,2,2.0,2.0,2.0,0.0,0,1.0,2.0,2.0,2.0,0.0,1.0,0,0.0,0.0,0.0,1.0,1,1.0,0.0,0.0,0.0,0.0,0,0.0,0.0,0.0,0.0,1.0,0,1.0,0.0,0,1,1.0,1.0,1.0,1.0,0.0,0.0,1.0
1.0,0.0,1.0,1.0,1.0,1.0,1.0,1.0,1.0,1,1.0,1.0,1,0.0,0.0,1.0,1,0.0,1.0,1.0,1.0,1.0,1.0,0.0,1.0,1.0,0,0.0,0,0,1.0,0,0,1.0,1.0,1.0,1.0,1.0,1.0,1.0,1,1.0,1.0,0.0,0.0,1,1.0,0,0.0,0.0,0.0,0.0,0.0,1.0,1.0,0.0,0.0,0.0,0.0,1.0,2,2.0,2.0,2.0,1.0,1,1.0,0.0,0.0,0.0,1.0,0.0,0,0.0,0.0,1.0,0.0,0,0.0,1.0,0.0,0.0,0.0,0,0.0,2.0,2.0,0.0,1.0,0,0.0,0.0,0,0,0.0,0.0,0.0,1.0,0.0,0.0,1.0
1.0,0.0,2.0,0.0,1.0,0.0,0.0,0.0,0.0,0,0.0,0.0,0,0.0,0.0,1.0,1,0.0,1.0,2.0,2.0,2.0,2.0,1.0,0.0,1.0,0,0.0,0,0,0.0,0,0,1.0,0.0,0.0,1.0,0.0,1.0,1.0,1,1.0,1.0,1.0,0.0,1,1.0,1,1.0,1.0,1.0,1.0,1.0,1.0,1.0,0.0,0.0,0.0,0.0,2.0,0,0.0,0.0,0.0,1.0,1,2.0,0.0,0.0,0.0,1.0,1.0,0,0.0,0.0,1.0,2.0,2,0.0,1.0,0.0,0.0,0.0,0,0.0,1.0,1.0,0.0,1.0,0,0.0,0.0,0,0,0.0,0.0,1.0,0.0,1.0,1.0,0.0
1.0,0.0,0.0,2.0,0.0,2.0,0.0,1.0,1.0,1,1.0,1.0,1,0.0,0.0,0.0,0,1.0,0.0,0.0,0.0,0.0,0.0,0.0,1.0,1.0,0,1.0,0,0,1.0,1,0,1.0,0.0,0.0,0.0,0.0,1.0,1.0,1,1.0,1.0,0.0,0.0,2,0.0,0,0.0,0.0,1.0,1.0,1.0,0.0,0.0,1.0,1.0,0.0,0.0,1.0,1,1.0,1.0,1.0,0.0,0,0.0,1.0,1.0,1.0,1.0,0.0,1,1.0,2.0,1.0,0.0,0,0.0,2.0,1.0,1.0,0.0,0,0.0,1.0,1.0,1.0,0.0,0,0.0,0.0,0,1,1.0,1.0,0.0,0.0,1.0,1.0,0.0
1.0,0.0,0.0,0.0,1.0,1.0,0.0,1.0,1.0,1,1.0,,1,0.0,1.0,1.0,1,0.0,0.0,0.0,0.0,0.0,0.0,0.0,1.0,0.0,1,2.0,2,1,0.0,2,1,2.0,0.0,0.0,0.0,1.0,2.0,2.0,2,2.0,2.0,0.0,0.0,1,1.0,1,0.0,0.0,0.0,0.0,0.0,0.0,1.0,1.0,1.0,1.0,1.0,0.0,1,1.0,1.0,1.0,1.0,1,0.0,0.0,0.0,0.0,2.0,0.0,0,0.0,0.0,1.0,0.0,0,0.0,0.0,1.0,1.0,0.0,0,0.0,1.0,2.0,0.0,0.0,0,0.0,0.0,0,0,0.0,0.0,0.0,0.0,1.0,1.0,1.0
0.0,0.0,0.0,1.0,1.0,0.0,1.0,1.0,1.0,1,1.0,1.0,1,0.0,0.0,0.0,0,1.0,0.0,0.0,0.0,0.0,0.0,0.0,1.0,0.0,0,0.0,0,0,0.0,0,0,2.0,0.0,0.0,1.0,1.0,1.0,1.0,1,1.0,1.0,1.0,1.0,1,1.0,0,0.0,0.0,0.0,0.0,0.0,1.0,1.0,1.0,0.0,,0.0,0.0,0,0.0,0.0,0.0,1.0,0,0.0,1.0,1.0,1.0,0.0,0.0,0,0.0,0.0,1.0,0.0,0,0.0,1.0,0.0,0.0,0.0,0,0.0,1.0,1.0,1.0,0.0,0,1.0,0.0,0,1,1.0,1.0,0.0,1.0,1.0,1.0,0.0
0.0,0.0,0.0,1.0,0.0,0.0,1.0,0.0,0.0,0,0.0,0.0,0,0.0,0.0,0.0,0,1.0,0.0,0.0,0.0,0.0,0.0,1.0,0.0,1.0,0,0.0,0,0,2.0,0,0,0.0,0.0,0.0,0.0,0.0,1.0,1.0,1,1.0,1.0,0.0,,1,1.0,0,0.0,0.0,0.0,0.0,0.0,0.0,1.0,1.0,0.0,1.0,0.0,2.0,0,0.0,0.0,0.0,1.0,1,1.0,0.0,0.0,0.0,0.0,0.0,0,0.0,0.0,1.0,0.0,0,2.0,0.0,0.0,0.0,0.0,1,1.0,1.0,1.0,1.0,,0,0.0,0.0,0,1,1.0,2.0,0.0,1.0,0.0,0.0,0.0
0.0,1.0,0.0,1.0,0.0,2.0,0.0,1.0,1.0,1,1.0,,1,0.0,0.0,1.0,1,0.0,0.0,0.0,0.0,0.0,0.0,1.0,0.0,2.0,0,0.0,0,0,0.0,0,0,0.0,0.0,0.0,2.0,1.0,1.0,1.0,1,1.0,1.0,1.0,0.0,1,1.0,0,0.0,0.0,0.0,0.0,0.0,1.0,1.0,0.0,0.0,0.0,0.0,1.0,2,2.0,2.0,2.0,0.0,0,0.0,0.0,0.0,0.0,0.0,1.0,0,0.0,0.0,0.0,0.0,0,0.0,1.0,0.0,0.0,0.0,0,0.0,2.0,2.0,2.0,0.0,1,0.0,0.0,0,0,0.0,0.0,0.0,0.0,0.0,0.0,0.0
2.0,1.0,1.0,1.0,0.0,0.0,1.0,0.0,0.0,0,0.0,0.0,0,0.0,0.0,1.0,1,1.0,1.0,1.0,1.0,1.0,1.0,1.0,0.0,1.0,1,1.0,1,1,0.0,1,0,1.0,0.0,0.0,1.0,1.0,2.0,2.0,2,2.0,2.0,1.0,1.0,0,2.0,0,0.0,0.0,0.0,0.0,0.0,0.0,1.0,0.0,0.0,0.0,0.0,0.0,1,1.0,1.0,1.0,0.0,0,0.0,2.0,2.0,2.0,1.0,1.0,0,0.0,0.0,1.0,0.0,0,0.0,0.0,0.0,0.0,0.0,0,0.0,0.0,0.0,0.0,0.0,0,1.0,0.0,0,0,1.0,1.0,0.0,2.0,1.0,1.0,1.0
1.0,0.0,1.0,1.0,0.0,2.0,0.0,1.0,1.0,1,1.0,1.0,1,0.0,0.0,2.0,2,1.0,0.0,0.0,0.0,0.0,0.0,1.0,1.0,1.0,0,0.0,0,0,0.0,0,0,1.0,0.0,0.0,1.0,2.0,0.0,0.0,0,0.0,0.0,1.0,0.0,0,1.0,0,0.0,0.0,0.0,0.0,0.0,1.0,1.0,1.0,1.0,1.0,1.0,0.0,0,0.0,0.0,0.0,1.0,1,0.0,0.0,0.0,0.0,0.0,0.0,0,0.0,1.0,2.0,0.0,0,0.0,1.0,0.0,0.0,0.0,0,0.0,2.0,2.0,0.0,2.0,2,0.0,0.0,0,0,0.0,0.0,0.0,0.0,1.0,1.0,0.0
1.0,0.0,0.0,0.0,0.0,1.0,1.0,1.0,1.0,1,1.0,1.0,1,2.0,0.0,1.0,1,0.0,0.0,0.0,0.0,0.0,0.0,1.0,0.0,1.0,0,1.0,1,0,0.0,1,0,2.0,0.0,0.0,1.0,2.0,0.0,0.0,0,0.0,0.0,0.0,1.0,0,1.0,0,0.0,0.0,0.0,0.0,0.0,0.0,0.0,0.0,0.0,0.0,0.0,1.0,2,2.0,2.0,2.0,2.0,2,0.0,1.0,1.0,1.0,2.0,1.0,1,1.0,1.0,2.0,0.0,0,0.0,0.0,0.0,0.0,0.0,0,0.0,2.0,,1.0,0.0,1,1.0,0.0,0,0,0.0,0.0,0.0,0.0,0.0,,0.0
1.0,1.0,0.0,1.0,0.0,0.0,1.0,1.0,1.0,1,1.0,1.0,1,1.0,0.0,0.0,0,0.0,0.0,0.0,0.0,0.0,0.0,1.0,1.0,2.0,1,2.0,1,1,0.0,0,0,2.0,0.0,0.0,1.0,0.0,2.0,2.0,2,2.0,2.0,0.0,0.0,0,1.0,0,0.0,0.0,0.0,0.0,0.0,0.0,2.0,0.0,0.0,0.0,0.0,1.0,1,1.0,1.0,,1.0,1,0.0,1.0,1.0,1.0,2.0,0.0,0,0.0,0.0,1.0,0.0,0,0.0,1.0,0.0,0.0,0.0,0,0.0,0.0,0.0,1.0,2.0,0,1.0,0.0,0,0,0.0,0.0,1.0,0.0,0.0,0.0,1.0
1.0,0.0,0.0,0.0,0.0,2.0,0.0,0.0,0.0,0,0.0,0.0,0,2.0,1.0,0.0,0,1.0,1.0,0.0,0.0,0.0,0.0,0.0,0.0,0.0,0,0.0,0,0,0.0,0,0,1.0,1.0,1.0,1.0,0.0,1.0,1.0,1,1.0,1.0,0.0,1.0,0,2.0,0,0.0,0.0,0.0,0.0,0.0,0.0,1.0,1.0,1.0,1.0,1.0,1.0,0,0.0,,0.0,0.0,0,2.0,1.0,1.0,1.0,1.0,0.0,0,0.0,1.0,1.0,0.0,0,0.0,0.0,0.0,0.0,0.0,0,0.0,1.0,1.0,1.0,0.0,0,0.0,0.0,0,0,0.0,0.0,0.0,1.0,2.0,2.0,1.0
1.0,0.0,0.0,1.0,1.0,1.0,1.0,2.0,2.0,2,2.0,2.0,2,0.0,0.0,0.0,0,2.0,0.0,0.0,0.0,0.0,0.0,0.0,1.0,0.0,0,0.0,0,0,0.0,0,0,0.0,1.0,1.0,2.0,1.0,2.0,2.0,2,2.0,2.0,1.0,0.0,0,1.0,0,0.0,0.0,0.0,0.0,0.0,2.0,0.0,1.0,1.0,1.0,1.0,1.0,1,1.0,1.0,1.0,2.0,2,1.0,0.0,0.0,0.0,2.0,0.0,0,0.0,1.0,2.0,0.0,0,1.0,1.0,0.0,0.0,0.0,0,0.0,1.0,0.0,1.0,1.0,0,0.0,0.0,0,0,0.0,0.0,0.0,0.0,1.0,1.0,1.0
1.0,0.0,0.0,0.0,2.0,0.0,1.0,1.0,1.0,1,1.0,1.0,1,0.0,0.0,0.0,0,1.0,1.0,0.0,0.0,0.0,0.0,2.0,0.0,0.0,0,0.0,0,0,1.0,0,0,1.0,1.0,1.0,2.0,0.0,1.0,1.0,1,1.0,1.0,1.0,1.0,0,1.0,1,1.0,1.0,1.0,1.0,1.0,1.0,1.0,0.0,0.0,0.0,0.0,0.0,0,0.0,0.0,0.0,1.0,1,0.0,1.0,1.0,2.0,0.0,1.0,0,0.0,0.0,0.0,0.0,0,0.0,1.0,0.0,0.0,1.0,0,0.0,1.0,1.0,0.0,0.0,0,0.0,1.0,1,0,0.0,0.0,1.0,0.0,0.0,0.0,0.0
1.0,1.0,0.0,2.0,2.0,0.0,0.0,0.0,0.0,0,0.0,0.0,0,0.0,0.0,1.0,1,0.0,0.0,0.0,0.0,0.0,0.0,0.0,1.0,0.0,0,0.0,0,0,0.0,2,0,2.0,0.0,0.0,0.0,1.0,1.0,1.0,1,1.0,1.0,0.0,0.0,1,,0,0.0,0.0,0.0,0.0,0.0,1.0,0.0,2.0,1.0,2.0,1.0,0.0,1,1.0,1.0,1.0,1.0,1,0.0,1.0,1.0,1.0,0.0,0.0,0,0.0,0.0,0.0,0.0,0,0.0,1.0,0.0,0.0,0.0,0,0.0,1.0,1.0,2.0,1.0,0,0.0,0.0,0,1,1.0,1.0,1.0,2.0,1.0,1.0,1.0
1.0,0.0,0.0,0.0,0.0,0.0,0.0,0.0,0.0,0,0.0,0.0,0,0.0,1.0,1.0,1,0.0,1.0,1.0,1.0,1.0,1.0,1.0,1.0,2.0,0,0.0,0,0,0.0,1,0,1.0,0.0,0.0,2.0,0.0,2.0,2.0,2,2.0,1.0,0.0,0.0,0,2.0,0,0.0,0.0,0.0,0.0,0.0,2.0,1.0,0.0,0.0,0.0,0.0,0.0,1,1.0,1.0,1.0,1.0,0,0.0,1.0,1.0,1.0,0.0,0.0,1,1.0,1.0,1.0,0.0,0,0.0,0.0,1.0,1.0,0.0,0,0.0,1.0,1.0,1.0,0.0,0,2.0,0.0,0,1,1.0,1.0,1.0,1.0,0.0,0.0,0.0
0.0,0.0,0.0,2.0,1.0,0.0,0.0,1.0,1.0,1,1.0,1.0,1,0.0,0.0,1.0,1,2.0,2.0,1.0,1.0,1.0,1.0,1.0,1.0,1.0,0,0.0,0,0,0.0,0,0,1.0,1.0,1.0,2.0,0.0,0.0,0.0,0,0.0,0.0,1.0,0.0,0,,0,0.0,0.0,0.0,0.0,0.0,1.0,1.0,0.0,0.0,0.0,0.0,0.0,1,1.0,1.0,1.0,2.0,2,0.0,1.0,1.0,1.0,1.0,0.0,0,0.0,0.0,2.0,1.0,1,1.0,0.0,0.0,0.0,1.0,1,1.0,1.0,1.0,1.0,0.0,0,0.0,0.0,0,1,1.0,1.0,0.0,1.0,0.0,1.0,1.0
0.0,1.0,0.0,1.0,1.0,0.0,0.0,1.0,1.0,1,1.0,1.0,1,0.0,0.0,1.0,1,2.0,1.0,1.0,1.0,1.0,1.0,0.0,2.0,0.0,0,1.0,0,0,0.0,0,0,1.0,0.0,0.0,2.0,0.0,2.0,2.0,2,2.0,2.0,0.0,0.0,1,1.0,0,0.0,0.0,0.0,0.0,0.0,1.0,1.0,2.0,1.0,2.0,1.0,1.0,1,1.0,1.0,1.0,2.0,2,1.0,1.0,1.0,1.0,0.0,1.0,0,0.0,0.0,0.0,,0,0.0,0.0,0.0,0.0,0.0,0,0.0,2.0,2.0,,1.0,0,1.0,0.0,0,0,0.0,0.0,0.0,0.0,2.0,,1.0
2.0,0.0,0.0,0.0,1.0,1.0,0.0,1.0,1.0,1,1.0,1.0,1,1.0,0.0,0.0,0,0.0,2.0,2.0,2.0,2.0,2.0,1.0,1.0,0.0,0,0.0,0,0,1.0,1,0,1.0,0.0,0.0,2.0,2.0,2.0,2.0,2,2.0,2.0,0.0,1.0,1,1.0,0,0.0,0.0,0.0,0.0,0.0,1.0,0.0,0.0,0.0,0.0,0.0,1.0,1,1.0,1.0,1.0,2.0,2,0.0,1.0,1.0,1.0,1.0,1.0,0,0.0,0.0,2.0,0.0,0,0.0,0.0,0.0,0.0,0.0,0,0.0,0.0,0.0,0.0,1.0,0,0.0,0.0,0,1,1.0,1.0,0.0,1.0,0.0,1.0,1.0
0.0,1.0,1.0,1.0,1.0,1.0,1.0,0.0,0.0,0,0.0,0.0,0,0.0,0.0,1.0,1,1.0,1.0,1.0,1.0,1.0,1.0,1.0,0.0,1.0,0,0.0,0,0,0.0,0,0,2.0,0.0,0.0,0.0,1.0,2.0,1.0,1,1.0,1.0,1.0,0.0,0,2.0,1,1.0,1.0,1.0,1.0,1.0,1.0,1.0,0.0,0.0,0.0,0.0,0.0,1,1.0,1.0,1.0,0.0,0,2.0,1.0,1.0,1.0,0.0,1.0,1,1.0,1.0,2.0,0.0,0,0.0,0.0,0.0,0.0,1.0,1,1.0,0.0,0.0,1.0,1.0,0,0.0,0.0,0,0,0.0,0.0,0.0,1.0,0.0,0.0,1.0
1.0,1.0,1.0,1.0,0.0,1.0,1.0,2.0,2.0,2,2.0,2.0,2,0.0,0.0,0.0,0,0.0,0.0,0.0,0.0,0.0,0.0,0.0,1.0,1.0,1,1.0,1,1,0.0,2,0,2.0,0.0,0.0,1.0,2.0,1.0,1.0,1,1.0,1.0,1.0,0.0,1,1.0,0,0.0,0.0,0.0,0.0,0.0,1.0,1.0,0.0,0.0,0.0,0.0,1.0,1,1.0,1.0,1.0,1.0,1,1.0,0.0,0.0,0.0,0.0,0.0,0,0.0,0.0,1.0,1.0,1,0.0,1.0,0.0,0.0,0.0,0,0.0,2.0,2.0,1.0,1.0,0,0.0,0.0,0,0,0.0,0.0,0.0,0.0,1.0,1.0,1.0
1.0,0.0,0.0,1.0,0.0,0.0,0.0,0.0,0.0,0,0.0,0.0,0,0.0,1.0,0.0,0,1.0,0.0,0.0,0.0,0.0,0.0,1.0,0.0,0.0,1,1.0,1,1,0.0,1,0,2.0,0.0,0.0,0.0,1.0,0.0,0.0,0,0.0,0.0,0.0,0.0,0,2.0,1,1.0,1.0,1.0,1.0,1.0,2.0,1.0,1.0,0.0,1.0,0.0,1.0,1,1.0,1.0,1.0,2.0,2,0.0,0.0,0.0,0.0,0.0,0.0,0,0.0,0.0,2.0,1.0,0,1.0,0.0,0.0,0.0,0.0,0,0.0,1.0,1.0,0.0,1.0,0,0.0,0.0,0,1,1.0,1.0,0.0,0.0,0.0,0.0,1.0
2.0,0.0,1.0,0.0,1.0,0.0,1.0,0.0,0.0,0,0.0,0.0,0,0.0,0.0,0.0,0,1.0,0.0,0.0,0.0,0.0,0.0,1.0,0.0,1.0,1,1.0,1,1,0.0,0,0,2.0,0.0,0.0,1.0,0.0,1.0,1.0,1,1.0,1.0,1.0,1.0,1,,1,1.0,1.0,1.0,1.0,1.0,1.0,0.0,0.0,0.0,0.0,0.0,1.0,2,2.0,2.0,2.0,0.0,0,1.0,2.0,2.0,2.0,2.0,0.0,0,0.0,0.0,1.0,0.0,0,0.0,1.0,1.0,1.0,0.0,0,0.0,0.0,0.0,,1.0,1,1.0,0.0,0,1,1.0,1.0,0.0,0.0,0.0,0.0,0.0
0.0,0.0,1.0,0.0,0.0,1.0,1.0,1.0,1.0,1,1.0,1.0,1,0.0,0.0,1.0,1,2.0,0.0,0.0,0.0,0.0,0.0,2.0,0.0,0.0,0,0.0,0,0,0.0,0,0,1.0,0.0,0.0,0.0,2.0,2.0,2.0,2,2.0,2.0,0.0,0.0,1,0.0,0,0.0,0.0,0.0,0.0,0.0,1.0,0.0,0.0,0.0,0.0,0.0,1.0,0,0.0,0.0,0.0,0.0,0,0.0,0.0,0.0,,0.0,0.0,0,0.0,1.0,2.0,0.0,0,0.0,0.0,0.0,0.0,0.0,0,0.0,0.0,0.0,1.0,0.0,0,2.0,0.0,0,0,0.0,0.0,1.0,0.0,0.0,0.0,0.0
2.0,0.0,1.0,1.0,1.0,1.0,0.0,0.0,0.0,0,0.0,0.0,0,,0.0,1.0,1,1.0,1.0,1.0,1.0,1.0,1.0,2.0,0.0,0.0,0,0.0,0,0,0.0,1,0,1.0,0.0,0.0,1.0,1.0,1.0,1.0,1,1.0,1.0,1.0,1.0,2,0.0,0,0.0,0.0,0.0,0.0,0.0,0.0,0.0,0.0,0.0,0.0,0.0,1.0,1,1.0,1.0,1.0,2.0,2,0.0,1.0,1.0,1.0,2.0,0.0,0,0.0,0.0,1.0,0.0,0,0.0,1.0,0.0,0.0,1.0,1,1.0,1.0,1.0,0.0,0.0,0,0.0,0.0,0,0,0.0,0.0,0.0,1.0,1.0,1.0,1.0
1.0,0.0,0.0,1.0,0.0,1.0,1.0,0.0,0.0,0,0.0,0.0,0,0.0,0.0,0.0,0,1.0,2.0,1.0,1.0,1.0,1.0,1.0,1.0,0.0,1,1.0,1,1,0.0,0,1,2.0,0.0,0.0,0.0,1.0,1.0,1.0,1,1.0,1.0,0.0,0.0,0,1.0,0,0.0,0.0,0.0,0.0,0.0,0.0,1.0,1.0,1.0,1.0,1.0,0.0,0,0.0,0.0,0.0,2.0,2,0.0,2.0,2.0,2.0,1.0,1.0,0,0.0,0.0,1.0,1.0,1,0.0,1.0,0.0,0.0,0.0,0,0.0,1.0,1.0,1.0,0.0,0,1.0,0.0,0,0,0.0,0.0,0.0,1.0,0.0,0.0,0.0
0.0,1.0,0.0,1.0,0.0,0.0,0.0,1.0,1.0,1,1.0,1.0,1,1.0,0.0,0.0,0,0.0,2.0,1.0,1.0,1.0,1.0,0.0,0.0,0.0,0,0.0,0,0,1.0,0,0,1.0,0.0,0.0,2.0,1.0,2.0,2.0,2,2.0,2.0,1.0,0.0,1,1.0,0,0.0,0.0,0.0,0.0,0.0,0.0,1.0,0.0,0.0,0.0,0.0,1.0,1,1.0,1.0,1.0,1.0,1,0.0,0.0,0.0,0.0,0.0,0.0,0,0.0,0.0,1.0,1.0,1,0.0,1.0,0.0,0.0,0.0,0,0.0,1.0,1.0,1.0,1.0,1,1.0,0.0,0,0,0.0,0.0,0.0,1.0,0.0,0.0,0.0
1.0,2.0,2.0,1.0,1.0,1.0,1.0,1.0,1.0,1,1.0,2.0,1,0.0,0.0,1.0,1,1.0,0.0,0.0,0.0,0.0,0.0,1.0,0.0,0.0,0,1.0,0,0,0.0,0,0,1.0,0.0,0.0,1.0,0.0,2.0,2.0,2,2.0,2.0,1.0,0.0,0,1.0,1,1.0,1.0,1.0,1.0,1.0,2.0,1.0,0.0,0.0,0.0,0.0,0.0,0,0.0,,0.0,1.0,1,0.0,0.0,0.0,0.0,0.0,0.0,0,0.0,0.0,0.0,0.0,0,0.0,2.0,0.0,0.0,0.0,0,0.0,1.0,1.0,0.0,0.0,0,1.0,1.0,1,0,0.0,0.0,0.0,0.0,0.0,0.0,0.0
1.0,1.0,0.0,1.0,1.0,0.0,2.0,0.0,0.0,0,0.0,0.0,0,0.0,0.0,0.0,0,0.0,0.0,0.0,0.0,0.0,0.0,2.0,0.0,1.0,1,1.0,1,1,0.0,0,0,1.0,0.0,0.0,0.0,1.0,0.0,0.0,0,0.0,0.0,0.0,0.0,2,,0,0.0,0.0,0.0,0.0,0.0,0.0,0.0,1.0,1.0,1.0,1.0,0.0,1,1.0,1.0,1.0,1.0,1,1.0,1.0,1.0,1.0,0.0,0.0,0,0.0,0.0,1.0,1.0,0,0.0,,0.0,0.0,0.0,0,0.0,0.0,0.0,1.0,,0,0.0,0.0,0,1,1.0,1.0,1.0,1.0,0.0,0.0,1.0
0.0,0.0,2.0,1.0,0.0,0.0,0.0,0.0,0.0,0,0.0,0.0,0,0.0,0.0,0.0,0,1.0,0.0,0.0,0.0,0.0,0.0,2.0,0.0,0.0,0,0.0,0,0,1.0,0,0,1.0,1.0,1.0,1.0,0.0,2.0,2.0,2,2.0,2.0,0.0,1.0,1,1.0,1,1.0,1.0,1.0,1.0,1.0,0.0,1.0,0.0,0.0,0.0,0.0,1.0,1,1.0,1.0,1.0,1.0,2,1.0,1.0,1.0,1.0,0.0,0.0,0,0.0,0.0,0.0,0.0,0,0.0,1.0,0.0,0.0,0.0,0,0.0,1.0,1.0,1.0,0.0,1,1.0,0.0,0,0,0.0,0.0,0.0,1.0,1.0,1.0,1.0
2.0,1.0,0.0,1.0,0.0,1.0,0.0,1.0,1.0,1,1.0,1.0,1,0.0,0.0,1.0,1,2.0,0.0,1.0,1.0,1.0,1.0,2.0,1.0,0.0,0,0.0,1,1,1.0,0,0,2.0,0.0,0.0,0.0,1.0,0.0,0.0,0,0.0,0.0,1.0,0.0,2,0.0,0,0.0,0.0,0.0,0.0,0.0,0.0,1.0,1.0,1.0,1.0,1.0,1.0,1,1.0,1.0,1.0,2.0,2,1.0,1.0,1.0,1.0,0.0,0.0,0,0.0,0.0,1.0,0.0,0,0.0,1.0,0.0,0.0,0.0,0,0.0,2.0,2.0,1.0,0.0,0,0.0,1.0,0,0,0.0,0.0,0.0,1.0,1.0,1.0,0.0
1.0,0.0,1.0,1.0,0.0,1.0,1.0,1.0,1.0,1,1.0,1.0,1,0.0,0.0,1.0,1,2.0,1.0,0.0,0.0,0.0,0.0,0.0,1.0,1.0,0,1.0,1,0,1.0,0,0,1.0,0.0,0.0,2.0,0.0,0.0,0.0,0,0.0,0.0,0.0,1.0,0,0.0,1,1.0,1.0,1.0,1.0,1.0,0.0,0.0,0.0,0.0,0.0,0.0,1.0,0,0.0,0.0,0.0,1.0,1,2.0,0.0,0.0,0.0,0.0,0.0,0,0.0,0.0,0.0,0.0,0,0.0,,0.0,0.0,0.0,0,0.0,1.0,1.0,0.0,,0,1.0,0.0,0,0,0.0,1.0,1.0,0.0,0.0,0.0,1.0
1.0,0.0,0.0,1.0,2.0,0.0,0.0,1.0,1.0,1,1.0,1.0,1,0.0,1.0,1.0,1,1.0,0.0,1.0,1.0,1.0,1.0,1.0,0.0,1.0,1,1.0,1,1,1.0,1,0,0.0,0.0,0.0,2.0,0.0,1.0,1.0,1,1.0,1.0,0.0,0.0,0,2.0,0,0.0,0.0,0.0,0.0,0.0,0.0,1.0,0.0,0.0,0.0,0.0,1.0,2,2.0,2.0,2.0,0.0,0,0.0,2.0,2.0,2.0,1.0,1.0,0,0.0,0.0,1.0,0.0,0,0.0,1.0,0.0,0.0,0.0,0,0.0,0.0,1.0,2.0,0.0,1,2.0,0.0,0,0,0.0,0.0,1.0,0.0,1.0,1.0,0.0
0.0,2.0,0.0,1.0,2.0,0.0,1.0,0.0,0.0,0,0.0,0.0,0,0.0,0.0,0.0,0,1.0,0.0,0.0,0.0,0.0,,2.0,0.0,0.0,0,0.0,0,0,1.0,0,0,0.0,0.0,0.0,1.0,1.0,1.0,1.0,1,1.0,1.0,1.0,1.0,0,2.0,0,0.0,0.0,0.0,0.0,0.0,1.0,0.0,1.0,1.0,1.0,1.0,0.0,1,1.0,1.0,1.0,0.0,0,1.0,0.0,0.0,0.0,0.0,0.0,0,0.0,0.0,1.0,1.0,1,0.0,1.0,0.0,0.0,0.0,0,0.0,2.0,2.0,0.0,0.0,0,1.0,1.0,1,0,0.0,0.0,0.0,1.0,0.0,0.0,0.0
0.0,1.0,0.0,2.0,0.0,0.0,1.0,1.0,1.0,1,1.0,1.0,1,0.0,0.0,0.0,0,1.0,0.0,0.0,0.0,0.0,0.0,2.0,0.0,1.0,1,1.0,1,1,0.0,0,0,0.0,0.0,0.0,2.0,0.0,0.0,0.0,0,0.0,0.0,2.0,0.0,1,1.0,0,0.0,0.0,0.0,0.0,0.0,0.0,1.0,1.0,1.0,1.0,1.0,0.0,0,0.0,0.0,0.0,2.0,2,1.0,1.0,1.0,1.0,1.0,0.0,0,0.0,0.0,0.0,0.0,0,0.0,1.0,0.0,0.0,0.0,0,0.0,1.0,1.0,0.0,0.0,0,1.0,1.0,0,1,1.0,1.0,0.0,1.0,0.0,1.0,0.0
2.0,0.0,0.0,0.0,0.0,2.0,0.0,1.0,1.0,1,0.0,1.0,1,0.0,0.0,0.0,0,0.0,1.0,0.0,0.0,0.0,0.0,0.0,0.0,0.0,0,0.0,0,0,1.0,1,1,1.0,0.0,0.0,2.0,0.0,1.0,1.0,1,1.0,1.0,1.0,0.0,0,1.0,0,0.0,0.0,0.0,0.0,0.0,1.0,0.0,0.0,0.0,0.0,0.0,1.0,1,1.0,1.0,1.0,1.0,1,1.0,1.0,1.0,2.0,0.0,1.0,0,1.0,0.0,1.0,0.0,0,1.0,0.0,1.0,1.0,0.0,0,0.0,0.0,0.0,0.0,0.0,0,0.0,1.0,1,0,0.0,0.0,0.0,0.0,0.0,0.0,1.0
0.0,0.0,0.0,1.0,1.0,1.0,0.0,1.0,1.0,1,1.0,1.0,1,1.0,0.0,1.0,1,1.0,0.0,0.0,0.0,0.0,0.0,0.0,2.0,2.0,0,0.0,0,0,0.0,0,0,0.0,0.0,0.0,1.0,1.0,1.0,1.0,1,1.0,1.0,0.0,0.0,1,1.0,0,0.0,0.0,0.0,0.0,0.0,1.0,0.0,0.0,0.0,0.0,0.0,1.0,0,0.0,0.0,0.0,1.0,1,0.0,0.0,0.0,0.0,2.0,0.0,1,1.0,1.0,1.0,1.0,1,1.0,1.0,2.0,2.0,0.0,0,0.0,2.0,2.0,1.0,0.0,0,0.0,0.0,0,1,1.0,1.0,0.0,0.0,1.0,1.0,0.0
0.0,1.0,1.0,2.0,2.0,0.0,2.0,2.0,2.0,2,2.0,2.0,2,0.0,0.0,1.0,1,1.0,0.0,0.0,0.0,0.0,0.0,,0.0,2.0,1,2.0,2,1,1.0,0,0,1.0,0.0,0.0,1.0,2.0,0.0,0.0,0,0.0,0.0,1.0,0.0,1,1.0,0,0.0,0.0,0.0,0.0,0.0,1.0,0.0,0.0,0.0,0.0,0.0,0.0,1,1.0,1.0,1.0,2.0,2,0.0,0.0,0.0,0.0,1.0,0.0,0,0.0,0.0,1.0,1.0,1,0.0,1.0,0.0,0.0,0.0,0,0.0,0.0,0.0,2.0,0.0,0,1.0,0.0,0,1,1.0,1.0,2.0,0.0,0.0,1.0,0.0
0.0,0.0,1.0,2.0,1.0,0.0,1.0,0.0,0.0,0,0.0,0.0,0,1.0,1.0,0.0,0,0.0,1.0,1.0,1.0,1.0,1.0,2.0,0.0,1.0,2,2.0,2,2,0.0,0,0,0.0,1.0,1.0,1.0,1.0,1.0,1.0,1,1.0,1.0,0.0,1.0,0,2.0,0,0.0,0.0,0.0,0.0,0.0,0.0,0.0,0.0,0.0,0.0,0.0,0.0,0,0.0,0.0,0.0,0.0,0,1.0,1.0,1.0,1.0,1.0,0.0,0,0.0,0.0,0.0,0.0,0,0.0,0.0,0.0,0.0,0.0,0,0.0,1.0,1.0,0.0,1.0,0,0.0,0.0,0,0,0.0,0.0,1.0,1.0,1.0,1.0,1.0
0.0,0.0,1.0,0.0,0.0,,0.0,0.0,0.0,0,0.0,0.0,0,0.0,1.0,0.0,0,1.0,0.0,0.0,0.0,0.0,0.0,1.0,0.0,0.0,0,0.0,0,0,0.0,1,0,0.0,0.0,0.0,1.0,2.0,2.0,2.0,2,2.0,2.0,0.0,2.0,2,0.0,0,0.0,0.0,0.0,0.0,0.0,2.0,1.0,1.0,1.0,1.0,1.0,0.0,0,0.0,0.0,0.0,0.0,0,0.0,1.0,1.0,1.0,1.0,0.0,0,0.0,0.0,1.0,0.0,0,0.0,0.0,0.0,0.0,0.0,0,0.0,0.0,0.0,1.0,1.0,0,1.0,0.0,0,0,0.0,0.0,0.0,1.0,0.0,0.0,1.0
2.0,0.0,0.0,2.0,1.0,1.0,0.0,0.0,0.0,0,0.0,0.0,0,0.0,1.0,0.0,0,0.0,0.0,0.0,0.0,0.0,0.0,1.0,0.0,1.0,1,1.0,1,1,0.0,0,0,2.0,0.0,0.0,1.0,0.0,2.0,2.0,2,2.0,2.0,0.0,0.0,1,0.0,0,0.0,0.0,0.0,0.0,0.0,2.0,1.0,0.0,0.0,0.0,,0.0,1,1.0,1.0,1.0,0.0,0,1.0,1.0,1.0,1.0,0.0,1.0,0,0.0,1.0,0.0,0.0,0,0.0,0.0,0.0,0.0,0.0,0,0.0,1.0,1.0,0.0,0.0,0,0.0,0.0,0,0,0.0,0.0,0.0,1.0,1.0,1.0,1.0
0.0,0.0,2.0,1.0,1.0,1.0,0.0,1.0,1.0,1,0.0,1.0,1,0.0,0.0,0.0,0,1.0,0.0,0.0,0.0,0.0,0.0,0.0,0.0,1.0,0,1.0,1,0,0.0,0,1,1.0,0.0,0.0,1.0,0.0,1.0,1.0,1,1.0,1.0,0.0,0.0,0,1.0,2,2.0,2.0,2.0,2.0,2.0,0.0,0.0,0.0,0.0,0.0,0.0,0.0,1,1.0,1.0,1.0,2.0,2,0.0,1.0,1.0,1.0,0.0,1.0,0,0.0,0.0,1.0,0.0,0,0.0,0.0,0.0,0.0,0.0,0,0.0,0.0,1.0,0.0,0.0,0,0.0,0.0,0,0,0.0,0.0,1.0,1.0,1.0,0.0,1.0
2.0,1.0,1.0,1.0,0.0,1.0,1.0,0.0,0.0,0,0.0,0.0,0,1.0,1.0,0.0,0,0.0,0.0,0.0,0.0,0.0,0.0,1.0,0.0,0.0,0,0.0,0,0,2.0,2,0,1.0,1.0,1.0,1.0,0.0,1.0,1.0,1,2.0,2.0,1.0,1.0,2,0.0,0,0.0,0.0,0.0,0.0,0.0,0.0,1.0,0.0,0.0,0.0,0.0,0.0,1,1.0,1.0,1.0,1.0,1,1.0,1.0,1.0,1.0,1.0,0.0,0,0.0,0.0,1.0,1.0,1,0.0,2.0,0.0,0.0,0.0,0,0.0,1.0,1.0,0.0,1.0,1,0.0,0.0,0,0,0.0,0.0,1.0,2.0,0.0,0.0,1.0
1.0,0.0,0.0,1.0,0.0,1.0,1.0,1.0,1.0,1,1.0,1.0,1,0.0,0.0,0.0,0,2.0,1.0,2.0,2.0,2.0,2.0,1.0,2.0,0.0,0,0.0,0,0,1.0,1,0,1.0,0.0,0.0,0.0,2.0,1.0,1.0,1,1.0,1.0,0.0,0.0,1,1.0,0,0.0,0.0,0.0,0.0,0.0,1.0,0.0,1.0,1.0,1.0,1.0,1.0,0,0.0,0.0,0.0,0.0,0,1.0,1.0,1.0,1.0,2.0,0.0,1,1.0,1.0,1.0,1.0,1,1.0,0.0,0.0,0.0,0.0,0,0.0,1.0,1.0,2.0,0.0,0,1.0,0.0,0,1,1.0,2.0,0.0,1.0,0.0,0.0,0.0
1.0,0.0,0.0,1.0,0.0,1.0,0.0,0.0,0.0,0,0.0,0.0,0,1.0,0.0,0.0,0,2.0,0.0,1.0,1.0,1.0,1.0,0.0,0.0,0.0,0,0.0,0,0,0.0,0,0,0.0,1.0,1.0,1.0,1.0,0.0,0.0,0,0.0,0.0,0.0,0.0,1,1.0,0,0.0,0.0,0.0,0.0,0.0,0.0,1.0,0.0,0.0,0.0,0.0,0.0,0,0.0,0.0,0.0,1.0,1,0.0,0.0,0.0,0.0,1.0,0.0,0,0.0,1.0,0.0,1.0,1,1.0,1.0,0.0,0.0,0.0,0,0.0,1.0,1.0,1.0,1.0,0,0.0,0.0,0,1,1.0,1.0,0.0,0.0,2.0,2.0,1.0
0.0,0.0,0.0,1.0,2.0,0.0,1.0,0.0,0.0,0,0.0,0.0,0,0.0,0.0,0.0,0,1.0,1.0,0.0,0.0,0.0,0.0,0.0,1.0,0.0,1,1.0,1,1,1.0,0,0,0.0,0.0,0.0,1.0,1.0,1.0,1.0,1,1.0,1.0,0.0,0.0,0,1.0,0,0.0,0.0,0.0,0.0,0.0,0.0,2.0,1.0,0.0,1.0,0.0,0.0,1,1.0,1.0,1.0,2.0,2,0.0,0.0,0.0,0.0,2.0,2.0,0,0.0,0.0,1.0,0.0,0,0.0,0.0,0.0,0.0,0.0,0,0.0,1.0,1.0,0.0,0.0,0,0.0,0.0,0,0,0.0,0.0,0.0,1.0,0.0,0.0,1.0
1.0,1.0,1.0,0.0,0.0,1.0,0.0,1.0,1.0,1,1.0,1.0,1,0.0,0.0,1.0,1,0.0,0.0,0.0,0.0,0.0,0.0,1.0,0.0,0.0,0,0.0,0,0,0.0,0,0,0.0,1.0,1.0,0.0,0.0,1.0,1.0,1,1.0,1.0,0.0,1.0,0,1.0,0,0.0,0.0,0.0,0.0,0.0,1.0,1.0,2.0,2.0,2.0,2.0,0.0,1,1.0,1.0,1.0,2.0,2,0.0,2.0,2.0,2.0,1.0,0.0,0,0.0,0.0,0.0,0.0,0,0.0,1.0,0.0,0.0,0.0,0,0.0,1.0,1.0,1.0,1.0,1,0.0,0.0,0,0,0.0,0.0,0.0,1.0,0.0,0.0,1.0
1.0,0.0,0.0,0.0,1.0,1.0,0.0,0.0,0.0,0,0.0,0.0,0,,0.0,1.0,1,0.0,1.0,1.0,1.0,1.0,1.0,0.0,0.0,1.0,1,1.0,1,1,2.0,0,0,2.0,0.0,0.0,1.0,1.0,0.0,0.0,0,1.0,1.0,0.0,0.0,0,2.0,0,0.0,0.0,0.0,0.0,0.0,0.0,1.0,1.0,0.0,1.0,0.0,1.0,1,1.0,1.0,1.0,1.0,1,0.0,1.0,1.0,1.0,0.0,0.0,0,0.0,0.0,1.0,1.0,1,0.0,0.0,0.0,0.0,1.0,1,1.0,0.0,0.0,1.0,0.0,1,0.0,0.0,0,0,0.0,0.0,1.0,2.0,0.0,0.0,0.0
2.0,0.0,0.0,0.0,0.0,2.0,1.0,0.0,0.0,0,0.0,0.0,0,1.0,0.0,2.0,2,0.0,0.0,1.0,1.0,1.0,1.0,1.0,0.0,0.0,0,0.0,0,0,1.0,0,0,1.0,0.0,0.0,0.0,2.0,1.0,1.0,1,1.0,1.0,0.0,0.0,0,0.0,0,0.0,0.0,0.0,0.0,0.0,0.0,2.0,1.0,1.0,1.0,1.0,0.0,0,0.0,0.0,0.0,1.0,1,1.0,1.0,1.0,1.0,0.0,0.0,0,0.0,0.0,1.0,0.0,0,1.0,0.0,0.0,0.0,0.0,0,0.0,1.0,1.0,0.0,0.0,0,1.0,0.0,0,1,1.0,1.0,1.0,0.0,1.0,1.0,1.0
1.0,0.0,0.0,0.0,2.0,0.0,0.0,0.0,0.0,0,0.0,0.0,0,1.0,0.0,1.0,1,0.0,0.0,0.0,0.0,0.0,0.0,1.0,0.0,0.0,0,1.0,0,0,1.0,0,0,1.0,0.0,0.0,2.0,0.0,1.0,1.0,1,1.0,1.0,1.0,0.0,1,1.0,0,0.0,0.0,0.0,0.0,0.0,1.0,1.0,0.0,0.0,0.0,0.0,0.0,2,2.0,2.0,2.0,1.0,1,0.0,0.0,0.0,0.0,2.0,0.0,0,0.0,0.0,1.0,0.0,0,1.0,2.0,0.0,0.0,1.0,1,1.0,1.0,1.0,2.0,1.0,0,2.0,0.0,0,0,0.0,0.0,1.0,0.0,1.0,1.0,0.0
2.0,2.0,1.0,1.0,0.0,1.0,1.0,0.0,0.0,0,0.0,0.0,0,0.0,0.0,0.0,0,0.0,0.0,0.0,0.0,0.0,0.0,1.0,1.0,0.0,0,0.0,0,0,1.0,0,0,0.0,0.0,0.0,0.0,1.0,1.0,1.0,1,1.0,1.0,0.0,0.0,0,2.0,0,0.0,0.0,0.0,0.0,0.0,0.0,1.0,1.0,1.0,1.0,1.0,1.0,0,0.0,0.0,1.0,1.0,1,0.0,0.0,0.0,1.0,0.0,1.0,1,1.0,1.0,0.0,1.0,1,0.0,1.0,0.0,0.0,0.0,0,0.0,1.0,1.0,1.0,1.0,0,1.0,0.0,0,1,1.0,1.0,1.0,1.0,1.0,1.0,1.0
1.0,0.0,0.0,2.0,1.0,0.0,0.0,0.0,0.0,0,0.0,0.0,0,1.0,0.0,1.0,1,1.0,1.0,1.0,1.0,1.0,1.0,2.0,0.0,1.0,0,0.0,0,0,0.0,0,0,1.0,1.0,,1.0,0.0,1.0,1.0,1,1.0,1.0,1.0,1.0,0,2.0,0,0.0,0.0,0.0,0.0,0.0,1.0,0.0,1.0,1.0,1.0,1.0,1.0,1,1.0,1.0,1.0,0.0,0,0.0,1.0,1.0,1.0,0.0,1.0,0,0.0,0.0,2.0,0.0,0,1.0,1.0,1.0,1.0,0.0,0,0.0,0.0,0.0,1.0,1.0,0,0.0,0.0,0,0,0.0,0.0,0.0,0.0,0.0,1.0,1.0
0.0,0.0,1.0,2.0,1.0,,0.0,2.0,2.0,2,2.0,2.0,2,0.0,0.0,1.0,1,1.0,2.0,2.0,2.0,2.0,2.0,1.0,2.0,0.0,0,0.0,0,0,1.0,1,1,2.0,0.0,0.0,0.0,1.0,1.0,1.0,1,1.0,1.0,0.0,0.0,0,2.0,1,1.0,1.0,1.0,1.0,1.0,0.0,0.0,1.0,1.0,1.0,1.0,0.0,0,0.0,0.0,0.0,1.0,1,1.0,0.0,0.0,0.0,0.0,,0,0.0,0.0,0.0,,0,1.0,0.0,0.0,0.0,0.0,0,0.0,1.0,1.0,2.0,1.0,0,0.0,0.0,0,2,2.0,2.0,0.0,1.0,,1.0,0.0
0.0,0.0,1.0,0.0,1.0,0.0,1.0,1.0,1.0,1,1.0,1.0,1,0.0,1.0,0.0,0,1.0,0.0,0.0,0.0,0.0,0.0,0.0,0.0,2.0,0,0.0,0,0,1.0,0,0,1.0,0.0,0.0,0.0,1.0,0.0,0.0,0,1.0,1.0,1.0,2.0,1,1.0,1,1.0,1.0,1.0,1.0,1.0,0.0,1.0,1.0,1.0,1.0,1.0,1.0,1,1.0,1.0,1.0,0.0,0,0.0,1.0,1.0,1.0,0.0,0.0,0,0.0,0.0,0.0,0.0,0,0.0,2.0,1.0,1.0,0.0,0,0.0,2.0,2.0,0.0,1.0,0,0.0,0.0,0,1,1.0,1.0,0.0,0.0,1.0,1.0,0.0
1.0,1.0,0.0,1.0,0.0,1.0,1.0,0.0,0.0,0,0.0,0.0,0,,0.0,0.0,0,1.0,0.0,1.0,1.0,1.0,1.0,1.0,2.0,0.0,0,0.0,0,0,0.0,0,0,0.0,0.0,0.0,2.0,0.0,0.0,0.0,0,0.0,0.0,0.0,0.0,1,1.0,0,0.0,0.0,0.0,0.0,0.0,0.0,1.0,0.0,0.0,0.0,0.0,0.0,1,1.0,1.0,1.0,0.0,0,1.0,0.0,0.0,1.0,1.0,1.0,0,0.0,0.0,1.0,1.0,1,0.0,0.0,1.0,1.0,0.0,0,0.0,2.0,2.0,2.0,1.0,0,1.0,0.0,0,1,1.0,1.0,0.0,0.0,0.0,1.0,0.0
1.0,0.0,1.0,1.0,1.0,1.0,1.0,0.0,0.0,0,0.0,0.0,0,0.0,0.0,1.0,1,1.0,1.0,1.0,1.0,1.0,1.0,1.0,0.0,1.0,0,1.0,1,0,1.0,0,0,2.0,0.0,0.0,1.0,0.0,2.0,2.0,2,2.0,2.0,1.0,1.0,0,1.0,1,1.0,1.0,1.0,1.0,1.0,1.0,1.0,1.0,1.0,1.0,1.0,1.0,2,2.0,2.0,2.0,1.0,0,0.0,0.0,0.0,0.0,1.0,0.0,0,0.0,0.0,0.0,1.0,1,0.0,1.0,1.0,1.0,0.0,0,0.0,1.0,1.0,0.0,0.0,0,1.0,0.0,0,1,1.0,1.0,1.0,1.0,1.0,1.0,0.0
0.0,0.0,1.0,1.0,1.0,0.0,0.0,1.0,1.0,1,1.0,1.0,1,0.0,0.0,0.0,0,0.0,0.0,0.0,0.0,0.0,0.0,2.0,0.0,0.0,0,0.0,0,0,0.0,0,0,0.0,0.0,0.0,0.0,1.0,2.0,2.0,2,2.0,2.0,0.0,0.0,1,0.0,0,0.0,0.0,0.0,0.0,0.0,0.0,2.0,1.0,1.0,1.0,1.0,0.0,0,0.0,0.0,0.0,1.0,1,1.0,1.0,1.0,1.0,2.0,0.0,0,0.0,0.0,1.0,0.0,0,0.0,2.0,0.0,0.0,0.0,0,0.0,1.0,0.0,1.0,1.0,0,0.0,0.0,0,1,1.0,1.0,0.0,2.0,0.0,0.0,0.0
1.0,0.0,0.0,1.0,0.0,2.0,0.0,1.0,1.0,1,1.0,1.0,1,0.0,0.0,1.0,1,1.0,0.0,0.0,0.0,0.0,0.0,1.0,1.0,0.0,1,1.0,1,1,0.0,1,1,1.0,0.0,0.0,1.0,1.0,0.0,0.0,0,0.0,0.0,1.0,1.0,1,1.0,0,0.0,0.0,0.0,0.0,0.0,2.0,1.0,0.0,0.0,0.0,0.0,1.0,1,1.0,1.0,1.0,1.0,1,2.0,1.0,1.0,1.0,1.0,0.0,0,0.0,0.0,1.0,1.0,1,0.0,1.0,0.0,0.0,0.0,0,0.0,0.0,0.0,0.0,0.0,0,0.0,0.0,0,0,0.0,0.0,2.0,1.0,1.0,1.0,1.0
2.0,0.0,0.0,0.0,0.0,2.0,0.0,0.0,0.0,0,0.0,0.0,0,0.0,0.0,0.0,0,0.0,2.0,2.0,2.0,2.0,2.0,1.0,0.0,0.0,0,0.0,0,0,0.0,0,0,0.0,0.0,0.0,0.0,1.0,2.0,2.0,2,,2.0,0.0,0.0,0,0.0,0,0.0,0.0,0.0,0.0,0.0,1.0,2.0,0.0,0.0,0.0,0.0,0.0,2,2.0,2.0,2.0,,1,0.0,0.0,0.0,0.0,1.0,1.0,0,0.0,0.0,1.0,0.0,0,0.0,1.0,0.0,0.0,0.0,0,0.0,1.0,1.0,1.0,0.0,0,0.0,0.0,0,1,1.0,1.0,0.0,0.0,1.0,1.0,1.0
0.0,0.0,0.0,1.0,1.0,0.0,1.0,1.0,1.0,1,1.0,1.0,1,0.0,0.0,1.0,1,2.0,1.0,0.0,0.0,0.0,0.0,1.0,0.0,1.0,0,0.0,0,0,1.0,0,0,0.0,0.0,0.0,2.0,1.0,1.0,1.0,1,1.0,1.0,0.0,0.0,1,1.0,0,0.0,0.0,0.0,0.0,0.0,1.0,2.0,0.0,0.0,0.0,0.0,1.0,0,0.0,0.0,0.0,0.0,0,0.0,0.0,0.0,0.0,0.0,0.0,0,0.0,0.0,0.0,0.0,0,0.0,1.0,0.0,0.0,0.0,0,0.0,1.0,1.0,0.0,1.0,0,0.0,0.0,0,1,,1.0,1.0,0.0,1.0,1.0,0.0
0.0,1.0,0.0,0.0,0.0,0.0,,0.0,0.0,0,0.0,0.0,0,0.0,1.0,1.0,1,2.0,1.0,0.0,0.0,0.0,0.0,0.0,0.0,1.0,2,2.0,2,2,1.0,0,0,1.0,0.0,0.0,0.0,2.0,2.0,2.0,2,,2.0,0.0,0.0,0,2.0,0,0.0,0.0,0.0,0.0,0.0,0.0,0.0,1.0,1.0,1.0,1.0,0.0,1,1.0,1.0,,1.0,1,0.0,1.0,1.0,1.0,0.0,0.0,0,0.0,1.0,0.0,1.0,1,1.0,1.0,0.0,0.0,0.0,0,0.0,1.0,1.0,,1.0,0,1.0,0.0,0,0,0.0,0.0,0.0,0.0,,0.0,1.0
1.0,0.0,0.0,0.0,2.0,0.0,0.0,1.0,1.0,1,1.0,1.0,1,,1.0,0.0,1,0.0,0.0,0.0,0.0,0.0,0.0,1.0,1.0,0.0,0,0.0,0,0,1.0,0,0,0.0,0.0,0.0,1.0,1.0,1.0,1.0,1,1.0,1.0,0.0,1.0,0,2.0,0,0.0,0.0,0.0,0.0,0.0,0.0,0.0,0.0,0.0,0.0,0.0,1.0,0,0.0,0.0,0.0,0.0,0,1.0,0.0,0.0,0.0,2.0,1.0,1,1.0,1.0,0.0,1.0,1,0.0,2.0,0.0,0.0,0.0,0,0.0,1.0,1.0,1.0,0.0,0,0.0,1.0,1,1,1.0,1.0,1.0,2.0,1.0,1.0,0.0
2.0,0.0,1.0,1.0,0.0,1.0,2.0,0.0,0.0,0,0.0,0.0,0,0.0,0.0,0.0,0,1.0,0.0,0.0,0.0,0.0,0.0,1.0,1.0,0.0,0,0.0,0,0,0.0,0,0,0.0,0.0,0.0,1.0,1.0,2.0,2.0,2,2.0,2.0,1.0,0.0,1,1.0,0,0.0,0.0,0.0,0.0,0.0,0.0,1.0,0.0,0.0,0.0,0.0,1.0,0,0.0,0.0,0.0,0.0,0,1.0,1.0,1.0,1.0,0.0,0.0,0,0.0,1.0,0.0,1.0,1,0.0,1.0,0.0,0.0,0.0,0,0.0,2.0,2.0,0.0,0.0,0,0.0,0.0,0,2,2.0,2.0,1.0,0.0,0.0,0.0,0.0
2.0,2.0,1.0,1.0,1.0,0.0,0.0,2.0,2.0,2,2.0,2.0,2,0.0,1.0,1.0,1,0.0,0.0,0.0,0.0,0.0,0.0,1.0,0.0,0.0,1,1.0,1,1,1.0,0,0,1.0,0.0,0.0,1.0,0.0,1.0,1.0,1,1.0,1.0,1.0,1.0,0,1.0,0,0.0,0.0,0.0,0.0,0.0,1.0,2.0,0.0,0.0,0.0,0.0,0.0,1,1.0,1.0,1.0,0.0,0,0.0,0.0,0.0,0.0,1.0,1.0,1,1.0,1.0,1.0,0.0,0,0.0,1.0,0.0,0.0,0.0,0,0.0,1.0,0.0,2.0,0.0,1,1.0,0.0,0,1,1.0,1.0,0.0,0.0,1.0,1.0,0.0
0.0,0.0,0.0,0.0,1.0,0.0,0.0,1.0,1.0,1,1.0,2.0,1,0.0,0.0,0.0,0,1.0,1.0,1.0,1.0,1.0,1.0,1.0,1.0,1.0,0,0.0,0,0,0.0,0,0,1.0,0.0,0.0,2.0,1.0,1.0,1.0,1,1.0,1.0,1.0,0.0,1,1.0,1,1.0,1.0,1.0,1.0,1.0,0.0,0.0,1.0,1.0,1.0,1.0,0.0,0,0.0,0.0,0.0,1.0,1,1.0,0.0,0.0,0.0,2.0,0.0,0,0.0,0.0,0.0,0.0,0,1.0,1.0,0.0,0.0,0.0,0,0.0,0.0,1.0,0.0,,1,2.0,0.0,0,0,0.0,0.0,0.0,1.0,0.0,,1.0
1.0,0.0,0.0,0.0,1.0,1.0,1.0,1.0,1.0,1,1.0,1.0,1,0.0,0.0,0.0,0,1.0,0.0,0.0,0.0,0.0,0.0,1.0,1.0,1.0,0,0.0,0,0,0.0,0,0,1.0,0.0,0.0,0.0,1.0,0.0,0.0,0,0.0,0.0,0.0,0.0,1,1.0,0,0.0,0.0,0.0,0.0,0.0,1.0,1.0,0.0,0.0,1.0,0.0,0.0,1,1.0,1.0,1.0,1.0,1,0.0,0.0,0.0,0.0,1.0,1.0,0,0.0,0.0,0.0,0.0,0,0.0,1.0,1.0,1.0,0.0,0,0.0,0.0,0.0,1.0,,1,0.0,1.0,1,0,0.0,0.0,1.0,1.0,1.0,1.0,0.0
1.0,0.0,0.0,1.0,0.0,,1.0,0.0,0.0,0,0.0,0.0,0,0.0,0.0,1.0,1,1.0,1.0,1.0,1.0,1.0,1.0,2.0,0.0,2.0,0,0.0,0,0,0.0,0,0,1.0,0.0,0.0,0.0,1.0,1.0,1.0,1,1.0,1.0,1.0,0.0,2,0.0,0,0.0,0.0,0.0,0.0,0.0,0.0,1.0,1.0,1.0,1.0,1.0,0.0,1,1.0,1.0,1.0,1.0,1,0.0,0.0,0.0,0.0,2.0,1.0,0,0.0,0.0,2.0,0.0,0,1.0,1.0,0.0,0.0,1.0,1,1.0,1.0,1.0,2.0,,1,0.0,0.0,0,1,1.0,1.0,0.0,0.0,1.0,1.0,0.0
1.0,0.0,0.0,0.0,0.0,2.0,0.0,0.0,0.0,0,0.0,0.0,0,0.0,0.0,0.0,0,2.0,1.0,1.0,1.0,1.0,0.0,1.0,0.0,0.0,0,0.0,0,0,0.0,0,0,1.0,0.0,0.0,2.0,1.0,0.0,0.0,0,0.0,0.0,0.0,1.0,0,2.0,0,0.0,0.0,0.0,0.0,0.0,1.0,0.0,1.0,0.0,1.0,0.0,0.0,0,0.0,0.0,0.0,0.0,0,1.0,0.0,0.0,1.0,1.0,0.0,0,0.0,0.0,0.0,2.0,2,0.0,1.0,0.0,0.0,0.0,0,0.0,1.0,1.0,1.0,1.0,1,0.0,0.0,0,1,1.0,1.0,1.0,0.0,0.0,0.0,0.0
1.0,0.0,1.0,1.0,1.0,0.0,0.0,1.0,1.0,1,1.0,1.0,1,1.0,2.0,0.0,0,2.0,0.0,0.0,0.0,0.0,0.0,0.0,0.0,2.0,0,0.0,0,0,1.0,1,1,1.0,0.0,0.0,0.0,2.0,1.0,1.0,1,1.0,1.0,1.0,0.0,1,1.0,0,0.0,0.0,0.0,0.0,0.0,1.0,0.0,2.0,2.0,2.0,2.0,2.0,0,0.0,0.0,0.0,1.0,1,1.0,1.0,1.0,1.0,2.0,0.0,0,0.0,0.0,2.0,1.0,1,1.0,1.0,0.0,0.0,0.0,0,0.0,1.0,1.0,1.0,1.0,1,0.0,0.0,0,1,1.0,1.0,1.0,0.0,1.0,1.0,1.0
0.0,1.0,0.0,1.0,1.0,1.0,1.0,2.0,,2,2.0,2.0,2,0.0,0.0,0.0,0,0.0,0.0,0.0,0.0,0.0,0.0,1.0,2.0,1.0,1,1.0,1,1,0.0,0,0,1.0,0.0,0.0,2.0,1.0,2.0,2.0,2,2.0,2.0,2.0,1.0,1,1.0,0,0.0,0.0,0.0,0.0,0.0,0.0,0.0,0.0,0.0,0.0,,1.0,0,0.0,0.0,0.0,0.0,0,1.0,1.0,1.0,1.0,0.0,0.0,0,0.0,0.0,0.0,2.0,2,0.0,2.0,1.0,1.0,0.0,0,0.0,0.0,0.0,1.0,0.0,0,0.0,0.0,0,0,0.0,1.0,2.0,0.0,1.0,1.0,0.0
2.0,0.0,0.0,1.0,1.0,0.0,1.0,0.0,0.0,0,0.0,0.0,0,0.0,1.0,0.0,0,1.0,1.0,1.0,1.0,1.0,1.0,1.0,0.0,0.0,0,0.0,0,0,0.0,1,0,0.0,1.0,1.0,0.0,0.0,1.0,1.0,1,1.0,1.0,0.0,1.0,1,1.0,0,0.0,0.0,0.0,0.0,0.0,0.0,1.0,0.0,0.0,0.0,0.0,0.0,0,0.0,0.0,0.0,1.0,1,0.0,2.0,2.0,2.0,2.0,0.0,0,0.0,0.0,1.0,0.0,0,0.0,1.0,0.0,0.0,0.0,0,0.0,2.0,2.0,0.0,0.0,0,1.0,0.0,0,0,0.0,0.0,0.0,1.0,0.0,0.0,1.0
1.0,0.0,1.0,1.0,1.0,1.0,0.0,0.0,0.0,0,0.0,0.0,0,0.0,0.0,0.0,0,0.0,0.0,0.0,0.0,0.0,0.0,0.0,1.0,0.0,0,0.0,0,0,1.0,1,0,1.0,0.0,0.0,0.0,1.0,0.0,0.0,0,0.0,0.0,1.0,0.0,0,2.0,0,0.0,0.0,0.0,0.0,0.0,2.0,1.0,0.0,0.0,0.0,0.0,0.0,2,2.0,2.0,2.0,0.0,0,0.0,1.0,1.0,1.0,1.0,0.0,0,0.0,0.0,2.0,0.0,0,0.0,1.0,0.0,0.0,0.0,0,0.0,1.0,1.0,2.0,0.0,1,1.0,0.0,0,0,0.0,0.0,,1.0,0.0,0.0,0.0
1.0,1.0,0.0,0.0,0.0,2.0,0.0,0.0,0.0,0,0.0,0.0,0,0.0,0.0,1.0,1,1.0,0.0,0.0,0.0,0.0,0.0,2.0,2.0,0.0,2,2.0,2,2,0.0,1,0,1.0,0.0,0.0,0.0,0.0,1.0,1.0,1,1.0,1.0,0.0,1.0,1,1.0,0,0.0,0.0,0.0,0.0,0.0,1.0,1.0,0.0,0.0,0.0,0.0,0.0,2,2.0,2.0,2.0,2.0,2,1.0,1.0,1.0,1.0,2.0,0.0,0,0.0,0.0,1.0,0.0,0,0.0,1.0,0.0,0.0,1.0,1,1.0,1.0,1.0,2.0,1.0,0,1.0,0.0,0,1,1.0,1.0,0.0,1.0,1.0,1.0,1.0
2.0,0.0,0.0,0.0,1.0,0.0,1.0,1.0,1.0,1,1.0,1.0,1,,0.0,0.0,0,1.0,0.0,0.0,0.0,0.0,0.0,2.0,1.0,0.0,0,1.0,1,0,0.0,1,0,1.0,0.0,0.0,1.0,2.0,0.0,0.0,0,0.0,0.0,0.0,0.0,1,1.0,0,0.0,0.0,0.0,0.0,0.0,0.0,1.0,0.0,0.0,0.0,0.0,0.0,1,1.0,1.0,1.0,0.0,0,0.0,0.0,0.0,0.0,1.0,2.0,1,1.0,1.0,1.0,0.0,0,0.0,1.0,1.0,1.0,0.0,0,0.0,1.0,1.0,0.0,1.0,1,0.0,0.0,0,2,2.0,2.0,2.0,1.0,0.0,0.0,0.0
1.0,0.0,0.0,0.0,0.0,2.0,0.0,1.0,1.0,1,1.0,1.0,1,0.0,0.0,1.0,1,1.0,0.0,1.0,1.0,1.0,1.0,1.0,2.0,0.0,0,0.0,0,0,0.0,0,0,0.0,0.0,0.0,1.0,2.0,1.0,1.0,1,1.0,1.0,0.0,1.0,1,0.0,0,0.0,0.0,0.0,0.0,0.0,0.0,0.0,2.0,2.0,2.0,2.0,0.0,0,0.0,0.0,0.0,0.0,0,1.0,2.0,2.0,2.0,2.0,0.0,1,1.0,2.0,2.0,0.0,0,0.0,2.0,0.0,0.0,0.0,0,0.0,0.0,0.0,1.0,1.0,0,0.0,0.0,0,0,0.0,0.0,0.0,1.0,0.0,0.0,1.0
1.0,0.0,1.0,2.0,1.0,1.0,1.0,0.0,0.0,0,0.0,0.0,0,1.0,0.0,1.0,1,0.0,0.0,1.0,1.0,1.0,1.0,1.0,0.0,0.0,1,1.0,1,1,0.0,2,1,1.0,0.0,0.0,1.0,1.0,0.0,0.0,0,0.0,0.0,1.0,0.0,1,1.0,0,0.0,0.0,0.0,0.0,0.0,0.0,1.0,1.0,1.0,1.0,1.0,0.0,2,2.0,2.0,2.0,1.0,1,0.0,1.0,1.0,1.0,1.0,0.0,0,0.0,1.0,1.0,0.0,0,1.0,1.0,0.0,0.0,1.0,1,1.0,0.0,0.0,1.0,0.0,0,0.0,0.0,0,1,1.0,1.0,0.0,0.0,1.0,1.0,1.0
2.0,0.0,1.0,0.0,0.0,0.0,0.0,0.0,0.0,0,0.0,0.0,0,0.0,0.0,0.0,0,0.0,0.0,0.0,0.0,0.0,0.0,1.0,1.0,0.0,0,0.0,0,0,0.0,0,0,0.0,0.0,0.0,0.0,2.0,1.0,1.0,1,1.0,1.0,0.0,1.0,0,1.0,0,0.0,0.0,0.0,0.0,0.0,0.0,0.0,1.0,1.0,1.0,1.0,0.0,2,2.0,2.0,2.0,0.0,0,0.0,1.0,1.0,1.0,1.0,1.0,0,0.0,0.0,1.0,0.0,0,0.0,0.0,0.0,0.0,1.0,1,1.0,0.0,0.0,2.0,2.0,0,2.0,0.0,0,1,1.0,1.0,1.0,1.0,0.0,0.0,1.0
1.0,0.0,0.0,1.0,0.0,2.0,0.0,1.0,1.0,1,1.0,1.0,1,0.0,0.0,0.0,0,1.0,0.0,0.0,0.0,0.0,0.0,1.0,1.0,1.0,0,1.0,1,0,0.0,0,0,0.0,0.0,0.0,1.0,0.0,1.0,1.0,1,1.0,1.0,1.0,0.0,0,2.0,0,0.0,0.0,0.0,0.0,0.0,1.0,1.0,0.0,0.0,0.0,0.0,1.0,2,2.0,2.0,2.0,1.0,1,0.0,0.0,0.0,0.0,1.0,1.0,0,0.0,1.0,0.0,0.0,0,1.0,1.0,1.0,1.0,0.0,0,0.0,0.0,0.0,2.0,1.0,1,1.0,0.0,0,0,0.0,0.0,1.0,0.0,1.0,1.0,0.0
0.0,1.0,0.0,1.0,1.0,,1.0,0.0,0.0,0,0.0,0.0,0,0.0,0.0,1.0,1,1.0,0.0,0.0,0.0,0.0,0.0,0.0,0.0,1.0,1,1.0,1,1,0.0,1,0,1.0,0.0,0.0,0.0,0.0,2.0,2.0,2,,2.0,0.0,0.0,1,1.0,0,0.0,0.0,0.0,0.0,0.0,0.0,1.0,0.0,0.0,,0.0,0.0,0,0.0,0.0,0.0,0.0,0,0.0,1.0,1.0,1.0,0.0,0.0,0,0.0,0.0,1.0,1.0,1,1.0,1.0,0.0,0.0,0.0,0,0.0,1.0,1.0,,2.0,0,1.0,0.0,0,1,1.0,1.0,0.0,1.0,0.0,1.0,1.0
2.0,0.0,0.0,2.0,0.0,1.0,0.0,2.0,2.0,2,2.0,2.0,2,0.0,0.0,0.0,0,0.0,1.0,1.0,1.0,1.0,1.0,0.0,1.0,2.0,0,0.0,0,0,2.0,0,1,1.0,1.0,1.0,0.0,2.0,0.0,0.0,0,0.0,0.0,1.0,1.0,1,0.0,0,0.0,0.0,0.0,0.0,0.0,2.0,0.0,1.0,1.0,1.0,1.0,0.0,2,2.0,2.0,2.0,2.0,2,2.0,1.0,1.0,1.0,0.0,0.0,0,0.0,1.0,1.0,1.0,1,0.0,0.0,0.0,0.0,0.0,0,0.0,1.0,1.0,2.0,0.0,2,1.0,0.0,0,0,0.0,0.0,0.0,1.0,1.0,1.0,1.0
0.0,0.0,0.0,0.0,1.0,1.0,1.0,0.0,0.0,0,0.0,0.0,0,,0.0,2.0,2,1.0,1.0,1.0,1.0,1.0,1.0,1.0,1.0,0.0,0,0.0,0,0,1.0,1,0,1.0,0.0,0.0,0.0,1.0,0.0,0.0,0,0.0,0.0,1.0,0.0,0,1.0,0,0.0,0.0,0.0,0.0,0.0,0.0,2.0,1.0,1.0,1.0,1.0,0.0,2,2.0,2.0,2.0,1.0,1,1.0,0.0,0.0,0.0,0.0,1.0,0,0.0,0.0,0.0,0.0,0,0.0,1.0,0.0,0.0,1.0,1,1.0,1.0,1.0,1.0,0.0,0,1.0,0.0,0,0,0.0,0.0,1.0,0.0,0.0,0.0,1.0
0.0,1.0,0.0,1.0,0.0,1.0,1.0,1.0,1.0,1,1.0,1.0,1,1.0,0.0,1.0,1,0.0,0.0,0.0,0.0,0.0,0.0,1.0,1.0,1.0,0,0.0,0,0,0.0,0,0,0.0,0.0,0.0,0.0,0.0,0.0,0.0,0,,0.0,0.0,0.0,1,0.0,0,0.0,,0.0,0.0,0.0,1.0,1.0,0.0,0.0,0.0,0.0,0.0,1,1.0,1.0,1.0,0.0,0,0.0,1.0,1.0,1.0,1.0,0.0,0,0.0,0.0,0.0,0.0,0,1.0,1.0,0.0,0.0,0.0,0,0.0,0.0,0.0,1.0,1.0,1,0.0,0.0,0,1,1.0,1.0,,1.0,2.0,,0.0
1.0,0.0,1.0,1.0,0.0,0.0,2.0,0.0,0.0,0,0.0,0.0,0,0.0,0.0,0.0,0,0.0,0.0,1.0,1.0,1.0,1.0,2.0,0.0,0.0,0,0.0,0,0,2.0,0,0,0.0,0.0,0.0,0.0,1.0,0.0,0.0,0,0.0,0.0,0.0,1.0,0,2.0,0,0.0,0.0,0.0,0.0,0.0,0.0,0.0,1.0,1.0,1.0,1.0,1.0,1,1.0,1.0,1.0,1.0,1,0.0,2.0,2.0,2.0,0.0,1.0,0,0.0,0.0,1.0,0.0,0,0.0,0.0,0.0,0.0,0.0,0,0.0,1.0,1.0,1.0,,0,1.0,0.0,0,1,1.0,1.0,1.0,2.0,0.0,0.0,1.0
1.0,0.0,0.0,0.0,0.0,1.0,1.0,0.0,0.0,0,0.0,0.0,0,0.0,0.0,1.0,1,1.0,0.0,0.0,0.0,0.0,0.0,0.0,2.0,1.0,0,1.0,1,0,0.0,0,0,0.0,0.0,0.0,0.0,1.0,0.0,0.0,0,1.0,1.0,0.0,1.0,1,1.0,1,1.0,1.0,1.0,1.0,1.0,2.0,1.0,0.0,0.0,0.0,0.0,0.0,1,1.0,1.0,1.0,2.0,2,1.0,0.0,0.0,0.0,1.0,1.0,0,0.0,1.0,1.0,0.0,0,0.0,0.0,0.0,0.0,0.0,0,0.0,1.0,1.0,1.0,0.0,0,1.0,0.0,0,1,1.0,1.0,0.0,1.0,0.0,0.0,0.0
2.0,2.0,0.0,2.0,1.0,1.0,0.0,1.0,1.0,1,1.0,1.0,1,1.0,0.0,1.0,1,2.0,0.0,0.0,0.0,0.0,0.0,1.0,1.0,1.0,0,0.0,0,0,1.0,0,0,2.0,0.0,0.0,1.0,0.0,0.0,0.0,0,0.0,0.0,0.0,1.0,1,1.0,0,0.0,0.0,0.0,0.0,0.0,1.0,0.0,0.0,0.0,0.0,0.0,1.0,0,0.0,0.0,0.0,2.0,2,0.0,0.0,0.0,0.0,1.0,0.0,0,0.0,0.0,0.0,1.0,1,0.0,1.0,0.0,0.0,1.0,1,1.0,0.0,0.0,1.0,0.0,0,1.0,0.0,0,0,0.0,1.0,1.0,1.0,0.0,0.0,0.0
0.0,0.0,1.0,0.0,1.0,0.0,1.0,0.0,0.0,0,0.0,0.0,0,2.0,0.0,0.0,0,2.0,1.0,1.0,1.0,1.0,1.0,2.0,1.0,0.0,0,0.0,0,0,0.0,0,0,0.0,0.0,0.0,0.0,2.0,2.0,2.0,2,,2.0,1.0,1.0,0,1.0,0,0.0,0.0,0.0,0.0,0.0,0.0,0.0,0.0,0.0,0.0,0.0,0.0,2,2.0,2.0,2.0,1.0,1,1.0,1.0,1.0,1.0,2.0,1.0,1,1.0,1.0,1.0,0.0,0,0.0,0.0,0.0,0.0,0.0,0,0.0,2.0,1.0,0.0,1.0,0,0.0,0.0,0,0,0.0,0.0,0.0,2.0,0.0,1.0,1.0
0.0,0.0,1.0,1.0,1.0,1.0,1.0,1.0,1.0,1,1.0,1.0,1,0.0,0.0,0.0,0,0.0,1.0,1.0,1.0,1.0,1.0,1.0,0.0,1.0,0,0.0,0,0,0.0,1,0,0.0,0.0,0.0,1.0,2.0,0.0,0.0,0,0.0,0.0,1.0,0.0,1,1.0,0,0.0,0.0,0.0,0.0,0.0,0.0,0.0,0.0,0.0,0.0,0.0,0.0,1,1.0,1.0,1.0,0.0,0,1.0,1.0,1.0,1.0,0.0,0.0,0,0.0,0.0,1.0,0.0,0,0.0,0.0,0.0,0.0,0.0,0,0.0,1.0,1.0,1.0,1.0,0,0.0,0.0,0,0,0.0,0.0,,1.0,0.0,1.0,0.0
1.0,1.0,0.0,2.0,2.0,0.0,0.0,0.0,0.0,0,0.0,0.0,0,0.0,0.0,1.0,1,1.0,2.0,0.0,0.0,0.0,0.0,1.0,0.0,0.0,0,0.0,0,0,0.0,1,0,0.0,0.0,0.0,1.0,1.0,0.0,0.0,0,0.0,0.0,0.0,0.0,1,0.0,0,0.0,0.0,0.0,0.0,0.0,0.0,2.0,0.0,0.0,0.0,0.0,2.0,0,0.0,0.0,,1.0,1,0.0,1.0,1.0,1.0,2.0,0.0,1,1.0,1.0,1.0,1.0,1,0.0,0.0,0.0,0.0,0.0,0,0.0,2.0,2.0,2.0,0.0,0,0.0,0.0,0,0,0.0,0.0,0.0,0.0,0.0,0.0,1.0
2.0,0.0,0.0,1.0,1.0,0.0,0.0,1.0,1.0,1,1.0,1.0,1,0.0,1.0,0.0,0,1.0,0.0,0.0,0.0,0.0,0.0,0.0,1.0,2.0,1,1.0,1,1,0.0,0,0,1.0,0.0,0.0,1.0,0.0,2.0,2.0,2,2.0,2.0,0.0,0.0,0,0.0,2,2.0,2.0,2.0,2.0,2.0,1.0,0.0,0.0,0.0,0.0,0.0,0.0,2,2.0,2.0,2.0,1.0,1,0.0,0.0,0.0,0.0,1.0,0.0,0,0.0,0.0,1.0,0.0,0,0.0,2.0,0.0,0.0,0.0,0,0.0,1.0,2.0,2.0,1.0,1,2.0,0.0,0,2,2.0,2.0,1.0,0.0,1.0,1.0,0.0
1.0,0.0,0.0,1.0,2.0,0.0,1.0,2.0,2.0,2,2.0,2.0,2,0.0,0.0,0.0,0,1.0,0.0,0.0,0.0,0.0,0.0,1.0,0.0,1.0,1,1.0,1,1,1.0,0,0,0.0,0.0,0.0,2.0,0.0,0.0,0.0,0,0.0,0.0,1.0,1.0,1,1.0,0,0.0,0.0,0.0,0.0,0.0,2.0,0.0,0.0,0.0,0.0,0.0,1.0,1,1.0,1.0,1.0,1.0,1,0.0,1.0,1.0,1.0,1.0,1.0,0,0.0,2.0,1.0,0.0,0,0.0,1.0,0.0,0.0,0.0,0,0.0,2.0,2.0,1.0,1.0,0,1.0,0.0,0,0,0.0,0.0,1.0,0.0,1.0,2.0,0.0
0.0,0.0,0.0,0.0,0.0,1.0,0.0,1.0,1.0,1,1.0,1.0,1,0.0,0.0,1.0,1,1.0,0.0,0.0,0.0,0.0,0.0,1.0,0.0,1.0,0,1.0,1,0,0.0,0,0,0.0,0.0,0.0,2.0,1.0,1.0,1.0,1,1.0,1.0,0.0,0.0,1,0.0,0,0.0,0.0,0.0,0.0,0.0,1.0,0.0,1.0,1.0,1.0,1.0,0.0,2,2.0,2.0,2.0,2.0,2,1.0,2.0,2.0,2.0,1.0,0.0,0,0.0,0.0,1.0,0.0,0,0.0,1.0,0.0,0.0,0.0,1,1.0,0.0,0.0,1.0,2.0,0,0.0,0.0,0,1,1.0,1.0,0.0,1.0,0.0,0.0,1.0
2.0,1.0,0.0,1.0,1.0,0.0,2.0,1.0,1.0,1,1.0,1.0,1,0.0,0.0,0.0,0,1.0,0.0,0.0,0.0,0.0,0.0,0.0,0.0,1.0,0,0.0,0,0,1.0,0,0,1.0,0.0,0.0,0.0,1.0,1.0,1.0,1,1.0,1.0,1.0,0.0,0,1.0,0,0.0,0.0,0.0,0.0,0.0,0.0,0.0,2.0,2.0,2.0,2.0,1.0,2,2.0,2.0,2.0,1.0,1,0.0,1.0,1.0,1.0,2.0,1.0,0,0.0,0.0,1.0,0.0,0,0.0,0.0,0.0,0.0,0.0,0,0.0,1.0,0.0,1.0,2.0,0,0.0,0.0,0,0,0.0,0.0,0.0,1.0,0.0,0.0,1.0
0.0,1.0,1.0,0.0,0.0,0.0,1.0,1.0,1.0,1,1.0,1.0,1,0.0,0.0,0.0,0,1.0,0.0,0.0,0.0,0.0,0.0,0.0,1.0,0.0,1,1.0,1,1,1.0,0,0,1.0,1.0,1.0,1.0,1.0,0.0,1.0,0,0.0,1.0,1.0,0.0,0,0.0,1,1.0,1.0,1.0,1.0,1.0,0.0,1.0,1.0,1.0,1.0,1.0,2.0,2,2.0,2.0,2.0,2.0,2,1.0,1.0,1.0,1.0,1.0,1.0,1,1.0,1.0,1.0,0.0,0,0.0,0.0,0.0,0.0,0.0,0,0.0,2.0,2.0,2.0,0.0,0,0.0,0.0,0,1,1.0,1.0,0.0,0.0,0.0,1.0,0.0
1.0,0.0,1.0,1.0,1.0,0.0,0.0,0.0,0.0,0,0.0,0.0,0,0.0,0.0,0.0,0,1.0,0.0,0.0,0.0,0.0,0.0,0.0,0.0,1.0,0,0.0,0,0,2.0,0,0,1.0,0.0,0.0,1.0,2.0,2.0,2.0,2,2.0,2.0,0.0,1.0,2,0.0,0,0.0,0.0,0.0,0.0,0.0,0.0,0.0,0.0,0.0,0.0,0.0,1.0,1,1.0,1.0,1.0,0.0,0,0.0,0.0,0.0,0.0,1.0,0.0,0,0.0,0.0,1.0,0.0,0,0.0,0.0,0.0,0.0,0.0,0,0.0,1.0,1.0,0.0,0.0,0,0.0,0.0,0,0,0.0,0.0,0.0,1.0,1.0,1.0,0.0
0.0,0.0,0.0,1.0,1.0,0.0,2.0,0.0,0.0,0,0.0,0.0,0,0.0,0.0,1.0,1,1.0,0.0,1.0,1.0,1.0,1.0,1.0,0.0,1.0,0,0.0,0,0,0.0,0,0,2.0,1.0,1.0,1.0,0.0,1.0,1.0,1,1.0,1.0,1.0,0.0,0,2.0,0,0.0,0.0,0.0,0.0,0.0,0.0,1.0,0.0,0.0,0.0,0.0,0.0,1,1.0,1.0,1.0,0.0,0,0.0,1.0,1.0,1.0,2.0,0.0,0,0.0,0.0,0.0,0.0,0,0.0,1.0,1.0,1.0,0.0,1,1.0,0.0,0.0,2.0,0.0,1,1.0,0.0,0,2,2.0,2.0,1.0,0.0,0.0,0.0,0.0
0.0,1.0,0.0,1.0,0.0,1.0,0.0,0.0,0.0,0,0.0,0.0,0,1.0,0.0,1.0,1,0.0,1.0,1.0,1.0,1.0,1.0,1.0,0.0,1.0,1,1.0,1,1,0.0,0,0,2.0,1.0,1.0,0.0,1.0,1.0,1.0,1,1.0,1.0,0.0,0.0,1,1.0,0,0.0,0.0,0.0,0.0,0.0,0.0,1.0,1.0,1.0,0.0,1.0,0.0,0,0.0,0.0,0.0,0.0,0,1.0,0.0,0.0,0.0,0.0,1.0,0,0.0,0.0,0.0,0.0,0,0.0,0.0,0.0,0.0,1.0,1,1.0,0.0,0.0,1.0,1.0,1,0.0,0.0,0,0,0.0,0.0,0.0,0.0,1.0,1.0,1.0
1.0,1.0,0.0,0.0,1.0,0.0,0.0,1.0,1.0,1,1.0,1.0,1,0.0,0.0,1.0,1,1.0,0.0,0.0,0.0,0.0,0.0,1.0,1.0,0.0,0,0.0,0,0,2.0,0,0,1.0,0.0,0.0,2.0,1.0,2.0,2.0,2,2.0,2.0,1.0,0.0,2,0.0,0,0.0,0.0,0.0,0.0,0.0,1.0,0.0,2.0,1.0,2.0,1.0,0.0,1,1.0,1.0,1.0,2.0,2,1.0,0.0,0.0,0.0,1.0,0.0,1,1.0,1.0,0.0,1.0,1,0.0,2.0,1.0,1.0,0.0,0,0.0,1.0,1.0,1.0,0.0,1,1.0,0.0,0,0,0.0,0.0,0.0,0.0,1.0,1.0,0.0
2.0,0.0,0.0,0.0,1.0,1.0,1.0,0.0,0.0,0,0.0,0.0,0,0.0,0.0,0.0,0,1.0,1.0,0.0,0.0,0.0,0.0,1.0,1.0,0.0,1,1.0,1,1,0.0,0,0,2.0,1.0,1.0,2.0,1.0,1.0,1.0,1,1.0,1.0,0.0,0.0,1,1.0,0,0.0,0.0,0.0,0.0,0.0,2.0,0.0,1.0,1.0,1.0,1.0,0.0,0,0.0,0.0,0.0,1.0,1,1.0,1.0,1.0,1.0,1.0,1.0,1,1.0,1.0,1.0,1.0,1,0.0,1.0,0.0,0.0,0.0,0,0.0,2.0,2.0,2.0,1.0,0,1.0,1.0,1,1,1.0,1.0,1.0,1.0,0.0,0.0,1.0
2.0,0.0,1.0,2.0,1.0,1.0,1.0,1.0,1.0,1,1.0,1.0,1,0.0,0.0,0.0,0,0.0,0.0,1.0,1.0,1.0,1.0,2.0,0.0,1.0,0,0.0,0,0,0.0,0,0,1.0,0.0,0.0,0.0,2.0,0.0,0.0,0,0.0,0.0,1.0,1.0,0,1.0,0,0.0,0.0,0.0,0.0,0.0,0.0,2.0,0.0,0.0,0.0,0.0,1.0,0,0.0,,0.0,2.0,2,0.0,0.0,0.0,0.0,0.0,0.0,0,0.0,0.0,1.0,0.0,0,0.0,0.0,1.0,1.0,0.0,1,1.0,0.0,0.0,1.0,1.0,0,1.0,1.0,0,2,2.0,2.0,0.0,1.0,1.0,1.0,0.0
0.0,1.0,0.0,0.0,0.0,1.0,0.0,2.0,2.0,2,2.0,2.0,2,,0.0,1.0,1,2.0,0.0,0.0,0.0,0.0,0.0,1.0,0.0,1.0,0,0.0,0,0,1.0,0,0,0.0,0.0,0.0,0.0,2.0,2.0,2.0,2,2.0,2.0,0.0,0.0,0,1.0,0,0.0,0.0,0.0,0.0,0.0,1.0,0.0,0.0,0.0,0.0,0.0,1.0,1,1.0,1.0,1.0,0.0,0,0.0,0.0,0.0,0.0,2.0,0.0,1,1.0,1.0,1.0,0.0,0,0.0,1.0,0.0,0.0,0.0,0,1.0,1.0,1.0,2.0,1.0,1,0.0,0.0,0,1,1.0,1.0,0.0,0.0,0.0,0.0,0.0
1.0,0.0,0.0,1.0,2.0,,0.0,1.0,1.0,1,1.0,1.0,1,0.0,0.0,1.0,1,0.0,1.0,1.0,1.0,1.0,1.0,1.0,0.0,1.0,0,0.0,0,0,2.0,0,0,2.0,0.0,0.0,1.0,1.0,2.0,2.0,2,2.0,2.0,0.0,0.0,0,0.0,0,0.0,0.0,0.0,0.0,0.0,1.0,1.0,0.0,0.0,0.0,0.0,1.0,0,0.0,0.0,1.0,0.0,0,1.0,1.0,1.0,1.0,1.0,0.0,0,0.0,0.0,2.0,1.0,1,0.0,1.0,0.0,0.0,0.0,0,0.0,1.0,1.0,1.0,0.0,0,1.0,0.0,0,2,2.0,2.0,1.0,0.0,2.0,2.0,0.0
1.0,1.0,0.0,2.0,0.0,0.0,0.0,1.0,1.0,1,1.0,1.0,1,0.0,0.0,1.0,1,1.0,0.0,0.0,0.0,0.0,0.0,1.0,1.0,1.0,0,0.0,0,0,0.0,0,1,1.0,0.0,0.0,1.0,2.0,1.0,1.0,1,1.0,1.0,2.0,1.0,1,1.0,0,0.0,0.0,0.0,0.0,0.0,0.0,0.0,1.0,1.0,1.0,1.0,0.0,0,0.0,0.0,0.0,1.0,1,0.0,1.0,1.0,1.0,0.0,1.0,1,1.0,2.0,0.0,0.0,0,1.0,1.0,0.0,0.0,0.0,0,0.0,1.0,1.0,0.0,0.0,1,1.0,1.0,1,1,1.0,1.0,0.0,2.0,0.0,0.0,0.0
0.0,0.0,1.0,0.0,2.0,0.0,1.0,0.0,0.0,0,0.0,0.0,0,0.0,0.0,0.0,0,0.0,0.0,1.0,0.0,1.0,1.0,0.0,0.0,1.0,1,1.0,1,1,1.0,0,0,0.0,1.0,1.0,1.0,0.0,0.0,0.0,0,0.0,0.0,0.0,1.0,1,1.0,1,1.0,1.0,1.0,1.0,1.0,0.0,0.0,,0.0,1.0,0.0,0.0,0,0.0,0.0,0.0,1.0,1,0.0,0.0,0.0,0.0,1.0,,0,0.0,0.0,1.0,1.0,1,1.0,0.0,0.0,0.0,0.0,0,0.0,2.0,2.0,2.0,0.0,0,1.0,0.0,0,1,1.0,1.0,1.0,1.0,0.0,0.0,0.0
0.0,0.0,0.0,1.0,0.0,0.0,,0.0,0.0,0,0.0,0.0,0,0.0,0.0,0.0,0,1.0,0.0,0.0,0.0,0.0,0.0,1.0,0.0,1.0,0,0.0,0,0,0.0,0,0,0.0,0.0,0.0,2.0,1.0,1.0,1.0,1,1.0,1.0,0.0,0.0,1,0.0,0,0.0,0.0,0.0,0.0,0.0,0.0,0.0,0.0,0.0,0.0,0.0,0.0,2,2.0,2.0,2.0,0.0,0,0.0,0.0,0.0,0.0,0.0,0.0,1,1.0,1.0,1.0,0.0,0,0.0,1.0,0.0,0.0,0.0,0,0.0,1.0,1.0,0.0,0.0,1,1.0,0.0,0,1,1.0,1.0,0.0,1.0,0.0,0.0,1.0
1.0,0.0,0.0,0.0,2.0,,1.0,0.0,0.0,0,0.0,0.0,0,0.0,1.0,2.0,2,0.0,1.0,1.0,1.0,1.0,1.0,1.0,0.0,1.0,2,2.0,2,2,0.0,1,0,0.0,1.0,1.0,2.0,1.0,1.0,1.0,1,1.0,1.0,2.0,0.0,0,0.0,0,0.0,0.0,0.0,0.0,0.0,0.0,1.0,0.0,0.0,,0.0,2.0,0,0.0,0.0,1.0,1.0,0,1.0,2.0,2.0,2.0,0.0,0.0,0,0.0,0.0,1.0,0.0,0,0.0,1.0,0.0,0.0,0.0,0,0.0,2.0,2.0,1.0,1.0,0,2.0,0.0,0,0,0.0,0.0,1.0,2.0,1.0,1.0,1.0
1.0,0.0,0.0,0.0,0.0,1.0,0.0,1.0,1.0,1,1.0,1.0,1,0.0,0.0,1.0,1,2.0,0.0,0.0,0.0,0.0,0.0,2.0,1.0,2.0,0,0.0,0,0,0.0,0,0,1.0,0.0,0.0,1.0,2.0,1.0,1.0,1,1.0,1.0,0.0,0.0,1,1.0,0,0.0,0.0,0.0,0.0,0.0,1.0,2.0,0.0,0.0,0.0,0.0,0.0,1,1.0,1.0,1.0,0.0,0,0.0,0.0,0.0,0.0,0.0,0.0,0,0.0,0.0,0.0,0.0,0,1.0,0.0,0.0,0.0,0.0,0,0.0,0.0,0.0,0.0,1.0,0,0.0,0.0,0,0,0.0,0.0,0.0,1.0,0.0,,0.0
1.0,0.0,0.0,2.0,0.0,1.0,0.0,0.0,0.0,0,0.0,0.0,0,0.0,1.0,1.0,1,0.0,0.0,0.0,0.0,0.0,0.0,1.0,0.0,1.0,0,2.0,1,0,1.0,0,1,1.0,0.0,0.0,1.0,1.0,0.0,0.0,0,1.0,1.0,0.0,0.0,0,0.0,0,0.0,0.0,0.0,0.0,0.0,0.0,1.0,2.0,2.0,2.0,2.0,0.0,0,0.0,0.0,0.0,0.0,0,1.0,0.0,0.0,0.0,0.0,0.0,0,0.0,0.0,1.0,0.0,0,0.0,2.0,0.0,0.0,0.0,0,0.0,1.0,1.0,1.0,1.0,0,0.0,0.0,0,0,0.0,0.0,0.0,1.0,1.0,1.0,1.0
1.0,1.0,0.0,0.0,1.0,1.0,0.0,1.0,1.0,1,1.0,,1,0.0,0.0,1.0,1,2.0,0.0,0.0,0.0,0.0,0.0,2.0,1.0,0.0,1,1.0,1,1,0.0,0,0,0.0,0.0,0.0,0.0,1.0,1.0,1.0,1,1.0,1.0,1.0,1.0,2,0.0,0,0.0,0.0,0.0,0.0,0.0,0.0,0.0,0.0,0.0,0.0,0.0,1.0,0,0.0,0.0,0.0,1.0,1,1.0,0.0,0.0,0.0,0.0,1.0,0,0.0,0.0,1.0,2.0,2,0.0,0.0,0.0,0.0,0.0,0,0.0,1.0,1.0,0.0,,0,0.0,0.0,0,1,1.0,1.0,0.0,0.0,1.0,1.0,1.0
1.0,0.0,0.0,1.0,0.0,1.0,0.0,1.0,1.0,1,1.0,1.0,1,0.0,0.0,0.0,0,0.0,0.0,0.0,0.0,0.0,0.0,1.0,2.0,1.0,0,0.0,0,0,0.0,1,1,2.0,0.0,0.0,0.0,1.0,1.0,1.0,1,1.0,1.0,1.0,1.0,1,1.0,1,1.0,1.0,1.0,1.0,1.0,1.0,1.0,0.0,0.0,0.0,0.0,1.0,2,2.0,2.0,2.0,0.0,0,0.0,0.0,0.0,0.0,0.0,1.0,0,0.0,0.0,0.0,0.0,0,0.0,0.0,0.0,0.0,0.0,0,0.0,1.0,1.0,,1.0,1,0.0,0.0,0,1,1.0,1.0,0.0,1.0,2.0,2.0,0.0
1.0,0.0,0.0,1.0,0.0,1.0,0.0,0.0,0.0,0,0.0,0.0,0,0.0,0.0,0.0,0,2.0,1.0,1.0,1.0,1.0,1.0,2.0,0.0,2.0,1,1.0,1,1,2.0,0,0,2.0,0.0,0.0,1.0,1.0,0.0,0.0,0,0.0,0.0,0.0,1.0,1,0.0,0,0.0,0.0,0.0,0.0,0.0,1.0,2.0,1.0,1.0,1.0,1.0,0.0,1,1.0,1.0,1.0,0.0,0,2.0,0.0,0.0,0.0,0.0,1.0,0,0.0,0.0,1.0,0.0,0,0.0,0.0,2.0,2.0,0.0,0,0.0,1.0,1.0,0.0,0.0,0,2.0,0.0,0,1,1.0,1.0,1.0,1.0,0.0,0.0,0.0
0.0,0.0,0.0,0.0,1.0,1.0,1.0,1.0,1.0,1,1.0,1.0,1,0.0,0.0,0.0,0,0.0,1.0,1.0,1.0,1.0,1.0,0.0,0.0,1.0,1,1.0,1,1,1.0,0,0,1.0,0.0,0.0,1.0,,0.0,0.0,0,0.0,0.0,0.0,0.0,1,1.0,0,0.0,0.0,0.0,0.0,0.0,0.0,1.0,1.0,0.0,1.0,0.0,0.0,1,1.0,1.0,1.0,2.0,1,2.0,,2.0,2.0,1.0,1.0,0,0.0,0.0,0.0,0.0,0,0.0,0.0,1.0,1.0,0.0,0,0.0,1.0,1.0,0.0,1.0,1,1.0,0.0,0,1,1.0,1.0,0.0,0.0,1.0,1.0,1.0
1.0,0.0,1.0,1.0,1.0,1.0,0.0,1.0,1.0,1,1.0,1.0,1,0.0,0.0,1.0,1,0.0,0.0,0.0,0.0,0.0,0.0,1.0,0.0,1.0,0,0.0,0,0,0.0,0,0,1.0,0.0,0.0,2.0,2.0,1.0,1.0,1,1.0,1.0,2.0,0.0,0,2.0,0,0.0,0.0,0.0,0.0,0.0,1.0,0.0,1.0,1.0,1.0,1.0,0.0,1,1.0,1.0,1.0,1.0,1,0.0,0.0,0.0,0.0,0.0,1.0,1,1.0,1.0,1.0,0.0,0,0.0,1.0,0.0,0.0,0.0,0,0.0,2.0,2.0,2.0,0.0,0,1.0,0.0,0,1,1.0,1.0,,2.0,0.0,0.0,0.0
2.0,0.0,0.0,1.0,2.0,1.0,1.0,1.0,1.0,1,1.0,1.0,1,0.0,1.0,0.0,0,0.0,0.0,0.0,0.0,0.0,0.0,0.0,1.0,1.0,0,0.0,0,0,0.0,0,0,1.0,1.0,1.0,0.0,0.0,1.0,1.0,1,2.0,,0.0,0.0,0,,0,0.0,0.0,0.0,0.0,0.0,0.0,0.0,1.0,0.0,,0.0,0.0,1,1.0,1.0,1.0,2.0,1,1.0,0.0,0.0,0.0,0.0,0.0,0,0.0,0.0,0.0,0.0,0,0.0,0.0,0.0,0.0,0.0,0,0.0,1.0,1.0,1.0,2.0,0,1.0,0.0,0,1,1.0,1.0,0.0,1.0,1.0,1.0,1.0
1.0,0.0,0.0,1.0,0.0,0.0,1.0,0.0,0.0,0,0.0,0.0,0,0.0,0.0,0.0,0,0.0,0.0,0.0,0.0,0.0,0.0,1.0,0.0,0.0,0,0.0,0,0,0.0,1,0,1.0,0.0,0.0,0.0,0.0,1.0,1.0,1,1.0,1.0,1.0,0.0,1,1.0,1,1.0,1.0,1.0,1.0,1.0,1.0,1.0,0.0,0.0,0.0,0.0,0.0,2,2.0,2.0,2.0,1.0,1,2.0,2.0,2.0,2.0,0.0,0.0,1,1.0,1.0,0.0,0.0,0,0.0,1.0,0.0,0.0,1.0,1,1.0,2.0,2.0,1.0,1.0,0,0.0,0.0,0,1,1.0,1.0,0.0,,0.0,0.0,1.0
0.0,0.0,0.0,0.0,0.0,1.0,0.0,0.0,0.0,0,0.0,0.0,0,0.0,0.0,0.0,0,2.0,0.0,0.0,0.0,0.0,0.0,2.0,0.0,1.0,0,1.0,1,0,1.0,1,0,1.0,0.0,0.0,2.0,0.0,0.0,0.0,0,0.0,0.0,1.0,0.0,0,2.0,1,1.0,1.0,1.0,1.0,1.0,1.0,0.0,0.0,0.0,,0.0,1.0,1,1.0,1.0,1.0,1.0,1,2.0,1.0,1.0,1.0,1.0,1.0,0,0.0,0.0,1.0,0.0,0,0.0,1.0,0.0,0.0,0.0,0,0.0,0.0,0.0,1.0,0.0,0,0.0,0.0,0,1,1.0,1.0,0.0,1.0,1.0,1.0,0.0
1.0,0.0,0.0,2.0,0.0,1.0,0.0,1.0,1.0,1,1.0,1.0,1,0.0,0.0,0.0,0,2.0,0.0,0.0,0.0,0.0,0.0,2.0,1.0,0.0,1,1.0,1,1,0.0,0,0,0.0,0.0,0.0,1.0,1.0,0.0,0.0,0,0.0,0.0,0.0,,0,1.0,0,0.0,0.0,0.0,0.0,0.0,1.0,1.0,0.0,0.0,0.0,0.0,1.0,0,0.0,,0.0,1.0,1,0.0,0.0,0.0,0.0,0.0,1.0,1,1.0,1.0,1.0,0.0,0,0.0,1.0,1.0,1.0,0.0,0,0.0,2.0,1.0,0.0,0.0,0,1.0,0.0,0,0,0.0,0.0,0.0,0.0,1.0,1.0,0.0
1.0,1.0,0.0,1.0,0.0,2.0,2.0,0.0,0.0,0,0.0,0.0,0,0.0,0.0,0.0,0,2.0,0.0,0.0,0.0,,0.0,1.0,1.0,1.0,1,1.0,1,1,0.0,0,0,0.0,0.0,0.0,1.0,0.0,0.0,0.0,0,0.0,0.0,0.0,0.0,1,0.0,0,0.0,0.0,0.0,0.0,0.0,0.0,1.0,0.0,0.0,0.0,0.0,1.0,2,2.0,2.0,2.0,2.0,2,1.0,0.0,0.0,0.0,0.0,1.0,0,0.0,0.0,0.0,0.0,0,0.0,2.0,0.0,0.0,0.0,0,0.0,0.0,0.0,1.0,0.0,0,0.0,0.0,0,0,0.0,0.0,1.0,1.0,0.0,1.0,0.0
1.0,2.0,1.0,1.0,1.0,0.0,0.0,0.0,0.0,0,0.0,0.0,0,0.0,0.0,0.0,0,2.0,0.0,0.0,0.0,0.0,0.0,1.0,1.0,0.0,0,0.0,0,0,0.0,0,0,0.0,0.0,0.0,2.0,1.0,1.0,1.0,1,1.0,1.0,0.0,1.0,1,1.0,1,1.0,1.0,1.0,1.0,1.0,0.0,0.0,1.0,0.0,1.0,0.0,0.0,1,1.0,1.0,1.0,1.0,0,2.0,0.0,0.0,0.0,0.0,0.0,0,0.0,0.0,2.0,1.0,1,1.0,0.0,0.0,0.0,0.0,0,0.0,2.0,2.0,2.0,0.0,0,1.0,0.0,0,1,1.0,1.0,0.0,0.0,0.0,0.0,0.0
0.0,1.0,0.0,1.0,1.0,,0.0,1.0,1.0,1,1.0,1.0,1,1.0,0.0,0.0,0,1.0,1.0,0.0,0.0,0.0,0.0,0.0,2.0,2.0,1,1.0,1,1,0.0,0,0,2.0,0.0,0.0,1.0,1.0,1.0,1.0,1,1.0,1.0,1.0,0.0,1,1.0,1,1.0,1.0,1.0,1.0,1.0,1.0,1.0,1.0,1.0,1.0,1.0,0.0,0,0.0,0.0,0.0,0.0,0,1.0,0.0,0.0,0.0,1.0,1.0,0,0.0,0.0,2.0,1.0,1,0.0,0.0,0.0,0.0,0.0,0,0.0,2.0,2.0,0.0,0.0,1,0.0,1.0,1,1,1.0,1.0,0.0,0.0,1.0,1.0,0.0
1.0,0.0,0.0,0.0,0.0,2.0,1.0,0.0,0.0,0,0.0,0.0,0,1.0,0.0,0.0,0,2.0,0.0,0.0,0.0,0.0,0.0,2.0,0.0,1.0,0,0.0,0,0,0.0,0,1,2.0,1.0,1.0,1.0,1.0,0.0,0.0,0,0.0,0.0,2.0,1.0,1,0.0,0,0.0,0.0,0.0,0.0,0.0,0.0,0.0,1.0,1.0,1.0,1.0,1.0,1,1.0,1.0,1.0,1.0,1,1.0,1.0,1.0,1.0,1.0,1.0,0,0.0,0.0,0.0,2.0,2,1.0,0.0,0.0,0.0,0.0,0,0.0,1.0,1.0,1.0,1.0,0,1.0,0.0,0,0,0.0,0.0,2.0,1.0,0.0,0.0,0.0
1.0,0.0,1.0,1.0,2.0,0.0,2.0,0.0,0.0,0,0.0,0.0,0,0.0,0.0,1.0,1,2.0,0.0,0.0,0.0,0.0,0.0,0.0,0.0,0.0,0,1.0,1,0,,0,0,1.0,1.0,1.0,2.0,1.0,1.0,1.0,1,1.0,1.0,0.0,1.0,1,0.0,0,0.0,0.0,0.0,0.0,0.0,0.0,2.0,2.0,2.0,2.0,2.0,0.0,1,1.0,1.0,1.0,0.0,0,0.0,1.0,1.0,1.0,1.0,0.0,0,0.0,1.0,0.0,0.0,0,1.0,1.0,0.0,0.0,1.0,1,1.0,1.0,1.0,0.0,1.0,0,1.0,0.0,0,0,0.0,0.0,0.0,1.0,0.0,0.0,1.0
0.0,0.0,0.0,1.0,1.0,1.0,1.0,0.0,,0,0.0,0.0,0,0.0,0.0,1.0,1,0.0,0.0,0.0,0.0,0.0,0.0,1.0,2.0,1.0,0,0.0,0,0,0.0,0,0,1.0,0.0,0.0,2.0,1.0,1.0,1.0,1,1.0,1.0,0.0,0.0,1,0.0,1,1.0,1.0,1.0,1.0,1.0,1.0,1.0,1.0,1.0,1.0,1.0,1.0,1,1.0,1.0,1.0,2.0,1,2.0,0.0,0.0,0.0,0.0,0.0,0,0.0,0.0,1.0,2.0,2,0.0,1.0,0.0,0.0,1.0,1,1.0,2.0,2.0,1.0,1.0,0,0.0,0.0,0,0,0.0,0.0,0.0,0.0,0.0,,0.0
0.0,0.0,0.0,0.0,1.0,0.0,1.0,1.0,1.0,1,1.0,1.0,1,0.0,0.0,0.0,0,1.0,1.0,0.0,0.0,0.0,0.0,0.0,0.0,0.0,1,1.0,1,1,0.0,1,0,1.0,0.0,0.0,1.0,1.0,1.0,1.0,1,1.0,1.0,1.0,0.0,0,1.0,0,0.0,0.0,0.0,0.0,0.0,0.0,0.0,0.0,0.0,1.0,0.0,0.0,1,1.0,1.0,1.0,2.0,2,1.0,1.0,1.0,2.0,2.0,1.0,0,0.0,1.0,2.0,0.0,0,0.0,1.0,0.0,0.0,0.0,0,0.0,0.0,0.0,0.0,1.0,0,0.0,0.0,0,1,1.0,1.0,0.0,2.0,0.0,0.0,1.0
1.0,1.0,0.0,1.0,0.0,2.0,1.0,0.0,0.0,0,0.0,0.0,0,0.0,0.0,0.0,0,1.0,0.0,0.0,0.0,0.0,0.0,0.0,1.0,1.0,0,0.0,0,0,0.0,0,0,1.0,1.0,1.0,0.0,1.0,1.0,1.0,1,1.0,1.0,1.0,2.0,1,0.0,0,0.0,0.0,0.0,0.0,0.0,0.0,0.0,0.0,0.0,0.0,0.0,1.0,0,0.0,0.0,0.0,0.0,0,1.0,0.0,0.0,1.0,0.0,0.0,0,0.0,0.0,1.0,1.0,1,0.0,1.0,0.0,0.0,1.0,1,1.0,2.0,2.0,1.0,0.0,0,0.0,0.0,0,1,1.0,1.0,1.0,0.0,1.0,1.0,0.0
1.0,0.0,1.0,0.0,0.0,1.0,0.0,1.0,1.0,1,1.0,1.0,1,0.0,0.0,1.0,1,1.0,0.0,0.0,0.0,0.0,0.0,1.0,1.0,1.0,0,0.0,0,0,1.0,0,0,0.0,0.0,0.0,0.0,1.0,1.0,1.0,1,1.0,1.0,0.0,0.0,0,2.0,0,0.0,0.0,0.0,0.0,0.0,0.0,1.0,0.0,0.0,0.0,0.0,0.0,1,1.0,1.0,1.0,2.0,2,0.0,0.0,0.0,0.0,0.0,2.0,0,0.0,0.0,0.0,0.0,0,0.0,1.0,1.0,1.0,0.0,0,0.0,1.0,0.0,1.0,1.0,0,1.0,0.0,0,1,1.0,2.0,0.0,1.0,0.0,0.0,0.0
1.0,0.0,0.0,0.0,1.0,1.0,0.0,1.0,1.0,1,1.0,1.0,1,0.0,0.0,1.0,1,2.0,1.0,1.0,1.0,1.0,1.0,0.0,1.0,1.0,0,0.0,0,0,0.0,1,0,1.0,0.0,0.0,0.0,1.0,1.0,1.0,1,1.0,1.0,1.0,1.0,1,1.0,1,1.0,1.0,1.0,1.0,1.0,1.0,0.0,1.0,1.0,1.0,1.0,1.0,1,1.0,1.0,1.0,0.0,0,0.0,2.0,2.0,2.0,2.0,1.0,0,0.0,0.0,1.0,1.0,1,0.0,0.0,0.0,0.0,0.0,0,0.0,2.0,2.0,0.0,2.0,1,1.0,0.0,0,0,0.0,0.0,0.0,0.0,2.0,2.0,1.0
0.0,0.0,0.0,1.0,1.0,0.0,0.0,1.0,1.0,1,1.0,1.0,1,0.0,0.0,0.0,0,1.0,1.0,1.0,1.0,1.0,1.0,0.0,1.0,0.0,1,1.0,1,1,0.0,1,0,0.0,0.0,0.0,0.0,2.0,1.0,1.0,1,1.0,1.0,1.0,0.0,0,0.0,0,0.0,0.0,0.0,0.0,0.0,0.0,0.0,1.0,1.0,1.0,1.0,0.0,1,1.0,1.0,1.0,1.0,1,2.0,0.0,0.0,0.0,1.0,0.0,0,0.0,0.0,2.0,0.0,0,0.0,0.0,0.0,0.0,0.0,0,0.0,1.0,1.0,1.0,0.0,0,0.0,0.0,0,0,0.0,0.0,0.0,1.0,1.0,1.0,1.0
2.0,0.0,0.0,0.0,1.0,0.0,2.0,1.0,1.0,1,1.0,1.0,1,2.0,0.0,0.0,0,1.0,0.0,0.0,0.0,0.0,0.0,0.0,1.0,0.0,1,1.0,1,1,1.0,1,0,1.0,2.0,2.0,0.0,1.0,2.0,2.0,2,2.0,2.0,1.0,0.0,0,1.0,0,0.0,0.0,0.0,0.0,0.0,0.0,0.0,0.0,0.0,0.0,0.0,0.0,2,2.0,2.0,2.0,1.0,1,1.0,1.0,1.0,1.0,0.0,0.0,1,1.0,1.0,2.0,1.0,1,0.0,0.0,0.0,0.0,0.0,0,0.0,0.0,0.0,2.0,0.0,2,0.0,0.0,0,1,1.0,1.0,0.0,0.0,0.0,0.0,1.0
2.0,1.0,0.0,0.0,0.0,0.0,0.0,0.0,0.0,0,0.0,0.0,0,0.0,0.0,0.0,0,2.0,2.0,1.0,1.0,1.0,1.0,1.0,0.0,0.0,2,2.0,2,2,1.0,1,0,0.0,0.0,0.0,1.0,0.0,1.0,1.0,1,1.0,1.0,1.0,0.0,1,1.0,0,0.0,0.0,0.0,0.0,0.0,0.0,0.0,1.0,0.0,1.0,0.0,0.0,0,0.0,0.0,0.0,1.0,0,0.0,1.0,1.0,1.0,1.0,1.0,0,0.0,0.0,1.0,1.0,1,0.0,2.0,0.0,0.0,0.0,0,0.0,0.0,0.0,1.0,0.0,0,2.0,0.0,0,0,0.0,0.0,1.0,0.0,0.0,0.0,0.0
0.0,0.0,1.0,1.0,1.0,1.0,0.0,1.0,1.0,1,1.0,1.0,1,0.0,0.0,0.0,0,1.0,1.0,2.0,2.0,2.0,2.0,1.0,0.0,0.0,0,0.0,0,0,0.0,0,0,2.0,0.0,0.0,1.0,0.0,0.0,0.0,0,0.0,0.0,0.0,1.0,0,1.0,0,0.0,0.0,0.0,0.0,0.0,2.0,1.0,0.0,0.0,0.0,0.0,1.0,0,0.0,0.0,0.0,1.0,1,0.0,0.0,0.0,0.0,1.0,1.0,0,0.0,0.0,1.0,0.0,0,0.0,1.0,0.0,0.0,0.0,0,0.0,1.0,1.0,0.0,0.0,0,0.0,0.0,0,0,0.0,0.0,1.0,0.0,1.0,1.0,0.0
0.0,0.0,0.0,2.0,0.0,1.0,1.0,2.0,2.0,2,1.0,2.0,2,0.0,1.0,2.0,1,0.0,0.0,0.0,0.0,0.0,0.0,1.0,2.0,2.0,0,0.0,0,0,0.0,0,0,1.0,0.0,0.0,2.0,2.0,1.0,1.0,1,1.0,1.0,1.0,0.0,0,1.0,1,1.0,1.0,1.0,1.0,1.0,1.0,0.0,1.0,1.0,1.0,1.0,0.0,1,1.0,1.0,1.0,0.0,0,0.0,2.0,2.0,2.0,1.0,0.0,0,0.0,1.0,0.0,1.0,1,0.0,1.0,0.0,0.0,0.0,0,0.0,0.0,0.0,1.0,1.0,0,0.0,0.0,0,0,0.0,0.0,1.0,1.0,0.0,0.0,0.0
0.0,0.0,0.0,1.0,0.0,2.0,1.0,1.0,1.0,1,1.0,1.0,1,0.0,0.0,1.0,1,1.0,0.0,0.0,0.0,0.0,0.0,0.0,2.0,1.0,0,0.0,0,0,2.0,1,0,0.0,0.0,0.0,1.0,0.0,0.0,0.0,0,0.0,0.0,1.0,,1,1.0,0,0.0,0.0,0.0,0.0,0.0,0.0,0.0,0.0,0.0,0.0,0.0,0.0,1,1.0,1.0,1.0,1.0,1,1.0,1.0,1.0,1.0,1.0,1.0,0,0.0,0.0,1.0,0.0,0,1.0,2.0,0.0,0.0,1.0,1,1.0,0.0,0.0,1.0,0.0,0,0.0,0.0,0,1,1.0,1.0,1.0,1.0,0.0,0.0,0.0
1.0,1.0,1.0,0.0,0.0,1.0,0.0,1.0,1.0,1,1.0,1.0,1,0.0,0.0,1.0,1,0.0,0.0,0.0,0.0,0.0,0.0,0.0,1.0,0.0,0,0.0,0,0,1.0,0,0,1.0,0.0,0.0,1.0,1.0,2.0,2.0,2,2.0,2.0,1.0,0.0,0,0.0,1,1.0,1.0,1.0,1.0,1.0,1.0,0.0,0.0,0.0,0.0,0.0,1.0,1,1.0,1.0,1.0,1.0,1,1.0,1.0,1.0,1.0,0.0,1.0,0,0.0,0.0,1.0,1.0,1,0.0,1.0,0.0,0.0,0.0,0,0.0,1.0,1.0,0.0,2.0,0,0.0,0.0,0,1,1.0,1.0,0.0,1.0,1.0,1.0,0.0
2.0,0.0,0.0,1.0,1.0,1.0,1.0,1.0,1.0,1,1.0,1.0,1,0.0,0.0,0.0,0,1.0,0.0,0.0,0.0,0.0,0.0,1.0,1.0,0.0,1,1.0,1,1,1.0,0,0,1.0,0.0,0.0,2.0,2.0,1.0,1.0,1,1.0,1.0,1.0,0.0,1,1.0,0,0.0,0.0,0.0,0.0,0.0,0.0,2.0,0.0,0.0,0.0,0.0,1.0,0,0.0,0.0,0.0,1.0,1,0.0,0.0,0.0,0.0,0.0,0.0,0,0.0,0.0,1.0,0.0,0,0.0,0.0,0.0,0.0,0.0,0,0.0,0.0,1.0,2.0,1.0,0,2.0,1.0,1,2,2.0,2.0,1.0,0.0,1.0,1.0,0.0
1.0,0.0,0.0,1.0,0.0,2.0,0.0,0.0,0.0,0,0.0,0.0,0,0.0,1.0,0.0,0,1.0,0.0,0.0,0.0,0.0,0.0,1.0,1.0,2.0,1,1.0,1,1,0.0,1,0,0.0,0.0,0.0,0.0,1.0,0.0,0.0,0,0.0,0.0,0.0,1.0,0,0.0,0,0.0,0.0,0.0,0.0,0.0,2.0,1.0,0.0,0.0,1.0,0.0,0.0,1,1.0,1.0,1.0,1.0,1,0.0,1.0,1.0,1.0,0.0,0.0,0,0.0,0.0,2.0,1.0,1,2.0,0.0,1.0,1.0,0.0,0,0.0,1.0,1.0,2.0,0.0,1,0.0,0.0,0,1,1.0,1.0,0.0,1.0,1.0,1.0,0.0
1.0,0.0,0.0,0.0,0.0,0.0,0.0,1.0,1.0,1,1.0,1.0,1,2.0,0.0,0.0,0,1.0,0.0,0.0,0.0,0.0,0.0,1.0,1.0,1.0,0,0.0,0,0,0.0,1,0,1.0,0.0,0.0,1.0,0.0,1.0,1.0,1,1.0,1.0,1.0,1.0,0,0.0,0,0.0,0.0,0.0,0.0,0.0,0.0,0.0,0.0,0.0,0.0,0.0,1.0,2,2.0,2.0,2.0,1.0,1,0.0,1.0,1.0,1.0,2.0,1.0,0,0.0,1.0,1.0,0.0,0,0.0,1.0,0.0,0.0,0.0,0,0.0,1.0,1.0,1.0,1.0,0,0.0,0.0,0,0,0.0,0.0,1.0,0.0,0.0,,0.0
1.0,0.0,0.0,0.0,1.0,,1.0,1.0,1.0,1,1.0,1.0,1,0.0,0.0,0.0,0,0.0,2.0,2.0,2.0,2.0,2.0,1.0,2.0,1.0,0,0.0,0,0,1.0,0,0,2.0,0.0,0.0,1.0,2.0,0.0,0.0,0,0.0,0.0,0.0,0.0,0,1.0,0,0.0,0.0,0.0,0.0,0.0,1.0,0.0,1.0,1.0,1.0,1.0,1.0,2,2.0,2.0,2.0,1.0,1,1.0,1.0,1.0,1.0,0.0,0.0,1,1.0,1.0,0.0,0.0,0,0.0,0.0,0.0,0.0,0.0,0,0.0,1.0,1.0,1.0,0.0,1,1.0,0.0,0,1,1.0,1.0,0.0,1.0,0.0,0.0,0.0
1.0,0.0,2.0,0.0,1.0,1.0,1.0,2.0,2.0,2,2.0,2.0,2,0.0,0.0,0.0,0,2.0,1.0,1.0,1.0,1.0,1.0,0.0,0.0,2.0,1,1.0,1,1,1.0,0,0,2.0,1.0,1.0,1.0,1.0,1.0,1.0,1,1.0,1.0,0.0,0.0,0,1.0,1,,,1.0,1.0,1.0,2.0,2.0,1.0,1.0,1.0,1.0,1.0,1,1.0,1.0,1.0,0.0,0,0.0,1.0,1.0,1.0,2.0,1.0,0,0.0,1.0,0.0,1.0,1,1.0,0.0,0.0,0.0,0.0,0,0.0,1.0,1.0,2.0,1.0,0,1.0,0.0,0,1,1.0,1.0,1.0,0.0,1.0,1.0,0.0
1.0,1.0,0.0,1.0,0.0,1.0,0.0,1.0,1.0,1,1.0,1.0,1,0.0,0.0,0.0,0,1.0,0.0,1.0,1.0,1.0,1.0,2.0,0.0,0.0,1,1.0,1,1,0.0,0,0,1.0,0.0,0.0,2.0,1.0,0.0,0.0,0,0.0,0.0,1.0,1.0,1,0.0,1,1.0,1.0,1.0,1.0,1.0,0.0,0.0,0.0,0.0,0.0,0.0,0.0,2,2.0,2.0,2.0,0.0,0,1.0,1.0,1.0,1.0,0.0,0.0,0,0.0,0.0,0.0,0.0,0,1.0,0.0,1.0,1.0,0.0,0,0.0,2.0,2.0,2.0,0.0,0,0.0,0.0,0,1,1.0,1.0,0.0,0.0,0.0,0.0,0.0
2.0,1.0,0.0,0.0,0.0,2.0,1.0,0.0,0.0,0,0.0,0.0,0,0.0,0.0,1.0,1,2.0,1.0,0.0,0.0,0.0,0.0,0.0,1.0,1.0,0,1.0,1,0,1.0,1,0,2.0,2.0,2.0,,1.0,2.0,2.0,2,2.0,2.0,1.0,0.0,1,0.0,0,0.0,0.0,0.0,0.0,0.0,0.0,1.0,0.0,0.0,0.0,0.0,0.0,2,2.0,2.0,2.0,0.0,0,0.0,0.0,0.0,0.0,0.0,0.0,1,1.0,1.0,0.0,0.0,0,0.0,1.0,0.0,0.0,0.0,0,0.0,1.0,1.0,0.0,0.0,0,1.0,0.0,0,0,0.0,0.0,0.0,2.0,1.0,2.0,1.0
2.0,0.0,1.0,1.0,0.0,0.0,0.0,0.0,0.0,0,0.0,0.0,0,2.0,1.0,1.0,1,0.0,0.0,0.0,0.0,0.0,0.0,1.0,1.0,1.0,0,0.0,0,0,2.0,0,0,0.0,0.0,0.0,1.0,1.0,1.0,1.0,1,1.0,1.0,0.0,1.0,1,0.0,0,0.0,0.0,1.0,1.0,1.0,0.0,1.0,0.0,0.0,0.0,0.0,0.0,1,1.0,1.0,1.0,2.0,2,0.0,1.0,0.0,0.0,1.0,0.0,0,0.0,0.0,0.0,1.0,1,0.0,0.0,0.0,0.0,1.0,1,1.0,2.0,2.0,1.0,1.0,0,0.0,0.0,0,0,0.0,0.0,0.0,1.0,1.0,1.0,1.0
1.0,1.0,1.0,0.0,1.0,1.0,0.0,1.0,1.0,1,1.0,1.0,1,0.0,1.0,0.0,0,0.0,0.0,0.0,0.0,0.0,0.0,1.0,0.0,1.0,1,1.0,1,1,0.0,0,0,1.0,0.0,0.0,1.0,2.0,0.0,0.0,0,0.0,0.0,0.0,0.0,0,0.0,0,0.0,0.0,0.0,0.0,0.0,0.0,0.0,1.0,0.0,1.0,0.0,2.0,1,1.0,1.0,1.0,0.0,0,0.0,1.0,1.0,1.0,0.0,0.0,0,0.0,0.0,2.0,0.0,0,1.0,2.0,0.0,0.0,1.0,1,1.0,1.0,1.0,,1.0,0,0.0,1.0,1,1,1.0,1.0,1.0,1.0,1.0,1.0,0.0
0.0,0.0,1.0,1.0,0.0,1.0,0.0,0.0,0.0,0,0.0,0.0,0,0.0,0.0,1.0,1,1.0,0.0,0.0,0.0,0.0,0.0,1.0,0.0,0.0,0,0.0,0,0,1.0,0,0,0.0,0.0,0.0,1.0,2.0,1.0,1.0,1,1.0,1.0,0.0,1.0,0,2.0,0,1.0,1.0,1.0,1.0,1.0,1.0,1.0,2.0,2.0,2.0,2.0,0.0,2,2.0,2.0,2.0,1.0,1,0.0,0.0,0.0,,2.0,0.0,0,0.0,1.0,1.0,0.0,0,0.0,1.0,0.0,0.0,0.0,0,0.0,1.0,1.0,2.0,0.0,0,0.0,0.0,0,0,0.0,0.0,0.0,0.0,1.0,2.0,1.0
1.0,0.0,0.0,1.0,0.0,0.0,0.0,0.0,0.0,0,0.0,0.0,0,0.0,0.0,0.0,0,1.0,1.0,1.0,1.0,1.0,1.0,1.0,0.0,0.0,0,0.0,0,0,1.0,0,0,1.0,0.0,0.0,1.0,0.0,0.0,0.0,0,0.0,0.0,1.0,0.0,0,2.0,0,0.0,0.0,0.0,0.0,0.0,0.0,0.0,2.0,1.0,,1.0,1.0,1,1.0,1.0,1.0,0.0,0,0.0,0.0,,0.0,0.0,0.0,0,0.0,0.0,1.0,1.0,1,0.0,0.0,1.0,1.0,0.0,0,0.0,1.0,1.0,1.0,1.0,0,0.0,0.0,0,0,0.0,0.0,1.0,0.0,1.0,1.0,0.0
0.0,1.0,0.0,2.0,0.0,2.0,0.0,0.0,0.0,0,0.0,0.0,0,1.0,0.0,0.0,0,0.0,0.0,0.0,0.0,0.0,0.0,1.0,0.0,1.0,1,1.0,1,1,1.0,0,0,1.0,1.0,1.0,1.0,1.0,0.0,0.0,0,0.0,0.0,0.0,0.0,1,1.0,0,0.0,0.0,0.0,0.0,0.0,1.0,1.0,0.0,0.0,0.0,0.0,1.0,1,1.0,1.0,1.0,0.0,0,2.0,1.0,1.0,1.0,1.0,0.0,1,1.0,1.0,1.0,0.0,0,0.0,1.0,0.0,0.0,0.0,0,0.0,0.0,0.0,1.0,0.0,1,1.0,0.0,0,1,1.0,1.0,0.0,1.0,1.0,1.0,1.0
0.0,0.0,1.0,1.0,0.0,2.0,2.0,1.0,1.0,1,1.0,,1,0.0,0.0,1.0,1,1.0,0.0,0.0,0.0,0.0,0.0,0.0,1.0,0.0,0,0.0,0,0,0.0,0,0,2.0,0.0,0.0,0.0,1.0,1.0,1.0,1,1.0,1.0,0.0,0.0,1,1.0,0,0.0,0.0,0.0,0.0,0.0,1.0,2.0,0.0,0.0,0.0,0.0,0.0,1,1.0,1.0,1.0,0.0,0,0.0,1.0,1.0,1.0,0.0,1.0,0,0.0,0.0,1.0,1.0,0,0.0,1.0,0.0,0.0,0.0,0,0.0,1.0,1.0,2.0,1.0,0,0.0,0.0,0,0,0.0,0.0,,0.0,0.0,0.0,1.0
2.0,0.0,0.0,0.0,0.0,1.0,0.0,1.0,1.0,1,1.0,1.0,1,0.0,0.0,1.0,1,0.0,1.0,1.0,1.0,1.0,1.0,0.0,1.0,0.0,1,2.0,2,1,2.0,0,0,2.0,0.0,0.0,1.0,2.0,2.0,2.0,2,2.0,2.0,0.0,0.0,0,2.0,0,0.0,0.0,0.0,0.0,0.0,1.0,0.0,1.0,1.0,1.0,1.0,1.0,1,1.0,1.0,1.0,1.0,1,0.0,1.0,1.0,1.0,2.0,0.0,1,1.0,1.0,0.0,0.0,0,0.0,1.0,0.0,0.0,0.0,0,0.0,0.0,0.0,1.0,0.0,1,0.0,0.0,0,1,1.0,1.0,0.0,1.0,2.0,2.0,1.0
2.0,0.0,0.0,1.0,0.0,1.0,1.0,0.0,0.0,0,0.0,0.0,0,0.0,0.0,0.0,0,2.0,0.0,0.0,0.0,0.0,0.0,1.0,1.0,0.0,0,0.0,0,0,0.0,0,0,1.0,0.0,0.0,2.0,1.0,1.0,1.0,1,1.0,1.0,0.0,0.0,1,1.0,0,0.0,0.0,0.0,0.0,0.0,2.0,0.0,1.0,0.0,1.0,0.0,0.0,0,0.0,0.0,0.0,2.0,2,1.0,1.0,1.0,1.0,1.0,2.0,0,0.0,0.0,0.0,1.0,1,1.0,0.0,0.0,0.0,0.0,0,0.0,0.0,1.0,1.0,0.0,0,2.0,0.0,0,0,0.0,0.0,1.0,0.0,0.0,0.0,0.0
2.0,0.0,1.0,0.0,0.0,1.0,0.0,1.0,1.0,1,1.0,,1,0.0,0.0,0.0,0,0.0,0.0,0.0,0.0,0.0,0.0,1.0,1.0,1.0,1,1.0,1,1,0.0,0,0,1.0,1.0,1.0,1.0,1.0,1.0,1.0,1,1.0,1.0,1.0,0.0,0,1.0,1,1.0,1.0,1.0,1.0,1.0,0.0,0.0,0.0,0.0,0.0,0.0,0.0,1,1.0,1.0,1.0,1.0,0,1.0,1.0,0.0,0.0,1.0,0.0,1,1.0,1.0,2.0,1.0,1,1.0,0.0,0.0,0.0,0.0,0,0.0,0.0,0.0,2.0,1.0,1,1.0,1.0,1,0,0.0,0.0,,1.0,0.0,0.0,1.0
1.0,0.0,0.0,0.0,2.0,0.0,0.0,0.0,0.0,0,0.0,0.0,0,1.0,0.0,0.0,0,1.0,0.0,0.0,0.0,0.0,0.0,0.0,1.0,0.0,0,0.0,0,0,0.0,0,0,1.0,1.0,1.0,0.0,1.0,1.0,1.0,1,1.0,1.0,1.0,0.0,2,0.0,0,0.0,0.0,0.0,0.0,0.0,2.0,1.0,2.0,0.0,2.0,0.0,0.0,1,1.0,1.0,1.0,1.0,1,1.0,2.0,2.0,2.0,1.0,0.0,0,0.0,0.0,2.0,0.0,0,1.0,1.0,1.0,1.0,0.0,0,0.0,2.0,2.0,0.0,1.0,0,0.0,0.0,0,0,0.0,0.0,0.0,1.0,1.0,,1.0
1.0,0.0,0.0,1.0,0.0,1.0,1.0,1.0,1.0,1,1.0,1.0,1,0.0,0.0,0.0,0,2.0,1.0,1.0,1.0,1.0,1.0,0.0,0.0,1.0,0,0.0,0,0,0.0,2,0,1.0,1.0,1.0,2.0,2.0,2.0,2.0,2,2.0,2.0,1.0,0.0,0,1.0,0,0.0,0.0,0.0,0.0,0.0,1.0,1.0,0.0,0.0,0.0,0.0,0.0,2,2.0,2.0,2.0,0.0,0,0.0,0.0,0.0,0.0,1.0,1.0,1,1.0,2.0,0.0,0.0,0,0.0,1.0,0.0,0.0,1.0,1,1.0,1.0,1.0,1.0,0.0,0,2.0,0.0,0,0,0.0,0.0,0.0,0.0,0.0,0.0,1.0
1.0,2.0,0.0,2.0,0.0,2.0,2.0,0.0,0.0,0,0.0,0.0,0,0.0,0.0,0.0,0,1.0,1.0,1.0,1.0,1.0,1.0,1.0,1.0,0.0,0,0.0,0,0,1.0,0,0,1.0,0.0,0.0,0.0,1.0,1.0,1.0,1,2.0,2.0,0.0,1.0,1,1.0,0,0.0,0.0,0.0,0.0,0.0,0.0,0.0,2.0,2.0,2.0,2.0,0.0,1,1.0,1.0,1.0,1.0,1,2.0,0.0,0.0,,1.0,0.0,1,1.0,1.0,1.0,1.0,1,0.0,2.0,0.0,0.0,0.0,0,0.0,2.0,2.0,2.0,2.0,0,0.0,0.0,0,1,1.0,1.0,0.0,1.0,0.0,0.0,0.0
1.0,1.0,1.0,0.0,0.0,1.0,0.0,1.0,1.0,1,1.0,1.0,1,0.0,0.0,1.0,0,2.0,0.0,0.0,0.0,0.0,0.0,0.0,2.0,1.0,0,0.0,0,0,0.0,0,0,0.0,0.0,0.0,0.0,1.0,0.0,0.0,0,0.0,0.0,0.0,0.0,0,0.0,1,1.0,1.0,1.0,1.0,1.0,0.0,1.0,0.0,0.0,0.0,0.0,0.0,1,1.0,1.0,1.0,1.0,1,0.0,1.0,1.0,1.0,1.0,1.0,0,0.0,0.0,0.0,1.0,1,0.0,0.0,0.0,0.0,0.0,0,0.0,0.0,0.0,1.0,1.0,0,1.0,1.0,1,0,0.0,0.0,1.0,1.0,0.0,0.0,0.0
1.0,0.0,1.0,2.0,0.0,0.0,1.0,1.0,1.0,1,1.0,,1,0.0,1.0,0.0,0,1.0,0.0,0.0,0.0,0.0,0.0,1.0,0.0,1.0,0,0.0,0,0,1.0,0,1,2.0,0.0,0.0,1.0,0.0,1.0,1.0,1,1.0,1.0,0.0,0.0,0,0.0,0,0.0,0.0,0.0,0.0,0.0,1.0,1.0,1.0,1.0,1.0,1.0,0.0,0,0.0,0.0,0.0,2.0,2,0.0,2.0,2.0,2.0,1.0,0.0,0,0.0,0.0,1.0,0.0,0,0.0,1.0,1.0,1.0,0.0,0,0.0,2.0,2.0,0.0,1.0,0,0.0,0.0,0,1,1.0,1.0,0.0,1.0,0.0,0.0,0.0
0.0,0.0,0.0,0.0,1.0,0.0,1.0,1.0,1.0,1,1.0,1.0,1,0.0,0.0,0.0,0,0.0,0.0,0.0,0.0,0.0,0.0,0.0,1.0,0.0,1,1.0,1,1,0.0,0,1,0.0,0.0,0.0,0.0,0.0,2.0,2.0,2,2.0,2.0,0.0,1.0,0,2.0,1,1.0,1.0,2.0,2.0,2.0,0.0,1.0,1.0,1.0,1.0,1.0,1.0,1,1.0,1.0,1.0,1.0,1,1.0,0.0,0.0,0.0,1.0,0.0,0,0.0,0.0,1.0,0.0,0,0.0,0.0,0.0,0.0,0.0,0,0.0,1.0,2.0,0.0,0.0,0,0.0,0.0,0,0,0.0,0.0,0.0,0.0,1.0,0.0,1.0
1.0,0.0,0.0,0.0,0.0,1.0,,1.0,,1,1.0,1.0,1,,0.0,1.0,1,1.0,1.0,1.0,1.0,1.0,1.0,0.0,0.0,0.0,0,0.0,0,0,0.0,0,0,1.0,1.0,1.0,0.0,0.0,0.0,0.0,0,0.0,0.0,0.0,1.0,0,,0,0.0,0.0,0.0,0.0,0.0,0.0,0.0,0.0,0.0,0.0,0.0,1.0,1,1.0,1.0,0.0,0.0,0,0.0,1.0,1.0,1.0,2.0,1.0,0,0.0,0.0,1.0,0.0,0,1.0,2.0,0.0,0.0,0.0,0,0.0,1.0,1.0,0.0,0.0,1,0.0,0.0,0,0,0.0,0.0,0.0,1.0,1.0,1.0,1.0
2.0,0.0,0.0,0.0,0.0,0.0,0.0,1.0,1.0,1,1.0,1.0,1,0.0,0.0,2.0,2,1.0,0.0,0.0,0.0,0.0,0.0,1.0,0.0,0.0,2,2.0,2,2,0.0,0,0,1.0,1.0,1.0,1.0,2.0,0.0,0.0,0,0.0,0.0,1.0,0.0,2,0.0,0,0.0,0.0,0.0,0.0,0.0,2.0,2.0,0.0,0.0,0.0,0.0,0.0,1,1.0,1.0,1.0,1.0,1,1.0,0.0,0.0,0.0,0.0,0.0,0,0.0,0.0,2.0,0.0,0,0.0,1.0,0.0,0.0,0.0,0,0.0,0.0,1.0,2.0,,0,0.0,0.0,0,1,1.0,1.0,1.0,0.0,0.0,0.0,1.0
0.0,1.0,1.0,0.0,1.0,0.0,0.0,0.0,0.0,0,0.0,0.0,0,0.0,0.0,0.0,0,1.0,1.0,0.0,0.0,0.0,0.0,1.0,0.0,1.0,0,0.0,0,0,1.0,0,0,2.0,0.0,0.0,1.0,1.0,1.0,1.0,1,1.0,1.0,1.0,0.0,1,0.0,0,0.0,0.0,0.0,0.0,0.0,0.0,0.0,1.0,1.0,1.0,1.0,0.0,1,1.0,1.0,1.0,1.0,1,1.0,0.0,0.0,0.0,0.0,2.0,0,0.0,0.0,1.0,0.0,0,1.0,1.0,0.0,0.0,0.0,0,0.0,1.0,2.0,1.0,0.0,0,1.0,0.0,0,1,1.0,1.0,,0.0,1.0,1.0,0.0
1.0,0.0,2.0,0.0,0.0,0.0,0.0,1.0,1.0,1,1.0,1.0,1,0.0,0.0,2.0,2,1.0,2.0,2.0,2.0,2.0,2.0,2.0,1.0,1.0,0,0.0,0,0,1.0,0,0,1.0,0.0,0.0,1.0,0.0,1.0,1.0,1,1.0,1.0,0.0,0.0,0,1.0,0,0.0,0.0,0.0,0.0,0.0,0.0,1.0,2.0,2.0,2.0,2.0,1.0,1,1.0,1.0,1.0,1.0,1,0.0,0.0,0.0,0.0,1.0,0.0,0,0.0,0.0,1.0,0.0,0,0.0,1.0,0.0,0.0,1.0,1,1.0,1.0,1.0,0.0,1.0,1,0.0,0.0,0,1,1.0,1.0,0.0,0.0,1.0,1.0,1.0
0.0,0.0,1.0,0.0,0.0,0.0,1.0,0.0,0.0,0,0.0,0.0,0,0.0,0.0,0.0,0,1.0,1.0,1.0,1.0,1.0,1.0,0.0,1.0,1.0,0,0.0,0,0,0.0,0,0,0.0,0.0,0.0,2.0,1.0,2.0,2.0,2,2.0,2.0,1.0,1.0,1,1.0,0,0.0,0.0,0.0,0.0,0.0,0.0,2.0,0.0,0.0,0.0,0.0,1.0,1,1.0,1.0,1.0,1.0,0,1.0,1.0,1.0,1.0,2.0,1.0,0,0.0,0.0,1.0,0.0,0,0.0,1.0,0.0,0.0,0.0,0,0.0,2.0,1.0,1.0,1.0,1,0.0,0.0,0,0,0.0,0.0,1.0,1.0,1.0,1.0,1.0
0.0,1.0,0.0,1.0,1.0,0.0,0.0,,2.0,2,2.0,2.0,2,0.0,0.0,0.0,0,1.0,1.0,1.0,1.0,1.0,1.0,2.0,0.0,0.0,0,0.0,0,0,1.0,0,0,1.0,0.0,0.0,0.0,1.0,2.0,2.0,2,2.0,1.0,0.0,0.0,0,1.0,0,0.0,0.0,0.0,0.0,0.0,0.0,1.0,0.0,0.0,0.0,0.0,0.0,1,1.0,1.0,1.0,1.0,1,0.0,0.0,0.0,,0.0,0.0,0,0.0,0.0,1.0,0.0,0,0.0,1.0,0.0,0.0,1.0,1,1.0,1.0,1.0,1.0,1.0,0,2.0,0.0,0,1,1.0,1.0,0.0,1.0,1.0,1.0,1.0
0.0,0.0,1.0,1.0,0.0,0.0,1.0,1.0,1.0,1,1.0,1.0,1,0.0,0.0,1.0,1,1.0,1.0,1.0,1.0,1.0,1.0,0.0,1.0,0.0,1,1.0,1,1,1.0,0,0,1.0,0.0,0.0,0.0,1.0,1.0,1.0,1,1.0,1.0,1.0,1.0,0,1.0,0,0.0,0.0,0.0,0.0,0.0,0.0,1.0,0.0,0.0,0.0,0.0,0.0,1,1.0,1.0,1.0,1.0,1,0.0,0.0,0.0,0.0,1.0,0.0,1,1.0,1.0,0.0,1.0,1,1.0,2.0,0.0,0.0,0.0,0,0.0,2.0,2.0,2.0,0.0,0,1.0,0.0,0,1,1.0,1.0,0.0,1.0,1.0,2.0,0.0
1.0,0.0,1.0,1.0,0.0,1.0,0.0,0.0,0.0,0,0.0,0.0,0,0.0,0.0,1.0,1,1.0,0.0,0.0,0.0,0.0,0.0,1.0,0.0,1.0,1,1.0,1,1,0.0,0,0,1.0,0.0,0.0,0.0,1.0,2.0,2.0,2,2.0,2.0,1.0,0.0,0,1.0,0,0.0,0.0,0.0,0.0,0.0,2.0,1.0,0.0,0.0,0.0,0.0,0.0,1,1.0,1.0,1.0,2.0,2,1.0,2.0,2.0,2.0,2.0,0.0,0,0.0,0.0,0.0,1.0,1,1.0,2.0,0.0,0.0,0.0,0,0.0,2.0,0.0,1.0,1.0,0,1.0,0.0,0,0,0.0,0.0,0.0,0.0,0.0,1.0,0.0
1.0,0.0,0.0,0.0,1.0,1.0,0.0,0.0,0.0,0,0.0,0.0,0,0.0,0.0,0.0,0,1.0,0.0,0.0,0.0,0.0,0.0,0.0,0.0,0.0,0,0.0,0,0,1.0,0,0,0.0,0.0,0.0,2.0,1.0,0.0,0.0,0,0.0,0.0,1.0,0.0,1,1.0,0,0.0,0.0,0.0,0.0,0.0,0.0,0.0,1.0,1.0,1.0,1.0,1.0,1,1.0,1.0,1.0,1.0,1,1.0,0.0,0.0,0.0,1.0,1.0,1,1.0,1.0,0.0,0.0,0,1.0,2.0,0.0,0.0,1.0,1,1.0,2.0,1.0,1.0,0.0,0,1.0,0.0,0,1,1.0,1.0,0.0,0.0,0.0,0.0,0.0
1.0,0.0,0.0,0.0,0.0,0.0,0.0,1.0,1.0,1,1.0,1.0,1,0.0,0.0,0.0,0,1.0,0.0,0.0,0.0,0.0,0.0,0.0,0.0,0.0,0,0.0,0,0,0.0,0,0,0.0,0.0,0.0,0.0,1.0,2.0,2.0,2,2.0,2.0,1.0,0.0,0,2.0,1,1.0,1.0,1.0,1.0,1.0,0.0,0.0,0.0,0.0,0.0,0.0,0.0,1,1.0,1.0,1.0,1.0,1,1.0,1.0,1.0,1.0,0.0,1.0,0,0.0,0.0,0.0,0.0,0,0.0,0.0,0.0,0.0,0.0,0,0.0,1.0,1.0,1.0,0.0,0,0.0,0.0,0,2,2.0,2.0,1.0,1.0,1.0,1.0,0.0
1.0,0.0,0.0,0.0,0.0,2.0,1.0,0.0,0.0,0,0.0,0.0,0,1.0,0.0,1.0,1,0.0,0.0,0.0,0.0,0.0,0.0,1.0,0.0,1.0,0,0.0,0,0,0.0,1,0,1.0,0.0,0.0,1.0,1.0,1.0,1.0,1,1.0,1.0,0.0,0.0,0,0.0,0,0.0,0.0,0.0,0.0,0.0,0.0,0.0,0.0,0.0,0.0,0.0,0.0,0,0.0,0.0,0.0,0.0,0,0.0,2.0,2.0,2.0,2.0,0.0,0,0.0,1.0,0.0,1.0,1,0.0,0.0,0.0,0.0,0.0,0,0.0,1.0,1.0,1.0,0.0,0,0.0,0.0,0,1,1.0,1.0,0.0,1.0,,0.0,0.0
1.0,0.0,1.0,0.0,0.0,0.0,0.0,2.0,2.0,2,2.0,2.0,2,1.0,0.0,0.0,0,1.0,2.0,2.0,2.0,2.0,2.0,1.0,0.0,1.0,1,1.0,1,1,0.0,0,0,1.0,0.0,0.0,0.0,2.0,0.0,0.0,0,0.0,0.0,0.0,0.0,1,1.0,0,0.0,0.0,0.0,0.0,0.0,1.0,0.0,1.0,1.0,1.0,1.0,0.0,0,0.0,0.0,0.0,1.0,1,0.0,1.0,1.0,1.0,1.0,0.0,0,0.0,0.0,1.0,1.0,1,0.0,0.0,0.0,0.0,1.0,1,1.0,0.0,0.0,1.0,0.0,0,0.0,0.0,0,0,0.0,0.0,1.0,0.0,0.0,0.0,1.0
0.0,0.0,0.0,2.0,0.0,0.0,0.0,1.0,1.0,1,1.0,1.0,1,1.0,0.0,0.0,0,0.0,1.0,1.0,0.0,0.0,0.0,1.0,1.0,1.0,0,0.0,0,0,0.0,1,0,2.0,0.0,0.0,2.0,1.0,1.0,1.0,1,1.0,1.0,0.0,0.0,1,1.0,1,1.0,1.0,1.0,1.0,1.0,1.0,1.0,1.0,1.0,1.0,1.0,1.0,0,0.0,0.0,0.0,1.0,1,0.0,1.0,1.0,1.0,1.0,0.0,0,0.0,0.0,1.0,0.0,0,0.0,0.0,1.0,1.0,0.0,0,0.0,0.0,0.0,0.0,0.0,0,1.0,0.0,0,1,1.0,1.0,1.0,0.0,0.0,0.0,0.0
1.0,0.0,0.0,0.0,1.0,0.0,1.0,1.0,1.0,1,1.0,1.0,1,0.0,0.0,1.0,1,0.0,1.0,1.0,1.0,1.0,1.0,0.0,1.0,1.0,1,1.0,1,1,2.0,0,1,2.0,0.0,0.0,1.0,2.0,1.0,1.0,1,1.0,1.0,0.0,1.0,2,0.0,0,0.0,0.0,0.0,0.0,0.0,0.0,0.0,1.0,1.0,1.0,1.0,0.0,1,1.0,1.0,1.0,1.0,1,2.0,2.0,2.0,2.0,1.0,1.0,0,0.0,0.0,1.0,0.0,0,1.0,1.0,0.0,0.0,0.0,0,0.0,2.0,2.0,,1.0,0,0.0,0.0,0,1,1.0,1.0,1.0,1.0,2.0,2.0,1.0
1.0,0.0,0.0,1.0,0.0,1.0,1.0,0.0,0.0,0,0.0,0.0,0,1.0,0.0,2.0,2,2.0,0.0,0.0,0.0,0.0,0.0,1.0,0.0,0.0,1,1.0,1,1,1.0,0,0,0.0,1.0,1.0,0.0,1.0,2.0,2.0,2,2.0,2.0,0.0,1.0,1,1.0,0,1.0,1.0,1.0,1.0,1.0,0.0,1.0,0.0,0.0,0.0,0.0,0.0,0,0.0,0.0,0.0,1.0,1,0.0,2.0,2.0,2.0,0.0,0.0,0,0.0,0.0,0.0,0.0,0,0.0,0.0,0.0,0.0,0.0,0,0.0,1.0,1.0,0.0,1.0,0,0.0,0.0,0,1,1.0,1.0,1.0,2.0,1.0,1.0,1.0
2.0,0.0,1.0,0.0,2.0,0.0,2.0,2.0,2.0,2,2.0,2.0,2,,0.0,0.0,0,2.0,1.0,1.0,1.0,1.0,1.0,1.0,1.0,1.0,1,1.0,1,1,0.0,0,0,0.0,0.0,0.0,1.0,1.0,1.0,1.0,1,1.0,1.0,0.0,0.0,1,0.0,0,0.0,0.0,0.0,0.0,0.0,0.0,2.0,0.0,0.0,0.0,0.0,0.0,0,0.0,0.0,0.0,0.0,0,1.0,0.0,0.0,0.0,2.0,0.0,0,0.0,0.0,1.0,0.0,0,0.0,1.0,0.0,0.0,0.0,0,0.0,1.0,1.0,0.0,0.0,0,1.0,0.0,0,1,1.0,1.0,0.0,0.0,2.0,2.0,0.0
0.0,0.0,0.0,2.0,0.0,2.0,2.0,1.0,1.0,1,1.0,1.0,1,0.0,1.0,0.0,0,1.0,1.0,1.0,1.0,1.0,1.0,1.0,0.0,0.0,0,0.0,0,0,1.0,0,0,1.0,0.0,0.0,2.0,1.0,1.0,1.0,1,1.0,1.0,1.0,1.0,0,1.0,0,0.0,0.0,0.0,0.0,0.0,2.0,1.0,1.0,1.0,1.0,1.0,1.0,1,1.0,1.0,1.0,1.0,1,0.0,0.0,0.0,0.0,1.0,0.0,0,0.0,1.0,1.0,1.0,0,0.0,0.0,0.0,0.0,0.0,0,0.0,0.0,0.0,2.0,1.0,0,0.0,0.0,0,1,1.0,1.0,0.0,0.0,0.0,0.0,0.0
0.0,0.0,0.0,0.0,1.0,1.0,0.0,2.0,2.0,2,2.0,2.0,2,0.0,0.0,1.0,1,1.0,1.0,0.0,0.0,0.0,0.0,1.0,0.0,1.0,0,0.0,0,0,2.0,0,0,2.0,0.0,0.0,1.0,0.0,1.0,1.0,1,1.0,1.0,1.0,1.0,1,0.0,0,0.0,0.0,0.0,0.0,0.0,0.0,1.0,0.0,0.0,1.0,,1.0,2,2.0,2.0,1.0,1.0,1,0.0,2.0,2.0,2.0,1.0,0.0,1,1.0,1.0,1.0,0.0,0,0.0,0.0,0.0,0.0,1.0,1,1.0,2.0,2.0,1.0,1.0,0,1.0,0.0,0,1,1.0,1.0,0.0,1.0,0.0,0.0,1.0
1.0,0.0,1.0,0.0,1.0,1.0,0.0,0.0,0.0,0,0.0,0.0,0,0.0,0.0,0.0,0,1.0,1.0,1.0,1.0,1.0,1.0,1.0,1.0,1.0,0,1.0,1,0,1.0,0,0,1.0,0.0,0.0,1.0,1.0,0.0,0.0,0,0.0,0.0,2.0,1.0,1,1.0,0,0.0,0.0,0.0,0.0,0.0,1.0,1.0,1.0,1.0,1.0,0.0,1.0,2,2.0,2.0,2.0,1.0,1,0.0,1.0,1.0,1.0,0.0,0.0,0,0.0,0.0,0.0,1.0,1,0.0,0.0,0.0,0.0,0.0,0,0.0,1.0,1.0,1.0,1.0,0,2.0,0.0,0,0,0.0,0.0,0.0,1.0,0.0,0.0,0.0
1.0,1.0,0.0,1.0,1.0,1.0,0.0,1.0,1.0,1,1.0,1.0,1,1.0,0.0,1.0,1,1.0,1.0,1.0,1.0,1.0,1.0,0.0,0.0,0.0,0,0.0,0,0,0.0,2,0,1.0,1.0,1.0,1.0,0.0,0.0,0.0,0,0.0,0.0,0.0,0.0,0,2.0,0,0.0,0.0,0.0,0.0,0.0,0.0,0.0,1.0,1.0,1.0,1.0,0.0,1,1.0,1.0,1.0,1.0,1,0.0,0.0,0.0,0.0,1.0,1.0,0,0.0,0.0,0.0,1.0,1,0.0,0.0,0.0,0.0,0.0,0,0.0,1.0,1.0,0.0,0.0,1,1.0,0.0,0,0,0.0,0.0,0.0,0.0,1.0,1.0,1.0
1.0,0.0,1.0,1.0,1.0,0.0,0.0,1.0,1.0,1,1.0,1.0,1,1.0,0.0,0.0,0,1.0,0.0,0.0,0.0,0.0,0.0,2.0,0.0,1.0,1,2.0,2,1,0.0,1,0,0.0,2.0,2.0,2.0,1.0,2.0,2.0,2,2.0,2.0,0.0,0.0,0,1.0,0,0.0,0.0,0.0,0.0,0.0,0.0,1.0,0.0,0.0,0.0,0.0,1.0,0,0.0,0.0,0.0,1.0,1,1.0,0.0,0.0,0.0,0.0,0.0,0,0.0,0.0,0.0,0.0,0,1.0,0.0,0.0,0.0,0.0,0,0.0,0.0,0.0,1.0,0.0,1,1.0,1.0,1,1,1.0,1.0,0.0,2.0,1.0,1.0,1.0
2.0,1.0,0.0,0.0,0.0,1.0,2.0,0.0,0.0,0,0.0,0.0,0,0.0,0.0,0.0,0,0.0,1.0,1.0,1.0,1.0,1.0,1.0,0.0,0.0,0,0.0,0,0,0.0,0,0,1.0,1.0,1.0,1.0,2.0,0.0,0.0,0,0.0,0.0,0.0,0.0,1,1.0,0,0.0,0.0,0.0,0.0,0.0,1.0,0.0,1.0,1.0,1.0,1.0,0.0,0,0.0,0.0,0.0,0.0,0,0.0,1.0,1.0,1.0,1.0,,0,0.0,0.0,1.0,0.0,0,0.0,0.0,0.0,0.0,0.0,0,0.0,0.0,0.0,0.0,0.0,1,1.0,0.0,0,0,0.0,0.0,0.0,1.0,0.0,0.0,0.0
1.0,0.0,1.0,0.0,0.0,1.0,0.0,0.0,0.0,0,0.0,0.0,0,1.0,0.0,0.0,0,1.0,0.0,0.0,0.0,0.0,0.0,2.0,1.0,1.0,1,1.0,1,1,0.0,0,0,0.0,1.0,1.0,1.0,0.0,1.0,1.0,1,1.0,1.0,2.0,0.0,0,2.0,1,1.0,1.0,1.0,1.0,1.0,1.0,1.0,1.0,0.0,1.0,0.0,0.0,0,0.0,0.0,0.0,2.0,2,1.0,0.0,0.0,0.0,1.0,0.0,0,0.0,0.0,2.0,0.0,0,0.0,1.0,1.0,1.0,0.0,0,0.0,1.0,1.0,0.0,0.0,1,0.0,0.0,0,0,0.0,0.0,0.0,0.0,0.0,0.0,0.0
2.0,0.0,1.0,2.0,1.0,0.0,0.0,1.0,1.0,1,1.0,1.0,1,0.0,0.0,1.0,1,1.0,1.0,1.0,1.0,1.0,1.0,1.0,0.0,0.0,0,0.0,0,0,1.0,0,0,0.0,0.0,0.0,1.0,0.0,0.0,0.0,0,0.0,0.0,0.0,0.0,0,0.0,0,0.0,0.0,0.0,0.0,0.0,1.0,0.0,0.0,0.0,0.0,0.0,1.0,0,0.0,0.0,0.0,0.0,0,0.0,1.0,1.0,1.0,0.0,1.0,0,0.0,0.0,0.0,0.0,0,0.0,1.0,0.0,0.0,0.0,0,0.0,1.0,1.0,1.0,1.0,0,0.0,1.0,1,1,1.0,1.0,0.0,2.0,0.0,0.0,1.0
1.0,0.0,1.0,1.0,1.0,0.0,0.0,1.0,1.0,1,1.0,1.0,1,0.0,0.0,0.0,0,2.0,1.0,1.0,1.0,1.0,1.0,1.0,1.0,1.0,2,2.0,2,2,1.0,0,0,1.0,0.0,0.0,2.0,0.0,2.0,2.0,2,2.0,2.0,1.0,1.0,0,,0,0.0,0.0,0.0,0.0,0.0,0.0,0.0,0.0,0.0,0.0,0.0,2.0,2,2.0,2.0,2.0,1.0,1,0.0,1.0,1.0,1.0,0.0,1.0,1,1.0,1.0,1.0,0.0,0,1.0,0.0,0.0,0.0,0.0,0,0.0,2.0,2.0,0.0,0.0,1,0.0,0.0,0,0,0.0,0.0,0.0,0.0,,2.0,0.0
1.0,0.0,2.0,1.0,1.0,0.0,1.0,0.0,0.0,0,0.0,0.0,0,0.0,0.0,2.0,2,1.0,1.0,1.0,1.0,1.0,1.0,0.0,0.0,0.0,1,1.0,1,1,1.0,0,0,0.0,0.0,0.0,1.0,2.0,1.0,1.0,1,1.0,1.0,0.0,0.0,2,0.0,0,0.0,0.0,0.0,0.0,0.0,0.0,0.0,1.0,0.0,1.0,0.0,0.0,0,0.0,0.0,0.0,0.0,0,0.0,2.0,2.0,2.0,1.0,0.0,0,0.0,0.0,0.0,0.0,0,0.0,0.0,0.0,0.0,1.0,1,1.0,2.0,2.0,0.0,1.0,0,0.0,0.0,0,0,0.0,0.0,0.0,1.0,0.0,0.0,0.0
1.0,0.0,0.0,0.0,0.0,0.0,1.0,0.0,0.0,0,0.0,0.0,0,0.0,0.0,0.0,0,0.0,1.0,1.0,1.0,1.0,1.0,1.0,0.0,0.0,0,0.0,0,0,0.0,1,0,1.0,0.0,0.0,0.0,1.0,1.0,1.0,1,1.0,1.0,1.0,2.0,1,1.0,1,1.0,1.0,1.0,1.0,1.0,1.0,2.0,1.0,0.0,1.0,0.0,1.0,0,0.0,0.0,0.0,1.0,1,1.0,1.0,1.0,1.0,1.0,0.0,0,0.0,0.0,0.0,0.0,0,0.0,1.0,0.0,0.0,1.0,1,1.0,0.0,0.0,1.0,0.0,0,1.0,0.0,0,1,1.0,1.0,0.0,2.0,0.0,0.0,1.0
1.0,0.0,0.0,1.0,0.0,0.0,0.0,1.0,1.0,1,1.0,1.0,1,0.0,0.0,0.0,0,1.0,0.0,1.0,1.0,1.0,1.0,1.0,1.0,0.0,1,1.0,1,1,0.0,1,0,2.0,0.0,0.0,0.0,2.0,0.0,0.0,0,0.0,0.0,0.0,0.0,0,1.0,0,0.0,0.0,0.0,0.0,0.0,0.0,0.0,1.0,0.0,1.0,0.0,0.0,2,2.0,2.0,2.0,1.0,1,2.0,1.0,1.0,1.0,1.0,0.0,0,0.0,0.0,0.0,0.0,0,0.0,0.0,0.0,0.0,0.0,0,0.0,0.0,0.0,0.0,2.0,0,2.0,0.0,0,0,0.0,0.0,0.0,0.0,1.0,1.0,1.0
0.0,1.0,0.0,2.0,0.0,0.0,0.0,0.0,0.0,0,0.0,0.0,0,0.0,0.0,1.0,1,1.0,0.0,0.0,0.0,0.0,0.0,1.0,1.0,2.0,0,0.0,0,0,1.0,1,0,1.0,0.0,0.0,0.0,2.0,1.0,1.0,1,1.0,1.0,0.0,0.0,0,2.0,0,0.0,0.0,0.0,0.0,0.0,1.0,0.0,0.0,0.0,0.0,0.0,1.0,1,1.0,1.0,1.0,1.0,1,1.0,,1.0,1.0,1.0,0.0,0,0.0,1.0,1.0,1.0,1,0.0,1.0,0.0,0.0,0.0,0,0.0,1.0,1.0,1.0,0.0,0,1.0,0.0,0,0,0.0,0.0,0.0,1.0,2.0,2.0,1.0
0.0,1.0,1.0,1.0,0.0,1.0,2.0,0.0,0.0,0,0.0,,0,0.0,0.0,2.0,2,1.0,0.0,0.0,0.0,0.0,0.0,1.0,1.0,0.0,0,0.0,0,0,0.0,0,0,1.0,0.0,0.0,0.0,2.0,2.0,2.0,2,,2.0,0.0,1.0,1,0.0,0,0.0,0.0,0.0,0.0,0.0,0.0,1.0,1.0,1.0,1.0,1.0,2.0,2,2.0,2.0,2.0,0.0,0,0.0,0.0,0.0,0.0,0.0,1.0,0,0.0,0.0,1.0,0.0,0,0.0,1.0,0.0,0.0,0.0,0,0.0,1.0,1.0,0.0,1.0,0,0.0,0.0,0,0,0.0,0.0,0.0,0.0,0.0,0.0,1.0
2.0,0.0,1.0,1.0,0.0,0.0,0.0,0.0,0.0,0,0.0,0.0,0,0.0,0.0,0.0,0,2.0,1.0,1.0,1.0,1.0,1.0,0.0,0.0,0.0,0,0.0,0,0,1.0,0,0,2.0,0.0,0.0,1.0,2.0,1.0,1.0,1,1.0,1.0,0.0,1.0,0,2.0,0,0.0,0.0,0.0,0.0,0.0,2.0,1.0,0.0,0.0,0.0,0.0,1.0,1,1.0,1.0,1.0,1.0,1,0.0,1.0,1.0,1.0,1.0,0.0,0,0.0,1.0,1.0,0.0,0,1.0,1.0,0.0,0.0,0.0,0,0.0,1.0,1.0,1.0,1.0,0,1.0,0.0,0,1,1.0,1.0,0.0,0.0,1.0,1.0,0.0
1.0,0.0,1.0,0.0,1.0,0.0,0.0,1.0,1.0,1,1.0,1.0,1,0.0,0.0,0.0,0,1.0,0.0,0.0,0.0,0.0,0.0,0.0,0.0,0.0,0,0.0,0,0,0.0,0,2,2.0,0.0,0.0,1.0,1.0,2.0,2.0,2,2.0,2.0,0.0,2.0,2,0.0,1,1.0,1.0,1.0,1.0,1.0,1.0,0.0,0.0,0.0,0.0,0.0,1.0,2,2.0,2.0,2.0,0.0,0,1.0,1.0,1.0,1.0,1.0,1.0,0,0.0,1.0,0.0,0.0,0,1.0,1.0,0.0,0.0,0.0,0,0.0,1.0,1.0,1.0,1.0,1,0.0,0.0,0,1,1.0,1.0,0.0,0.0,0.0,0.0,1.0
1.0,0.0,0.0,1.0,0.0,2.0,0.0,1.0,1.0,1,1.0,1.0,1,1.0,0.0,2.0,2,1.0,2.0,2.0,2.0,2.0,2.0,0.0,1.0,1.0,0,0.0,0,0,0.0,0,0,2.0,1.0,1.0,1.0,0.0,1.0,1.0,1,1.0,1.0,1.0,0.0,0,2.0,1,1.0,1.0,1.0,1.0,1.0,0.0,0.0,0.0,0.0,0.0,0.0,0.0,0,0.0,0.0,0.0,1.0,1,1.0,0.0,0.0,0.0,1.0,1.0,0,0.0,0.0,0.0,1.0,0,0.0,1.0,0.0,0.0,1.0,1,1.0,2.0,2.0,1.0,1.0,0,0.0,0.0,0,0,0.0,0.0,1.0,0.0,1.0,1.0,1.0
0.0,0.0,1.0,1.0,0.0,1.0,0.0,0.0,0.0,0,0.0,,0,,1.0,1.0,1,1.0,0.0,0.0,0.0,0.0,0.0,0.0,1.0,1.0,1,1.0,1,1,0.0,0,0,1.0,0.0,0.0,1.0,0.0,2.0,2.0,2,2.0,2.0,1.0,0.0,0,2.0,0,0.0,0.0,0.0,0.0,0.0,0.0,1.0,1.0,1.0,1.0,1.0,1.0,2,2.0,2.0,2.0,0.0,0,1.0,0.0,0.0,0.0,1.0,0.0,0,0.0,0.0,1.0,1.0,0,1.0,1.0,1.0,1.0,0.0,0,0.0,1.0,1.0,0.0,2.0,0,1.0,0.0,0,0,0.0,0.0,1.0,0.0,1.0,1.0,1.0
1.0,0.0,0.0,0.0,0.0,0.0,0.0,0.0,0.0,0,0.0,0.0,0,0.0,0.0,0.0,0,1.0,1.0,1.0,1.0,1.0,1.0,0.0,0.0,0.0,0,0.0,0,0,0.0,1,1,1.0,0.0,0.0,0.0,1.0,0.0,0.0,0,0.0,0.0,0.0,0.0,2,0.0,1,1.0,1.0,1.0,1.0,1.0,0.0,1.0,1.0,1.0,1.0,1.0,2.0,0,0.0,,0.0,0.0,0,0.0,0.0,0.0,0.0,1.0,1.0,0,0.0,0.0,2.0,0.0,0,1.0,1.0,0.0,0.0,1.0,1,1.0,2.0,2.0,0.0,0.0,0,1.0,0.0,0,0,0.0,0.0,1.0,1.0,,1.0,1.0
1.0,0.0,0.0,0.0,0.0,1.0,1.0,0.0,0.0,0,0.0,0.0,0,0.0,0.0,0.0,0,1.0,0.0,0.0,0.0,0.0,0.0,2.0,0.0,1.0,1,1.0,1,1,1.0,0,0,1.0,0.0,0.0,1.0,1.0,2.0,2.0,2,2.0,2.0,2.0,1.0,1,1.0,0,0.0,,0.0,0.0,0.0,1.0,1.0,1.0,0.0,1.0,0.0,1.0,0,0.0,,0.0,2.0,2,0.0,0.0,0.0,0.0,0.0,0.0,0,0.0,1.0,0.0,0.0,0,1.0,0.0,0.0,0.0,1.0,1,1.0,0.0,0.0,0.0,0.0,0,0.0,1.0,1,0,0.0,0.0,0.0,0.0,0.0,0.0,0.0
2.0,0.0,0.0,1.0,1.0,0.0,1.0,1.0,1.0,1,1.0,1.0,1,0.0,0.0,0.0,0,0.0,0.0,0.0,0.0,0.0,0.0,1.0,1.0,1.0,0,0.0,0,0,1.0,0,1,1.0,1.0,1.0,1.0,2.0,1.0,1.0,1,1.0,1.0,1.0,0.0,0,1.0,0,0.0,0.0,0.0,0.0,0.0,2.0,1.0,0.0,0.0,0.0,0.0,0.0,1,1.0,1.0,1.0,1.0,1,0.0,1.0,1.0,1.0,1.0,0.0,0,0.0,0.0,0.0,0.0,0,0.0,1.0,0.0,0.0,0.0,0,0.0,2.0,2.0,2.0,1.0,0,0.0,0.0,0,0,0.0,0.0,0.0,0.0,0.0,1.0,1.0
0.0,0.0,1.0,0.0,0.0,1.0,0.0,0.0,0.0,0,0.0,0.0,0,0.0,1.0,1.0,1,2.0,1.0,1.0,1.0,1.0,1.0,1.0,0.0,1.0,0,0.0,0,0,0.0,0,0,1.0,0.0,0.0,1.0,2.0,2.0,2.0,2,2.0,2.0,0.0,1.0,0,0.0,0,0.0,0.0,0.0,0.0,0.0,1.0,0.0,0.0,0.0,0.0,0.0,0.0,2,2.0,2.0,2.0,1.0,1,1.0,2.0,2.0,2.0,1.0,1.0,0,0.0,0.0,1.0,0.0,0,0.0,0.0,0.0,0.0,0.0,0,0.0,1.0,1.0,,0.0,0,0.0,0.0,0,0,0.0,0.0,0.0,0.0,1.0,1.0,1.0
1.0,0.0,1.0,1.0,1.0,1.0,1.0,0.0,0.0,0,0.0,0.0,0,0.0,0.0,0.0,0,1.0,0.0,0.0,0.0,0.0,0.0,1.0,1.0,1.0,0,0.0,0,0,1.0,0,0,0.0,0.0,0.0,1.0,2.0,0.0,0.0,0,0.0,0.0,1.0,0.0,1,0.0,0,0.0,0.0,0.0,0.0,0.0,0.0,0.0,2.0,1.0,2.0,1.0,1.0,0,0.0,0.0,0.0,2.0,2,0.0,2.0,,2.0,1.0,0.0,0,0.0,0.0,1.0,0.0,0,1.0,0.0,0.0,0.0,1.0,1,1.0,0.0,0.0,0.0,0.0,0,0.0,0.0,0,1,1.0,1.0,1.0,1.0,0.0,0.0,1.0
1.0,0.0,,0.0,1.0,0.0,0.0,0.0,0.0,0,0.0,0.0,0,0.0,0.0,0.0,0,0.0,0.0,0.0,0.0,0.0,0.0,1.0,0.0,0.0,1,1.0,1,1,0.0,0,0,1.0,0.0,0.0,0.0,1.0,0.0,0.0,0,0.0,0.0,1.0,0.0,1,0.0,0,0.0,0.0,0.0,0.0,0.0,0.0,1.0,0.0,0.0,0.0,0.0,0.0,0,0.0,0.0,0.0,2.0,2,1.0,1.0,1.0,1.0,0.0,0.0,0,0.0,1.0,1.0,0.0,0,0.0,2.0,0.0,0.0,0.0,0,0.0,1.0,1.0,1.0,0.0,0,0.0,0.0,0,0,0.0,0.0,0.0,1.0,1.0,1.0,1.0
2.0,0.0,0.0,1.0,1.0,0.0,1.0,0.0,0.0,0,0.0,0.0,0,0.0,0.0,0.0,0,1.0,1.0,1.0,1.0,1.0,1.0,1.0,0.0,1.0,0,0.0,0,0,1.0,0,0,1.0,1.0,1.0,1.0,2.0,0.0,0.0,0,0.0,0.0,1.0,0.0,0,2.0,0,0.0,0.0,0.0,0.0,0.0,2.0,0.0,1.0,1.0,1.0,1.0,1.0,1,1.0,1.0,1.0,1.0,1,0.0,0.0,0.0,,1.0,0.0,0,0.0,0.0,2.0,1.0,1,0.0,1.0,0.0,0.0,0.0,0,0.0,2.0,2.0,0.0,1.0,1,1.0,0.0,0,1,1.0,1.0,1.0,0.0,0.0,0.0,0.0
0.0,0.0,,1.0,1.0,0.0,2.0,0.0,0.0,0,0.0,0.0,0,1.0,0.0,0.0,0,0.0,0.0,0.0,0.0,0.0,0.0,2.0,0.0,2.0,1,1.0,1,1,0.0,0,0,1.0,0.0,0.0,1.0,1.0,0.0,0.0,0,0.0,0.0,0.0,0.0,0,2.0,0,0.0,,0.0,0.0,0.0,1.0,0.0,1.0,1.0,1.0,1.0,0.0,2,2.0,2.0,2.0,1.0,0,1.0,2.0,2.0,2.0,1.0,2.0,0,0.0,0.0,1.0,0.0,0,0.0,0.0,1.0,1.0,0.0,0,0.0,1.0,1.0,1.0,1.0,0,0.0,0.0,0,1,1.0,1.0,1.0,2.0,0.0,1.0,0.0
